"Date","year","month","Local.Site.Name","County","meanlatitude","meanlongitude","PM2.5","Ozone"
2024-01-01,2024,1,"Bryson City","Swain",35.434767,-83.442133,43,NA
2024-01-01,2024,1,"Castle Hayne","New Hanover",34.364167,-77.838611,44.5,NA
2024-01-01,2024,1,"Clemmons Middle","Forsyth",36.026612,-80.341962,47.5,NA
2024-01-01,2024,1,"Durham Armory","Durham",36.0329550008979,-78.904037,61,NA
2024-01-01,2024,1,"Frying Pan Mountain","Haywood",35.379167,-82.7925,14,NA
2024-01-01,2024,1,"Garinger High School","Mecklenburg",35.2401000008895,-80.785683,42,28
2024-01-01,2024,1,"Hattie Avenue","Forsyth",36.11094,-80.224501,48,NA
2024-01-01,2024,1,"Leggett","Edgecombe",35.988278,-77.5843,38,NA
2024-01-01,2024,1,"Linville Falls","Avery",35.972347,-81.933072,14,NA
2024-01-01,2024,1,"Mendenhall School","Guilford",36.1090060008986,-79.802314,53,NA
2024-01-01,2024,1,"Millbrook School","Wake",35.856111,-78.574167,61.5,25
2024-01-01,2024,1,"Pitt Agri. Center","Pitt",35.6412760008938,-77.360126,46,NA
2024-01-01,2024,1,"West Johnston Co.","Johnston",35.59095,-78.4622,46,NA
2024-01-02,2024,1,"Bryson City","Swain",35.434767,-83.442133,21,NA
2024-01-02,2024,1,"Castle Hayne","New Hanover",34.364167,-77.838611,20.5,NA
2024-01-02,2024,1,"Clemmons Middle","Forsyth",36.026612,-80.341962,37,NA
2024-01-02,2024,1,"Durham Armory","Durham",36.0329550008979,-78.904037,49,NA
2024-01-02,2024,1,"Garinger High School","Mecklenburg",35.2401000008895,-80.785683,32,23
2024-01-02,2024,1,"Hattie Avenue","Forsyth",36.11094,-80.224501,33,NA
2024-01-02,2024,1,"Leggett","Edgecombe",35.988278,-77.5843,18,NA
2024-01-02,2024,1,"Mendenhall School","Guilford",36.1090060008986,-79.802314,33,NA
2024-01-02,2024,1,"Millbrook School","Wake",35.856111,-78.574167,32,23
2024-01-02,2024,1,"Pitt Agri. Center","Pitt",35.6412760008938,-77.360126,12,NA
2024-01-02,2024,1,"West Johnston Co.","Johnston",35.59095,-78.4622,19,NA
2024-01-03,2024,1,"Bryson City","Swain",35.434767,-83.442133,34,NA
2024-01-03,2024,1,"Castle Hayne","New Hanover",34.364167,-77.838611,42,NA
2024-01-03,2024,1,"Clemmons Middle","Forsyth",36.026612,-80.341962,58,NA
2024-01-03,2024,1,"Durham Armory","Durham",36.0329550008979,-78.904037,59,NA
2024-01-03,2024,1,"Garinger High School","Mecklenburg",35.2401000008895,-80.785683,52,21
2024-01-03,2024,1,"Hattie Avenue","Forsyth",36.11094,-80.224501,56,NA
2024-01-03,2024,1,"Leggett","Edgecombe",35.988278,-77.5843,41,NA
2024-01-03,2024,1,"Mendenhall School","Guilford",36.1090060008986,-79.802314,55,NA
2024-01-03,2024,1,"Millbrook School","Wake",35.856111,-78.574167,54,21
2024-01-03,2024,1,"Pitt Agri. Center","Pitt",35.6412760008938,-77.360126,52,NA
2024-01-03,2024,1,"West Johnston Co.","Johnston",35.59095,-78.4622,54,NA
2024-01-04,2024,1,"Bryson City","Swain",35.434767,-83.442133,31,NA
2024-01-04,2024,1,"Castle Hayne","New Hanover",34.364167,-77.838611,50.5,NA
2024-01-04,2024,1,"Clemmons Middle","Forsyth",36.026612,-80.341962,32,NA
2024-01-04,2024,1,"Durham Armory","Durham",36.0329550008979,-78.904037,55,NA
2024-01-04,2024,1,"Frying Pan Mountain","Haywood",35.379167,-82.7925,16,NA
2024-01-04,2024,1,"Garinger High School","Mecklenburg",35.2401000008895,-80.785683,33,29
2024-01-04,2024,1,"Hattie Avenue","Forsyth",36.11094,-80.224501,28,NA
2024-01-04,2024,1,"Leggett","Edgecombe",35.988278,-77.5843,38,NA
2024-01-04,2024,1,"Linville Falls","Avery",35.972347,-81.933072,13,NA
2024-01-04,2024,1,"Mendenhall School","Guilford",36.1090060008986,-79.802314,31,NA
2024-01-04,2024,1,"Millbrook School","Wake",35.856111,-78.574167,36.5,28
2024-01-04,2024,1,"Pitt Agri. Center","Pitt",35.6412760008938,-77.360126,39,NA
2024-01-04,2024,1,"West Johnston Co.","Johnston",35.59095,-78.4622,40,NA
2024-01-05,2024,1,"Bryson City","Swain",35.434767,-83.442133,45,NA
2024-01-05,2024,1,"Castle Hayne","New Hanover",34.364167,-77.838611,34.5,NA
2024-01-05,2024,1,"Clemmons Middle","Forsyth",36.026612,-80.341962,54,NA
2024-01-05,2024,1,"Durham Armory","Durham",36.0329550008979,-78.904037,58,NA
2024-01-05,2024,1,"Garinger High School","Mecklenburg",35.2401000008895,-80.785683,35,25
2024-01-05,2024,1,"Hattie Avenue","Forsyth",36.11094,-80.224501,46,NA
2024-01-05,2024,1,"Leggett","Edgecombe",35.988278,-77.5843,21,NA
2024-01-05,2024,1,"Mendenhall School","Guilford",36.1090060008986,-79.802314,51,NA
2024-01-05,2024,1,"Millbrook School","Wake",35.856111,-78.574167,34,30
2024-01-05,2024,1,"Pitt Agri. Center","Pitt",35.6412760008938,-77.360126,25,NA
2024-01-05,2024,1,"West Johnston Co.","Johnston",35.59095,-78.4622,24,NA
2024-01-06,2024,1,"Bryson City","Swain",35.434767,-83.442133,16,NA
2024-01-06,2024,1,"Castle Hayne","New Hanover",34.364167,-77.838611,29,NA
2024-01-06,2024,1,"Clemmons Middle","Forsyth",36.026612,-80.341962,48,NA
2024-01-06,2024,1,"Durham Armory","Durham",36.0329550008979,-78.904037,54,NA
2024-01-06,2024,1,"Garinger High School","Mecklenburg",35.2401000008895,-80.785683,23,21
2024-01-06,2024,1,"Hattie Avenue","Forsyth",36.11094,-80.224501,51,NA
2024-01-06,2024,1,"Leggett","Edgecombe",35.988278,-77.5843,25,NA
2024-01-06,2024,1,"Mendenhall School","Guilford",36.1090060008986,-79.802314,48,NA
2024-01-06,2024,1,"Millbrook School","Wake",35.856111,-78.574167,34,24
2024-01-06,2024,1,"Pitt Agri. Center","Pitt",35.6412760008938,-77.360126,18,NA
2024-01-06,2024,1,"West Johnston Co.","Johnston",35.59095,-78.4622,20,NA
2024-01-07,2024,1,"Bryson City","Swain",35.434767,-83.442133,8,NA
2024-01-07,2024,1,"Castle Hayne","New Hanover",34.364167,-77.838611,22,NA
2024-01-07,2024,1,"Clemmons Middle","Forsyth",36.026612,-80.341962,23.5,NA
2024-01-07,2024,1,"Durham Armory","Durham",36.0329550008979,-78.904037,42,NA
2024-01-07,2024,1,"Frying Pan Mountain","Haywood",35.379167,-82.7925,6,NA
2024-01-07,2024,1,"Garinger High School","Mecklenburg",35.2401000008895,-80.785683,15,31
2024-01-07,2024,1,"Hattie Avenue","Forsyth",36.11094,-80.224501,23,NA
2024-01-07,2024,1,"Leggett","Edgecombe",35.988278,-77.5843,11,NA
2024-01-07,2024,1,"Linville Falls","Avery",35.972347,-81.933072,5,NA
2024-01-07,2024,1,"Mendenhall School","Guilford",36.1090060008986,-79.802314,24,NA
2024-01-07,2024,1,"Millbrook School","Wake",35.856111,-78.574167,18.5,30
2024-01-07,2024,1,"Pitt Agri. Center","Pitt",35.6412760008938,-77.360126,8,NA
2024-01-07,2024,1,"West Johnston Co.","Johnston",35.59095,-78.4622,13,NA
2024-01-08,2024,1,"Bryson City","Swain",35.434767,-83.442133,17,NA
2024-01-08,2024,1,"Castle Hayne","New Hanover",34.364167,-77.838611,23,NA
2024-01-08,2024,1,"Clemmons Middle","Forsyth",36.026612,-80.341962,27,NA
2024-01-08,2024,1,"Durham Armory","Durham",36.0329550008979,-78.904037,49,NA
2024-01-08,2024,1,"Garinger High School","Mecklenburg",35.2401000008895,-80.785683,24,29
2024-01-08,2024,1,"Hattie Avenue","Forsyth",36.11094,-80.224501,26,NA
2024-01-08,2024,1,"Leggett","Edgecombe",35.988278,-77.5843,19,NA
2024-01-08,2024,1,"Mendenhall School","Guilford",36.1090060008986,-79.802314,27,NA
2024-01-08,2024,1,"Millbrook School","Wake",35.856111,-78.574167,23,30
2024-01-08,2024,1,"Pitt Agri. Center","Pitt",35.6412760008938,-77.360126,11,NA
2024-01-08,2024,1,"West Johnston Co.","Johnston",35.59095,-78.4622,23,NA
2024-01-09,2024,1,"Bryson City","Swain",35.434767,-83.442133,8,NA
2024-01-09,2024,1,"Castle Hayne","New Hanover",34.364167,-77.838611,38.5,NA
2024-01-09,2024,1,"Clemmons Middle","Forsyth",36.026612,-80.341962,25,NA
2024-01-09,2024,1,"Durham Armory","Durham",36.0329550008979,-78.904037,36,NA
2024-01-09,2024,1,"Garinger High School","Mecklenburg",35.2401000008895,-80.785683,13,34
2024-01-09,2024,1,"Hattie Avenue","Forsyth",36.11094,-80.224501,22,NA
2024-01-09,2024,1,"Leggett","Edgecombe",35.988278,-77.5843,38,NA
2024-01-09,2024,1,"Mendenhall School","Guilford",36.1090060008986,-79.802314,27,NA
2024-01-09,2024,1,"Millbrook School","Wake",35.856111,-78.574167,25,NA
2024-01-09,2024,1,"Pitt Agri. Center","Pitt",35.6412760008938,-77.360126,27,NA
2024-01-09,2024,1,"West Johnston Co.","Johnston",35.59095,-78.4622,24,NA
2024-01-10,2024,1,"Bryson City","Swain",35.434767,-83.442133,20,NA
2024-01-10,2024,1,"Castle Hayne","New Hanover",34.364167,-77.838611,28.5,NA
2024-01-10,2024,1,"Clemmons Middle","Forsyth",36.026612,-80.341962,21,NA
2024-01-10,2024,1,"Durham Armory","Durham",36.0329550008979,-78.904037,44,NA
2024-01-10,2024,1,"Garinger High School","Mecklenburg",35.2401000008895,-80.785683,11,23
2024-01-10,2024,1,"Hattie Avenue","Forsyth",36.11094,-80.224501,19,NA
2024-01-10,2024,1,"Leggett","Edgecombe",35.988278,-77.5843,3,NA
2024-01-10,2024,1,"Linville Falls","Avery",35.972347,-81.933072,6,NA
2024-01-10,2024,1,"Mendenhall School","Guilford",36.1090060008986,-79.802314,24,NA
2024-01-10,2024,1,"Millbrook School","Wake",35.856111,-78.574167,22,21
2024-01-10,2024,1,"Pitt Agri. Center","Pitt",35.6412760008938,-77.360126,2,NA
2024-01-10,2024,1,"West Johnston Co.","Johnston",35.59095,-78.4622,16,NA
2024-01-11,2024,1,"Bryson City","Swain",35.434767,-83.442133,32,NA
2024-01-11,2024,1,"Castle Hayne","New Hanover",34.364167,-77.838611,29.5,NA
2024-01-11,2024,1,"Clemmons Middle","Forsyth",36.026612,-80.341962,37,NA
2024-01-11,2024,1,"Durham Armory","Durham",36.0329550008979,-78.904037,58,NA
2024-01-11,2024,1,"Garinger High School","Mecklenburg",35.2401000008895,-80.785683,45,28
2024-01-11,2024,1,"Hattie Avenue","Forsyth",36.11094,-80.224501,49,NA
2024-01-11,2024,1,"Leggett","Edgecombe",35.988278,-77.5843,33,NA
2024-01-11,2024,1,"Mendenhall School","Guilford",36.1090060008986,-79.802314,46,NA
2024-01-11,2024,1,"Millbrook School","Wake",35.856111,-78.574167,54,23
2024-01-11,2024,1,"Pitt Agri. Center","Pitt",35.6412760008938,-77.360126,30,NA
2024-01-11,2024,1,"West Johnston Co.","Johnston",35.59095,-78.4622,37,NA
2024-01-12,2024,1,"Bryson City","Swain",35.434767,-83.442133,33,NA
2024-01-12,2024,1,"Castle Hayne","New Hanover",34.364167,-77.838611,42,NA
2024-01-12,2024,1,"Clemmons Middle","Forsyth",36.026612,-80.341962,53,NA
2024-01-12,2024,1,"Durham Armory","Durham",36.0329550008979,-78.904037,58,NA
2024-01-12,2024,1,"Garinger High School","Mecklenburg",35.2401000008895,-80.785683,52,29
2024-01-12,2024,1,"Hattie Avenue","Forsyth",36.11094,-80.224501,49,NA
2024-01-12,2024,1,"Leggett","Edgecombe",35.988278,-77.5843,45,NA
2024-01-12,2024,1,"Mendenhall School","Guilford",36.1090060008986,-79.802314,55,NA
2024-01-12,2024,1,"Millbrook School","Wake",35.856111,-78.574167,57,34
2024-01-12,2024,1,"Pitt Agri. Center","Pitt",35.6412760008938,-77.360126,40,NA
2024-01-12,2024,1,"West Johnston Co.","Johnston",35.59095,-78.4622,44,NA
2024-01-13,2024,1,"Bryson City","Swain",35.434767,-83.442133,13,NA
2024-01-13,2024,1,"Castle Hayne","New Hanover",34.364167,-77.838611,29,NA
2024-01-13,2024,1,"Clemmons Middle","Forsyth",36.026612,-80.341962,23,NA
2024-01-13,2024,1,"Durham Armory","Durham",36.0329550008979,-78.904037,44,NA
2024-01-13,2024,1,"Frying Pan Mountain","Haywood",35.379167,-82.7925,6,NA
2024-01-13,2024,1,"Garinger High School","Mecklenburg",35.2401000008895,-80.785683,28,31
2024-01-13,2024,1,"Hattie Avenue","Forsyth",36.11094,-80.224501,24,NA
2024-01-13,2024,1,"Leggett","Edgecombe",35.988278,-77.5843,0,NA
2024-01-13,2024,1,"Linville Falls","Avery",35.972347,-81.933072,11,NA
2024-01-13,2024,1,"Mendenhall School","Guilford",36.1090060008986,-79.802314,22,NA
2024-01-13,2024,1,"Millbrook School","Wake",35.856111,-78.574167,21,32
2024-01-13,2024,1,"Pitt Agri. Center","Pitt",35.6412760008938,-77.360126,11,NA
2024-01-13,2024,1,"West Johnston Co.","Johnston",35.59095,-78.4622,19,NA
2024-01-14,2024,1,"Bryson City","Swain",35.434767,-83.442133,36,NA
2024-01-14,2024,1,"Castle Hayne","New Hanover",34.364167,-77.838611,25,NA
2024-01-14,2024,1,"Clemmons Middle","Forsyth",36.026612,-80.341962,26,NA
2024-01-14,2024,1,"Durham Armory","Durham",36.0329550008979,-78.904037,53,NA
2024-01-14,2024,1,"Garinger High School","Mecklenburg",35.2401000008895,-80.785683,23,38
2024-01-14,2024,1,"Hattie Avenue","Forsyth",36.11094,-80.224501,25,NA
2024-01-14,2024,1,"Leggett","Edgecombe",35.988278,-77.5843,27,NA
2024-01-14,2024,1,"Mendenhall School","Guilford",36.1090060008986,-79.802314,32,NA
2024-01-14,2024,1,"Millbrook School","Wake",35.856111,-78.574167,28,33
2024-01-14,2024,1,"Pitt Agri. Center","Pitt",35.6412760008938,-77.360126,18,NA
2024-01-14,2024,1,"West Johnston Co.","Johnston",35.59095,-78.4622,27,NA
2024-01-15,2024,1,"Bryson City","Swain",35.434767,-83.442133,43,NA
2024-01-15,2024,1,"Castle Hayne","New Hanover",34.364167,-77.838611,22,NA
2024-01-15,2024,1,"Clemmons Middle","Forsyth",36.026612,-80.341962,34,NA
2024-01-15,2024,1,"Durham Armory","Durham",36.0329550008979,-78.904037,52,NA
2024-01-15,2024,1,"Garinger High School","Mecklenburg",35.2401000008895,-80.785683,44,25
2024-01-15,2024,1,"Hattie Avenue","Forsyth",36.11094,-80.224501,33,NA
2024-01-15,2024,1,"Leggett","Edgecombe",35.988278,-77.5843,22,NA
2024-01-15,2024,1,"Mendenhall School","Guilford",36.1090060008986,-79.802314,39,NA
2024-01-15,2024,1,"Millbrook School","Wake",35.856111,-78.574167,28,23
2024-01-15,2024,1,"Pitt Agri. Center","Pitt",35.6412760008938,-77.360126,24,NA
2024-01-15,2024,1,"West Johnston Co.","Johnston",35.59095,-78.4622,30,NA
2024-01-16,2024,1,"Bryson City","Swain",35.434767,-83.442133,14,NA
2024-01-16,2024,1,"Castle Hayne","New Hanover",34.364167,-77.838611,34.5,NA
2024-01-16,2024,1,"Clemmons Middle","Forsyth",36.026612,-80.341962,33,NA
2024-01-16,2024,1,"Durham Armory","Durham",36.0329550008979,-78.904037,54,NA
2024-01-16,2024,1,"Frying Pan Mountain","Haywood",35.379167,-82.7925,10,NA
2024-01-16,2024,1,"Garinger High School","Mecklenburg",35.2401000008895,-80.785683,47,31
2024-01-16,2024,1,"Hattie Avenue","Forsyth",36.11094,-80.224501,29.5,NA
2024-01-16,2024,1,"Leggett","Edgecombe",35.988278,-77.5843,31,NA
2024-01-16,2024,1,"Linville Falls","Avery",35.972347,-81.933072,17,NA
2024-01-16,2024,1,"Mendenhall School","Guilford",36.1090060008986,-79.802314,39,NA
2024-01-16,2024,1,"Millbrook School","Wake",35.856111,-78.574167,38,29
2024-01-16,2024,1,"Pitt Agri. Center","Pitt",35.6412760008938,-77.360126,29,NA
2024-01-16,2024,1,"West Johnston Co.","Johnston",35.59095,-78.4622,32,NA
2024-01-17,2024,1,"Bryson City","Swain",35.434767,-83.442133,12,NA
2024-01-17,2024,1,"Castle Hayne","New Hanover",34.364167,-77.838611,36,NA
2024-01-17,2024,1,"Clemmons Middle","Forsyth",36.026612,-80.341962,40,NA
2024-01-17,2024,1,"Durham Armory","Durham",36.0329550008979,-78.904037,55,NA
2024-01-17,2024,1,"Garinger High School","Mecklenburg",35.2401000008895,-80.785683,31,30
2024-01-17,2024,1,"Hattie Avenue","Forsyth",36.11094,-80.224501,26,NA
2024-01-17,2024,1,"Leggett","Edgecombe",35.988278,-77.5843,19,NA
2024-01-17,2024,1,"Millbrook School","Wake",35.856111,-78.574167,29,31
2024-01-17,2024,1,"Pitt Agri. Center","Pitt",35.6412760008938,-77.360126,20,NA
2024-01-17,2024,1,"West Johnston Co.","Johnston",35.59095,-78.4622,22,NA
2024-01-18,2024,1,"Bryson City","Swain",35.434767,-83.442133,32,NA
2024-01-18,2024,1,"Castle Hayne","New Hanover",34.364167,-77.838611,40.5,NA
2024-01-18,2024,1,"Clemmons Middle","Forsyth",36.026612,-80.341962,54,NA
2024-01-18,2024,1,"Durham Armory","Durham",36.0329550008979,-78.904037,56,NA
2024-01-18,2024,1,"Garinger High School","Mecklenburg",35.2401000008895,-80.785683,39,33
2024-01-18,2024,1,"Hattie Avenue","Forsyth",36.11094,-80.224501,41,NA
2024-01-18,2024,1,"Leggett","Edgecombe",35.988278,-77.5843,39,NA
2024-01-18,2024,1,"Millbrook School","Wake",35.856111,-78.574167,47,32
2024-01-18,2024,1,"Pitt Agri. Center","Pitt",35.6412760008938,-77.360126,38,NA
2024-01-18,2024,1,"West Johnston Co.","Johnston",35.59095,-78.4622,44,NA
2024-01-19,2024,1,"Bryson City","Swain",35.434767,-83.442133,22,NA
2024-01-19,2024,1,"Castle Hayne","New Hanover",34.364167,-77.838611,37,NA
2024-01-19,2024,1,"Clemmons Middle","Forsyth",36.026612,-80.341962,31.5,NA
2024-01-19,2024,1,"Durham Armory","Durham",36.0329550008979,-78.904037,60,NA
2024-01-19,2024,1,"Frying Pan Mountain","Haywood",35.379167,-82.7925,15,NA
2024-01-19,2024,1,"Garinger High School","Mecklenburg",35.2401000008895,-80.785683,34.5,33
2024-01-19,2024,1,"Hattie Avenue","Forsyth",36.11094,-80.224501,33.5,NA
2024-01-19,2024,1,"Leggett","Edgecombe",35.988278,-77.5843,27,NA
2024-01-19,2024,1,"Linville Falls","Avery",35.972347,-81.933072,23,NA
2024-01-19,2024,1,"Millbrook School","Wake",35.856111,-78.574167,41.5,33
2024-01-19,2024,1,"Pitt Agri. Center","Pitt",35.6412760008938,-77.360126,34,NA
2024-01-19,2024,1,"West Johnston Co.","Johnston",35.59095,-78.4622,43,NA
2024-01-20,2024,1,"Bryson City","Swain",35.434767,-83.442133,12,NA
2024-01-20,2024,1,"Castle Hayne","New Hanover",34.364167,-77.838611,43.5,NA
2024-01-20,2024,1,"Clemmons Middle","Forsyth",36.026612,-80.341962,31,NA
2024-01-20,2024,1,"Durham Armory","Durham",36.0329550008979,-78.904037,55,NA
2024-01-20,2024,1,"Garinger High School","Mecklenburg",35.2401000008895,-80.785683,27,32
2024-01-20,2024,1,"Hattie Avenue","Forsyth",36.11094,-80.224501,29,NA
2024-01-20,2024,1,"Leggett","Edgecombe",35.988278,-77.5843,19,NA
2024-01-20,2024,1,"Millbrook School","Wake",35.856111,-78.574167,26.5,31
2024-01-20,2024,1,"Pitt Agri. Center","Pitt",35.6412760008938,-77.360126,25,NA
2024-01-20,2024,1,"West Johnston Co.","Johnston",35.59095,-78.4622,23,NA
2024-01-21,2024,1,"Bryson City","Swain",35.434767,-83.442133,30,NA
2024-01-21,2024,1,"Castle Hayne","New Hanover",34.364167,-77.838611,27.5,NA
2024-01-21,2024,1,"Clemmons Middle","Forsyth",36.026612,-80.341962,34,NA
2024-01-21,2024,1,"Durham Armory","Durham",36.0329550008979,-78.904037,55,NA
2024-01-21,2024,1,"Garinger High School","Mecklenburg",35.2401000008895,-80.785683,35,31
2024-01-21,2024,1,"Hattie Avenue","Forsyth",36.11094,-80.224501,28,NA
2024-01-21,2024,1,"Millbrook School","Wake",35.856111,-78.574167,33,33
2024-01-21,2024,1,"Pitt Agri. Center","Pitt",35.6412760008938,-77.360126,18,NA
2024-01-21,2024,1,"West Johnston Co.","Johnston",35.59095,-78.4622,29,NA
2024-01-22,2024,1,"Bryson City","Swain",35.434767,-83.442133,34,NA
2024-01-22,2024,1,"Castle Hayne","New Hanover",34.364167,-77.838611,33.5,NA
2024-01-22,2024,1,"Clemmons Middle","Forsyth",36.026612,-80.341962,59,NA
2024-01-22,2024,1,"Durham Armory","Durham",36.0329550008979,-78.904037,68,NA
2024-01-22,2024,1,"Frying Pan Mountain","Haywood",35.379167,-82.7925,4,NA
2024-01-22,2024,1,"Garinger High School","Mecklenburg",35.2401000008895,-80.785683,62.5,33
2024-01-22,2024,1,"Hattie Avenue","Forsyth",36.11094,-80.224501,59,NA
2024-01-22,2024,1,"Linville Falls","Avery",35.972347,-81.933072,16,NA
2024-01-22,2024,1,"Millbrook School","Wake",35.856111,-78.574167,62,32
2024-01-22,2024,1,"Pitt Agri. Center","Pitt",35.6412760008938,-77.360126,46,NA
2024-01-22,2024,1,"West Johnston Co.","Johnston",35.59095,-78.4622,46,NA
2024-01-23,2024,1,"Bryson City","Swain",35.434767,-83.442133,48,NA
2024-01-23,2024,1,"Castle Hayne","New Hanover",34.364167,-77.838611,23.5,NA
2024-01-23,2024,1,"Clemmons Middle","Forsyth",36.026612,-80.341962,80,NA
2024-01-23,2024,1,"Durham Armory","Durham",36.0329550008979,-78.904037,75,NA
2024-01-23,2024,1,"Garinger High School","Mecklenburg",35.2401000008895,-80.785683,61,NA
2024-01-23,2024,1,"Hattie Avenue","Forsyth",36.11094,-80.224501,63,NA
2024-01-23,2024,1,"Mendenhall School","Guilford",36.1090060008986,-79.802314,60,NA
2024-01-23,2024,1,"Millbrook School","Wake",35.856111,-78.574167,63,10
2024-01-23,2024,1,"Pitt Agri. Center","Pitt",35.6412760008938,-77.360126,51,NA
2024-01-23,2024,1,"West Johnston Co.","Johnston",35.59095,-78.4622,55,NA
2024-01-24,2024,1,"Bryson City","Swain",35.434767,-83.442133,32,NA
2024-01-24,2024,1,"Castle Hayne","New Hanover",34.364167,-77.838611,18,NA
2024-01-24,2024,1,"Clemmons Middle","Forsyth",36.026612,-80.341962,61,NA
2024-01-24,2024,1,"Durham Armory","Durham",36.0329550008979,-78.904037,62,NA
2024-01-24,2024,1,"Garinger High School","Mecklenburg",35.2401000008895,-80.785683,54,26
2024-01-24,2024,1,"Hattie Avenue","Forsyth",36.11094,-80.224501,55,NA
2024-01-24,2024,1,"Mendenhall School","Guilford",36.1090060008986,-79.802314,55,NA
2024-01-24,2024,1,"Millbrook School","Wake",35.856111,-78.574167,57,32
2024-01-24,2024,1,"Pitt Agri. Center","Pitt",35.6412760008938,-77.360126,28,NA
2024-01-24,2024,1,"West Johnston Co.","Johnston",35.59095,-78.4622,38,NA
2024-01-25,2024,1,"Bryson City","Swain",35.434767,-83.442133,10,NA
2024-01-25,2024,1,"Castle Hayne","New Hanover",34.364167,-77.838611,15.5,NA
2024-01-25,2024,1,"Clemmons Middle","Forsyth",36.026612,-80.341962,14,NA
2024-01-25,2024,1,"Durham Armory","Durham",36.0329550008979,-78.904037,17,NA
2024-01-25,2024,1,"Frying Pan Mountain","Haywood",35.379167,-82.7925,2,NA
2024-01-25,2024,1,"Garinger High School","Mecklenburg",35.2401000008895,-80.785683,10.5,22
2024-01-25,2024,1,"Hattie Avenue","Forsyth",36.11094,-80.224501,15.5,NA
2024-01-25,2024,1,"Leggett","Edgecombe",35.988278,-77.5843,17,NA
2024-01-25,2024,1,"Linville Falls","Avery",35.972347,-81.933072,5,NA
2024-01-25,2024,1,"Mendenhall School","Guilford",36.1090060008986,-79.802314,17,NA
2024-01-25,2024,1,"Millbrook School","Wake",35.856111,-78.574167,19.5,23
2024-01-25,2024,1,"Pitt Agri. Center","Pitt",35.6412760008938,-77.360126,18,NA
2024-01-25,2024,1,"West Johnston Co.","Johnston",35.59095,-78.4622,6,NA
2024-01-26,2024,1,"Bryson City","Swain",35.434767,-83.442133,12,NA
2024-01-26,2024,1,"Castle Hayne","New Hanover",34.364167,-77.838611,23,NA
2024-01-26,2024,1,"Clemmons Middle","Forsyth",36.026612,-80.341962,48,NA
2024-01-26,2024,1,"Durham Armory","Durham",36.0329550008979,-78.904037,28,NA
2024-01-26,2024,1,"Garinger High School","Mecklenburg",35.2401000008895,-80.785683,24,27
2024-01-26,2024,1,"Hattie Avenue","Forsyth",36.11094,-80.224501,36,NA
2024-01-26,2024,1,"Leggett","Edgecombe",35.988278,-77.5843,18,NA
2024-01-26,2024,1,"Mendenhall School","Guilford",36.1090060008986,-79.802314,29,NA
2024-01-26,2024,1,"Millbrook School","Wake",35.856111,-78.574167,35,22
2024-01-26,2024,1,"Pitt Agri. Center","Pitt",35.6412760008938,-77.360126,31,NA
2024-01-26,2024,1,"West Johnston Co.","Johnston",35.59095,-78.4622,27,NA
2024-01-27,2024,1,"Bryson City","Swain",35.434767,-83.442133,17,NA
2024-01-27,2024,1,"Castle Hayne","New Hanover",34.364167,-77.838611,30.5,NA
2024-01-27,2024,1,"Clemmons Middle","Forsyth",36.026612,-80.341962,37,NA
2024-01-27,2024,1,"Durham Armory","Durham",36.0329550008979,-78.904037,42,NA
2024-01-27,2024,1,"Garinger High School","Mecklenburg",35.2401000008895,-80.785683,34,24
2024-01-27,2024,1,"Hattie Avenue","Forsyth",36.11094,-80.224501,24,NA
2024-01-27,2024,1,"Leggett","Edgecombe",35.988278,-77.5843,19,NA
2024-01-27,2024,1,"Mendenhall School","Guilford",36.1090060008986,-79.802314,24,NA
2024-01-27,2024,1,"Millbrook School","Wake",35.856111,-78.574167,35,26
2024-01-27,2024,1,"Pitt Agri. Center","Pitt",35.6412760008938,-77.360126,27,NA
2024-01-27,2024,1,"West Johnston Co.","Johnston",35.59095,-78.4622,44,NA
2024-01-28,2024,1,"Bryson City","Swain",35.434767,-83.442133,0,NA
2024-01-28,2024,1,"Castle Hayne","New Hanover",34.364167,-77.838611,15,NA
2024-01-28,2024,1,"Clemmons Middle","Forsyth",36.026612,-80.341962,8,NA
2024-01-28,2024,1,"Durham Armory","Durham",36.0329550008979,-78.904037,30,NA
2024-01-28,2024,1,"Frying Pan Mountain","Haywood",35.379167,-82.7925,0,NA
2024-01-28,2024,1,"Garinger High School","Mecklenburg",35.2401000008895,-80.785683,8.5,23
2024-01-28,2024,1,"Hattie Avenue","Forsyth",36.11094,-80.224501,5.5,NA
2024-01-28,2024,1,"Leggett","Edgecombe",35.988278,-77.5843,14,NA
2024-01-28,2024,1,"Linville Falls","Avery",35.972347,-81.933072,2,NA
2024-01-28,2024,1,"Mendenhall School","Guilford",36.1090060008986,-79.802314,8,NA
2024-01-28,2024,1,"Millbrook School","Wake",35.856111,-78.574167,16,24
2024-01-28,2024,1,"Pitt Agri. Center","Pitt",35.6412760008938,-77.360126,16,NA
2024-01-28,2024,1,"West Johnston Co.","Johnston",35.59095,-78.4622,8,NA
2024-01-29,2024,1,"Bryson City","Swain",35.434767,-83.442133,4,NA
2024-01-29,2024,1,"Castle Hayne","New Hanover",34.364167,-77.838611,15,NA
2024-01-29,2024,1,"Clemmons Middle","Forsyth",36.026612,-80.341962,4,NA
2024-01-29,2024,1,"Durham Armory","Durham",36.0329550008979,-78.904037,32,NA
2024-01-29,2024,1,"Garinger High School","Mecklenburg",35.2401000008895,-80.785683,5,32
2024-01-29,2024,1,"Hattie Avenue","Forsyth",36.11094,-80.224501,4,NA
2024-01-29,2024,1,"Leggett","Edgecombe",35.988278,-77.5843,8,NA
2024-01-29,2024,1,"Mendenhall School","Guilford",36.1090060008986,-79.802314,0,NA
2024-01-29,2024,1,"Millbrook School","Wake",35.856111,-78.574167,6,31
2024-01-29,2024,1,"Pitt Agri. Center","Pitt",35.6412760008938,-77.360126,4,NA
2024-01-29,2024,1,"West Johnston Co.","Johnston",35.59095,-78.4622,12,NA
2024-01-30,2024,1,"Bryson City","Swain",35.434767,-83.442133,9,NA
2024-01-30,2024,1,"Castle Hayne","New Hanover",34.364167,-77.838611,24,NA
2024-01-30,2024,1,"Clemmons Middle","Forsyth",36.026612,-80.341962,27,NA
2024-01-30,2024,1,"Durham Armory","Durham",36.0329550008979,-78.904037,49,NA
2024-01-30,2024,1,"Garinger High School","Mecklenburg",35.2401000008895,-80.785683,20,31
2024-01-30,2024,1,"Hattie Avenue","Forsyth",36.11094,-80.224501,28,NA
2024-01-30,2024,1,"Leggett","Edgecombe",35.988278,-77.5843,20,NA
2024-01-30,2024,1,"Mendenhall School","Guilford",36.1090060008986,-79.802314,19,NA
2024-01-30,2024,1,"Millbrook School","Wake",35.856111,-78.574167,24.5,29
2024-01-30,2024,1,"Pitt Agri. Center","Pitt",35.6412760008938,-77.360126,22,NA
2024-01-30,2024,1,"West Johnston Co.","Johnston",35.59095,-78.4622,23,NA
2024-01-31,2024,1,"Bryson City","Swain",35.434767,-83.442133,12,NA
2024-01-31,2024,1,"Castle Hayne","New Hanover",34.364167,-77.838611,31.5,NA
2024-01-31,2024,1,"Clemmons Middle","Forsyth",36.026612,-80.341962,32,NA
2024-01-31,2024,1,"Durham Armory","Durham",36.0329550008979,-78.904037,53,NA
2024-01-31,2024,1,"Frying Pan Mountain","Haywood",35.379167,-82.7925,4,NA
2024-01-31,2024,1,"Garinger High School","Mecklenburg",35.2401000008895,-80.785683,34,28
2024-01-31,2024,1,"Hattie Avenue","Forsyth",36.11094,-80.224501,34,NA
2024-01-31,2024,1,"Leggett","Edgecombe",35.988278,-77.5843,21,NA
2024-01-31,2024,1,"Linville Falls","Avery",35.972347,-81.933072,12,NA
2024-01-31,2024,1,"Mendenhall School","Guilford",36.1090060008986,-79.802314,35,NA
2024-01-31,2024,1,"Millbrook School","Wake",35.856111,-78.574167,26.5,24
2024-01-31,2024,1,"Pitt Agri. Center","Pitt",35.6412760008938,-77.360126,22,NA
2024-01-31,2024,1,"West Johnston Co.","Johnston",35.59095,-78.4622,27,NA
2024-02-01,2024,2,"Bryson City","Swain",35.434767,-83.442133,15,NA
2024-02-01,2024,2,"Castle Hayne","New Hanover",34.364167,-77.838611,42,NA
2024-02-01,2024,2,"Clemmons Middle","Forsyth",36.026612,-80.341962,27,NA
2024-02-01,2024,2,"Durham Armory","Durham",36.0329550008979,-78.904037,54,NA
2024-02-01,2024,2,"Garinger High School","Mecklenburg",35.2401000008895,-80.785683,39,30
2024-02-01,2024,2,"Hattie Avenue","Forsyth",36.11094,-80.224501,28,NA
2024-02-01,2024,2,"Leggett","Edgecombe",35.988278,-77.5843,30,NA
2024-02-01,2024,2,"Mendenhall School","Guilford",36.1090060008986,-79.802314,28,NA
2024-02-01,2024,2,"Millbrook School","Wake",35.856111,-78.574167,33,25
2024-02-01,2024,2,"Pitt Agri. Center","Pitt",35.6412760008938,-77.360126,39,NA
2024-02-01,2024,2,"West Johnston Co.","Johnston",35.59095,-78.4622,53,NA
2024-02-02,2024,2,"Bryson City","Swain",35.434767,-83.442133,41,NA
2024-02-02,2024,2,"Castle Hayne","New Hanover",34.364167,-77.838611,52.5,NA
2024-02-02,2024,2,"Clemmons Middle","Forsyth",36.026612,-80.341962,41,NA
2024-02-02,2024,2,"Durham Armory","Durham",36.0329550008979,-78.904037,56,NA
2024-02-02,2024,2,"Garinger High School","Mecklenburg",35.2401000008895,-80.785683,39,37
2024-02-02,2024,2,"Hattie Avenue","Forsyth",36.11094,-80.224501,40,NA
2024-02-02,2024,2,"Leggett","Edgecombe",35.988278,-77.5843,31,NA
2024-02-02,2024,2,"Mendenhall School","Guilford",36.1090060008986,-79.802314,35,NA
2024-02-02,2024,2,"Millbrook School","Wake",35.856111,-78.574167,32,35
2024-02-02,2024,2,"Pitt Agri. Center","Pitt",35.6412760008938,-77.360126,40,NA
2024-02-02,2024,2,"West Johnston Co.","Johnston",35.59095,-78.4622,41,NA
2024-02-03,2024,2,"Bryson City","Swain",35.434767,-83.442133,53,NA
2024-02-03,2024,2,"Castle Hayne","New Hanover",34.364167,-77.838611,28.5,NA
2024-02-03,2024,2,"Clemmons Middle","Forsyth",36.026612,-80.341962,29,NA
2024-02-03,2024,2,"Durham Armory","Durham",36.0329550008979,-78.904037,55,NA
2024-02-03,2024,2,"Frying Pan Mountain","Haywood",35.379167,-82.7925,19,NA
2024-02-03,2024,2,"Garinger High School","Mecklenburg",35.2401000008895,-80.785683,35,29
2024-02-03,2024,2,"Hattie Avenue","Forsyth",36.11094,-80.224501,29.5,NA
2024-02-03,2024,2,"Leggett","Edgecombe",35.988278,-77.5843,4,NA
2024-02-03,2024,2,"Linville Falls","Avery",35.972347,-81.933072,26,NA
2024-02-03,2024,2,"Millbrook School","Wake",35.856111,-78.574167,25,26
2024-02-03,2024,2,"Pitt Agri. Center","Pitt",35.6412760008938,-77.360126,12,NA
2024-02-03,2024,2,"West Johnston Co.","Johnston",35.59095,-78.4622,41,NA
2024-02-04,2024,2,"Bryson City","Swain",35.434767,-83.442133,23,NA
2024-02-04,2024,2,"Castle Hayne","New Hanover",34.364167,-77.838611,43.5,NA
2024-02-04,2024,2,"Clemmons Middle","Forsyth",36.026612,-80.341962,43,NA
2024-02-04,2024,2,"Durham Armory","Durham",36.0329550008979,-78.904037,54,NA
2024-02-04,2024,2,"Garinger High School","Mecklenburg",35.2401000008895,-80.785683,40,33
2024-02-04,2024,2,"Hattie Avenue","Forsyth",36.11094,-80.224501,37,NA
2024-02-04,2024,2,"Leggett","Edgecombe",35.988278,-77.5843,27,NA
2024-02-04,2024,2,"Millbrook School","Wake",35.856111,-78.574167,37,32
2024-02-04,2024,2,"Pitt Agri. Center","Pitt",35.6412760008938,-77.360126,22,NA
2024-02-04,2024,2,"West Johnston Co.","Johnston",35.59095,-78.4622,33,NA
2024-02-05,2024,2,"Bryson City","Swain",35.434767,-83.442133,18,NA
2024-02-05,2024,2,"Castle Hayne","New Hanover",34.364167,-77.838611,51,NA
2024-02-05,2024,2,"Clemmons Middle","Forsyth",36.026612,-80.341962,31,NA
2024-02-05,2024,2,"Durham Armory","Durham",36.0329550008979,-78.904037,53,NA
2024-02-05,2024,2,"Garinger High School","Mecklenburg",35.2401000008895,-80.785683,33,37
2024-02-05,2024,2,"Hattie Avenue","Forsyth",36.11094,-80.224501,27,NA
2024-02-05,2024,2,"Leggett","Edgecombe",35.988278,-77.5843,27,NA
2024-02-05,2024,2,"Millbrook School","Wake",35.856111,-78.574167,30,39
2024-02-05,2024,2,"Pitt Agri. Center","Pitt",35.6412760008938,-77.360126,25,NA
2024-02-05,2024,2,"West Johnston Co.","Johnston",35.59095,-78.4622,22,NA
2024-02-06,2024,2,"Bryson City","Swain",35.434767,-83.442133,19,NA
2024-02-06,2024,2,"Castle Hayne","New Hanover",34.364167,-77.838611,24,NA
2024-02-06,2024,2,"Clemmons Middle","Forsyth",36.026612,-80.341962,31.5,NA
2024-02-06,2024,2,"Durham Armory","Durham",36.0329550008979,-78.904037,54,NA
2024-02-06,2024,2,"Frying Pan Mountain","Haywood",35.379167,-82.7925,14,NA
2024-02-06,2024,2,"Garinger High School","Mecklenburg",35.2401000008895,-80.785683,36,32
2024-02-06,2024,2,"Hattie Avenue","Forsyth",36.11094,-80.224501,33.5,NA
2024-02-06,2024,2,"Leggett","Edgecombe",35.988278,-77.5843,19,NA
2024-02-06,2024,2,"Linville Falls","Avery",35.972347,-81.933072,22,NA
2024-02-06,2024,2,"Mendenhall School","Guilford",36.1090060008986,-79.802314,32,NA
2024-02-06,2024,2,"Millbrook School","Wake",35.856111,-78.574167,26,36
2024-02-06,2024,2,"Pitt Agri. Center","Pitt",35.6412760008938,-77.360126,18,NA
2024-02-06,2024,2,"West Johnston Co.","Johnston",35.59095,-78.4622,28,NA
2024-02-07,2024,2,"Bryson City","Swain",35.434767,-83.442133,18,NA
2024-02-07,2024,2,"Castle Hayne","New Hanover",34.364167,-77.838611,31,NA
2024-02-07,2024,2,"Clemmons Middle","Forsyth",36.026612,-80.341962,31,NA
2024-02-07,2024,2,"Durham Armory","Durham",36.0329550008979,-78.904037,57,NA
2024-02-07,2024,2,"Garinger High School","Mecklenburg",35.2401000008895,-80.785683,44,35
2024-02-07,2024,2,"Hattie Avenue","Forsyth",36.11094,-80.224501,32,NA
2024-02-07,2024,2,"Leggett","Edgecombe",35.988278,-77.5843,21,NA
2024-02-07,2024,2,"Mendenhall School","Guilford",36.1090060008986,-79.802314,37,NA
2024-02-07,2024,2,"Millbrook School","Wake",35.856111,-78.574167,32,35
2024-02-07,2024,2,"Pitt Agri. Center","Pitt",35.6412760008938,-77.360126,23,NA
2024-02-07,2024,2,"West Johnston Co.","Johnston",35.59095,-78.4622,24,NA
2024-02-08,2024,2,"Bryson City","Swain",35.434767,-83.442133,48,NA
2024-02-08,2024,2,"Castle Hayne","New Hanover",34.364167,-77.838611,36,NA
2024-02-08,2024,2,"Clemmons Middle","Forsyth",36.026612,-80.341962,54,NA
2024-02-08,2024,2,"Durham Armory","Durham",36.0329550008979,-78.904037,58,NA
2024-02-08,2024,2,"Garinger High School","Mecklenburg",35.2401000008895,-80.785683,57,36
2024-02-08,2024,2,"Hattie Avenue","Forsyth",36.11094,-80.224501,55,NA
2024-02-08,2024,2,"Leggett","Edgecombe",35.988278,-77.5843,17,NA
2024-02-08,2024,2,"Mendenhall School","Guilford",36.1090060008986,-79.802314,52,NA
2024-02-08,2024,2,"Millbrook School","Wake",35.856111,-78.574167,44,29
2024-02-08,2024,2,"Pitt Agri. Center","Pitt",35.6412760008938,-77.360126,59,NA
2024-02-08,2024,2,"West Johnston Co.","Johnston",35.59095,-78.4622,32,NA
2024-02-09,2024,2,"Bryson City","Swain",35.434767,-83.442133,58,NA
2024-02-09,2024,2,"Castle Hayne","New Hanover",34.364167,-77.838611,49.5,NA
2024-02-09,2024,2,"Clemmons Middle","Forsyth",36.026612,-80.341962,76,NA
2024-02-09,2024,2,"Durham Armory","Durham",36.0329550008979,-78.904037,72,NA
2024-02-09,2024,2,"Frying Pan Mountain","Haywood",35.379167,-82.7925,9,NA
2024-02-09,2024,2,"Garinger High School","Mecklenburg",35.2401000008895,-80.785683,60.5,30
2024-02-09,2024,2,"Hattie Avenue","Forsyth",36.11094,-80.224501,70.5,NA
2024-02-09,2024,2,"Leggett","Edgecombe",35.988278,-77.5843,70,NA
2024-02-09,2024,2,"Linville Falls","Avery",35.972347,-81.933072,50,NA
2024-02-09,2024,2,"Mendenhall School","Guilford",36.1090060008986,-79.802314,69,NA
2024-02-09,2024,2,"Millbrook School","Wake",35.856111,-78.574167,62.5,27
2024-02-09,2024,2,"Pitt Agri. Center","Pitt",35.6412760008938,-77.360126,53,NA
2024-02-09,2024,2,"West Johnston Co.","Johnston",35.59095,-78.4622,65,NA
2024-02-10,2024,2,"Bryson City","Swain",35.434767,-83.442133,65,NA
2024-02-10,2024,2,"Castle Hayne","New Hanover",34.364167,-77.838611,42,NA
2024-02-10,2024,2,"Clemmons Middle","Forsyth",36.026612,-80.341962,72,NA
2024-02-10,2024,2,"Durham Armory","Durham",36.0329550008979,-78.904037,63,NA
2024-02-10,2024,2,"Garinger High School","Mecklenburg",35.2401000008895,-80.785683,55,34
2024-02-10,2024,2,"Hattie Avenue","Forsyth",36.11094,-80.224501,74,NA
2024-02-10,2024,2,"Leggett","Edgecombe",35.988278,-77.5843,61,NA
2024-02-10,2024,2,"Mendenhall School","Guilford",36.1090060008986,-79.802314,59,NA
2024-02-10,2024,2,"Millbrook School","Wake",35.856111,-78.574167,57,35
2024-02-10,2024,2,"Pitt Agri. Center","Pitt",35.6412760008938,-77.360126,61,NA
2024-02-10,2024,2,"West Johnston Co.","Johnston",35.59095,-78.4622,72,NA
2024-02-11,2024,2,"Bryson City","Swain",35.434767,-83.442133,35,NA
2024-02-11,2024,2,"Castle Hayne","New Hanover",34.364167,-77.838611,26.5,NA
2024-02-11,2024,2,"Clemmons Middle","Forsyth",36.026612,-80.341962,25,NA
2024-02-11,2024,2,"Durham Armory","Durham",36.0329550008979,-78.904037,51,NA
2024-02-11,2024,2,"Garinger High School","Mecklenburg",35.2401000008895,-80.785683,29,25
2024-02-11,2024,2,"Hattie Avenue","Forsyth",36.11094,-80.224501,25,NA
2024-02-11,2024,2,"Leggett","Edgecombe",35.988278,-77.5843,51,NA
2024-02-11,2024,2,"Mendenhall School","Guilford",36.1090060008986,-79.802314,29,NA
2024-02-11,2024,2,"Millbrook School","Wake",35.856111,-78.574167,46,22
2024-02-11,2024,2,"Pitt Agri. Center","Pitt",35.6412760008938,-77.360126,52,NA
2024-02-11,2024,2,"West Johnston Co.","Johnston",35.59095,-78.4622,47,NA
2024-02-12,2024,2,"Bryson City","Swain",35.434767,-83.442133,22,NA
2024-02-12,2024,2,"Castle Hayne","New Hanover",34.364167,-77.838611,18,NA
2024-02-12,2024,2,"Clemmons Middle","Forsyth",36.026612,-80.341962,22.5,NA
2024-02-12,2024,2,"Durham Armory","Durham",36.0329550008979,-78.904037,41,NA
2024-02-12,2024,2,"Frying Pan Mountain","Haywood",35.379167,-82.7925,2,NA
2024-02-12,2024,2,"Garinger High School","Mecklenburg",35.2401000008895,-80.785683,12,33
2024-02-12,2024,2,"Hattie Avenue","Forsyth",36.11094,-80.224501,25,NA
2024-02-12,2024,2,"Leggett","Edgecombe",35.988278,-77.5843,19,NA
2024-02-12,2024,2,"Linville Falls","Avery",35.972347,-81.933072,4,NA
2024-02-12,2024,2,"Mendenhall School","Guilford",36.1090060008986,-79.802314,21,NA
2024-02-12,2024,2,"Millbrook School","Wake",35.856111,-78.574167,25,31
2024-02-12,2024,2,"Pitt Agri. Center","Pitt",35.6412760008938,-77.360126,19,NA
2024-02-12,2024,2,"West Johnston Co.","Johnston",35.59095,-78.4622,18,NA
2024-02-13,2024,2,"Bryson City","Swain",35.434767,-83.442133,13,NA
2024-02-13,2024,2,"Castle Hayne","New Hanover",34.364167,-77.838611,18.5,NA
2024-02-13,2024,2,"Clemmons Middle","Forsyth",36.026612,-80.341962,13,NA
2024-02-13,2024,2,"Durham Armory","Durham",36.0329550008979,-78.904037,37,NA
2024-02-13,2024,2,"Garinger High School","Mecklenburg",35.2401000008895,-80.785683,10,37
2024-02-13,2024,2,"Hattie Avenue","Forsyth",36.11094,-80.224501,14,NA
2024-02-13,2024,2,"Leggett","Edgecombe",35.988278,-77.5843,9,NA
2024-02-13,2024,2,"Mendenhall School","Guilford",36.1090060008986,-79.802314,12,NA
2024-02-13,2024,2,"Millbrook School","Wake",35.856111,-78.574167,14,36
2024-02-13,2024,2,"Pitt Agri. Center","Pitt",35.6412760008938,-77.360126,8,NA
2024-02-13,2024,2,"West Johnston Co.","Johnston",35.59095,-78.4622,14,NA
2024-02-14,2024,2,"Bryson City","Swain",35.434767,-83.442133,21,NA
2024-02-14,2024,2,"Castle Hayne","New Hanover",34.364167,-77.838611,30.5,NA
2024-02-14,2024,2,"Clemmons Middle","Forsyth",36.026612,-80.341962,25,NA
2024-02-14,2024,2,"Durham Armory","Durham",36.0329550008979,-78.904037,55,NA
2024-02-14,2024,2,"Garinger High School","Mecklenburg",35.2401000008895,-80.785683,31,39
2024-02-14,2024,2,"Hattie Avenue","Forsyth",36.11094,-80.224501,26,NA
2024-02-14,2024,2,"Leggett","Edgecombe",35.988278,-77.5843,16,NA
2024-02-14,2024,2,"Mendenhall School","Guilford",36.1090060008986,-79.802314,29,NA
2024-02-14,2024,2,"Millbrook School","Wake",35.856111,-78.574167,28,39
2024-02-14,2024,2,"Pitt Agri. Center","Pitt",35.6412760008938,-77.360126,28,NA
2024-02-14,2024,2,"West Johnston Co.","Johnston",35.59095,-78.4622,26,NA
2024-02-15,2024,2,"Bryson City","Swain",35.434767,-83.442133,29,NA
2024-02-15,2024,2,"Castle Hayne","New Hanover",34.364167,-77.838611,40,NA
2024-02-15,2024,2,"Clemmons Middle","Forsyth",36.026612,-80.341962,36,NA
2024-02-15,2024,2,"Durham Armory","Durham",36.0329550008979,-78.904037,59,NA
2024-02-15,2024,2,"Frying Pan Mountain","Haywood",35.379167,-82.7925,14,NA
2024-02-15,2024,2,"Garinger High School","Mecklenburg",35.2401000008895,-80.785683,41.5,43
2024-02-15,2024,2,"Hattie Avenue","Forsyth",36.11094,-80.224501,37,NA
2024-02-15,2024,2,"Leggett","Edgecombe",35.988278,-77.5843,33,NA
2024-02-15,2024,2,"Linville Falls","Avery",35.972347,-81.933072,23,NA
2024-02-15,2024,2,"Mendenhall School","Guilford",36.1090060008986,-79.802314,36,NA
2024-02-15,2024,2,"Millbrook School","Wake",35.856111,-78.574167,54.5,41
2024-02-15,2024,2,"Pitt Agri. Center","Pitt",35.6412760008938,-77.360126,37,NA
2024-02-15,2024,2,"West Johnston Co.","Johnston",35.59095,-78.4622,39,NA
2024-02-16,2024,2,"Bryson City","Swain",35.434767,-83.442133,52,NA
2024-02-16,2024,2,"Castle Hayne","New Hanover",34.364167,-77.838611,36,NA
2024-02-16,2024,2,"Clemmons Middle","Forsyth",36.026612,-80.341962,40,NA
2024-02-16,2024,2,"Durham Armory","Durham",36.0329550008979,-78.904037,55,NA
2024-02-16,2024,2,"Garinger High School","Mecklenburg",35.2401000008895,-80.785683,49,36
2024-02-16,2024,2,"Hattie Avenue","Forsyth",36.11094,-80.224501,41,NA
2024-02-16,2024,2,"Leggett","Edgecombe",35.988278,-77.5843,30,NA
2024-02-16,2024,2,"Mendenhall School","Guilford",36.1090060008986,-79.802314,39,NA
2024-02-16,2024,2,"Millbrook School","Wake",35.856111,-78.574167,37,36
2024-02-16,2024,2,"Pitt Agri. Center","Pitt",35.6412760008938,-77.360126,33,NA
2024-02-16,2024,2,"West Johnston Co.","Johnston",35.59095,-78.4622,49,NA
2024-02-17,2024,2,"Bryson City","Swain",35.434767,-83.442133,16,NA
2024-02-17,2024,2,"Castle Hayne","New Hanover",34.364167,-77.838611,54,NA
2024-02-17,2024,2,"Clemmons Middle","Forsyth",36.026612,-80.341962,30,NA
2024-02-17,2024,2,"Durham Armory","Durham",36.0329550008979,-78.904037,57,NA
2024-02-17,2024,2,"Garinger High School","Mecklenburg",35.2401000008895,-80.785683,29,36
2024-02-17,2024,2,"Hattie Avenue","Forsyth",36.11094,-80.224501,31,NA
2024-02-17,2024,2,"Leggett","Edgecombe",35.988278,-77.5843,24,NA
2024-02-17,2024,2,"Mendenhall School","Guilford",36.1090060008986,-79.802314,27,NA
2024-02-17,2024,2,"Millbrook School","Wake",35.856111,-78.574167,36,37
2024-02-17,2024,2,"Pitt Agri. Center","Pitt",35.6412760008938,-77.360126,28,NA
2024-02-17,2024,2,"West Johnston Co.","Johnston",35.59095,-78.4622,38,NA
2024-02-18,2024,2,"Bryson City","Swain",35.434767,-83.442133,13,NA
2024-02-18,2024,2,"Castle Hayne","New Hanover",34.364167,-77.838611,24,NA
2024-02-18,2024,2,"Clemmons Middle","Forsyth",36.026612,-80.341962,25.5,NA
2024-02-18,2024,2,"Durham Armory","Durham",36.0329550008979,-78.904037,57,NA
2024-02-18,2024,2,"Frying Pan Mountain","Haywood",35.379167,-82.7925,7,NA
2024-02-18,2024,2,"Garinger High School","Mecklenburg",35.2401000008895,-80.785683,30.5,34
2024-02-18,2024,2,"Hattie Avenue","Forsyth",36.11094,-80.224501,27,NA
2024-02-18,2024,2,"Leggett","Edgecombe",35.988278,-77.5843,22,NA
2024-02-18,2024,2,"Linville Falls","Avery",35.972347,-81.933072,9,NA
2024-02-18,2024,2,"Mendenhall School","Guilford",36.1090060008986,-79.802314,29,NA
2024-02-18,2024,2,"Millbrook School","Wake",35.856111,-78.574167,28,34
2024-02-18,2024,2,"Pitt Agri. Center","Pitt",35.6412760008938,-77.360126,24,NA
2024-02-18,2024,2,"West Johnston Co.","Johnston",35.59095,-78.4622,32,NA
2024-02-19,2024,2,"Bryson City","Swain",35.434767,-83.442133,12,NA
2024-02-19,2024,2,"Castle Hayne","New Hanover",34.364167,-77.838611,34,NA
2024-02-19,2024,2,"Clemmons Middle","Forsyth",36.026612,-80.341962,33,NA
2024-02-19,2024,2,"Durham Armory","Durham",36.0329550008979,-78.904037,61,NA
2024-02-19,2024,2,"Garinger High School","Mecklenburg",35.2401000008895,-80.785683,40,39
2024-02-19,2024,2,"Hattie Avenue","Forsyth",36.11094,-80.224501,30,NA
2024-02-19,2024,2,"Leggett","Edgecombe",35.988278,-77.5843,31,NA
2024-02-19,2024,2,"Mendenhall School","Guilford",36.1090060008986,-79.802314,32,NA
2024-02-19,2024,2,"Millbrook School","Wake",35.856111,-78.574167,33,41
2024-02-19,2024,2,"Pitt Agri. Center","Pitt",35.6412760008938,-77.360126,27,NA
2024-02-19,2024,2,"West Johnston Co.","Johnston",35.59095,-78.4622,36,NA
2024-02-20,2024,2,"Bryson City","Swain",35.434767,-83.442133,32,NA
2024-02-20,2024,2,"Castle Hayne","New Hanover",34.364167,-77.838611,59.5,NA
2024-02-20,2024,2,"Clemmons Middle","Forsyth",36.026612,-80.341962,53,NA
2024-02-20,2024,2,"Durham Armory","Durham",36.0329550008979,-78.904037,61,NA
2024-02-20,2024,2,"Garinger High School","Mecklenburg",35.2401000008895,-80.785683,54,44
2024-02-20,2024,2,"Hattie Avenue","Forsyth",36.11094,-80.224501,48,NA
2024-02-20,2024,2,"Leggett","Edgecombe",35.988278,-77.5843,33,NA
2024-02-20,2024,2,"Mendenhall School","Guilford",36.1090060008986,-79.802314,49,NA
2024-02-20,2024,2,"Millbrook School","Wake",35.856111,-78.574167,39,43
2024-02-20,2024,2,"Pitt Agri. Center","Pitt",35.6412760008938,-77.360126,27,NA
2024-02-20,2024,2,"West Johnston Co.","Johnston",35.59095,-78.4622,34,NA
2024-02-21,2024,2,"Bryson City","Swain",35.434767,-83.442133,61,NA
2024-02-21,2024,2,"Castle Hayne","New Hanover",34.364167,-77.838611,25.5,NA
2024-02-21,2024,2,"Clemmons Middle","Forsyth",36.026612,-80.341962,55,NA
2024-02-21,2024,2,"Durham Armory","Durham",36.0329550008979,-78.904037,61,NA
2024-02-21,2024,2,"Frying Pan Mountain","Haywood",35.379167,-82.7925,47,NA
2024-02-21,2024,2,"Garinger High School","Mecklenburg",35.2401000008895,-80.785683,57,40
2024-02-21,2024,2,"Hattie Avenue","Forsyth",36.11094,-80.224501,55,NA
2024-02-21,2024,2,"Leggett","Edgecombe",35.988278,-77.5843,20,NA
2024-02-21,2024,2,"Linville Falls","Avery",35.972347,-81.933072,52,NA
2024-02-21,2024,2,"Mendenhall School","Guilford",36.1090060008986,-79.802314,54,NA
2024-02-21,2024,2,"Millbrook School","Wake",35.856111,-78.574167,33.5,43
2024-02-21,2024,2,"Pitt Agri. Center","Pitt",35.6412760008938,-77.360126,24,NA
2024-02-21,2024,2,"West Johnston Co.","Johnston",35.59095,-78.4622,33,NA
2024-02-22,2024,2,"Bryson City","Swain",35.434767,-83.442133,61,NA
2024-02-22,2024,2,"Castle Hayne","New Hanover",34.364167,-77.838611,55.5,NA
2024-02-22,2024,2,"Clemmons Middle","Forsyth",36.026612,-80.341962,85,NA
2024-02-22,2024,2,"Durham Armory","Durham",36.0329550008979,-78.904037,80,NA
2024-02-22,2024,2,"Garinger High School","Mecklenburg",35.2401000008895,-80.785683,74,64
2024-02-22,2024,2,"Hattie Avenue","Forsyth",36.11094,-80.224501,88,NA
2024-02-22,2024,2,"Leggett","Edgecombe",35.988278,-77.5843,55,NA
2024-02-22,2024,2,"Mendenhall School","Guilford",36.1090060008986,-79.802314,77,NA
2024-02-22,2024,2,"Millbrook School","Wake",35.856111,-78.574167,72,58
2024-02-22,2024,2,"Pitt Agri. Center","Pitt",35.6412760008938,-77.360126,56,NA
2024-02-22,2024,2,"West Johnston Co.","Johnston",35.59095,-78.4622,65,NA
2024-02-23,2024,2,"Bryson City","Swain",35.434767,-83.442133,20,NA
2024-02-23,2024,2,"Castle Hayne","New Hanover",34.364167,-77.838611,48,NA
2024-02-23,2024,2,"Clemmons Middle","Forsyth",36.026612,-80.341962,78,NA
2024-02-23,2024,2,"Durham Armory","Durham",36.0329550008979,-78.904037,79,NA
2024-02-23,2024,2,"Garinger High School","Mecklenburg",35.2401000008895,-80.785683,63,36
2024-02-23,2024,2,"Hattie Avenue","Forsyth",36.11094,-80.224501,79,NA
2024-02-23,2024,2,"Leggett","Edgecombe",35.988278,-77.5843,59,NA
2024-02-23,2024,2,"Mendenhall School","Guilford",36.1090060008986,-79.802314,73,NA
2024-02-23,2024,2,"Millbrook School","Wake",35.856111,-78.574167,79,29
2024-02-23,2024,2,"Pitt Agri. Center","Pitt",35.6412760008938,-77.360126,58,NA
2024-02-23,2024,2,"West Johnston Co.","Johnston",35.59095,-78.4622,63,NA
2024-02-24,2024,2,"Bryson City","Swain",35.434767,-83.442133,8,NA
2024-02-24,2024,2,"Castle Hayne","New Hanover",34.364167,-77.838611,32.5,NA
2024-02-24,2024,2,"Clemmons Middle","Forsyth",36.026612,-80.341962,21,NA
2024-02-24,2024,2,"Durham Armory","Durham",36.0329550008979,-78.904037,57,NA
2024-02-24,2024,2,"Frying Pan Mountain","Haywood",35.379167,-82.7925,8,NA
2024-02-24,2024,2,"Garinger High School","Mecklenburg",35.2401000008895,-80.785683,21.5,36
2024-02-24,2024,2,"Hattie Avenue","Forsyth",36.11094,-80.224501,20.5,NA
2024-02-24,2024,2,"Leggett","Edgecombe",35.988278,-77.5843,38,NA
2024-02-24,2024,2,"Linville Falls","Avery",35.972347,-81.933072,11,NA
2024-02-24,2024,2,"Mendenhall School","Guilford",36.1090060008986,-79.802314,18,NA
2024-02-24,2024,2,"Millbrook School","Wake",35.856111,-78.574167,28,37
2024-02-24,2024,2,"Pitt Agri. Center","Pitt",35.6412760008938,-77.360126,39,NA
2024-02-24,2024,2,"West Johnston Co.","Johnston",35.59095,-78.4622,28,NA
2024-02-25,2024,2,"Bryson City","Swain",35.434767,-83.442133,11,NA
2024-02-25,2024,2,"Castle Hayne","New Hanover",34.364167,-77.838611,34,NA
2024-02-25,2024,2,"Clemmons Middle","Forsyth",36.026612,-80.341962,26,NA
2024-02-25,2024,2,"Durham Armory","Durham",36.0329550008979,-78.904037,52,NA
2024-02-25,2024,2,"Garinger High School","Mecklenburg",35.2401000008895,-80.785683,25,39
2024-02-25,2024,2,"Hattie Avenue","Forsyth",36.11094,-80.224501,24,NA
2024-02-25,2024,2,"Mendenhall School","Guilford",36.1090060008986,-79.802314,21,NA
2024-02-25,2024,2,"Millbrook School","Wake",35.856111,-78.574167,31,35
2024-02-25,2024,2,"Pitt Agri. Center","Pitt",35.6412760008938,-77.360126,22,NA
2024-02-25,2024,2,"West Johnston Co.","Johnston",35.59095,-78.4622,27,NA
2024-02-26,2024,2,"Bryson City","Swain",35.434767,-83.442133,49,NA
2024-02-26,2024,2,"Castle Hayne","New Hanover",34.364167,-77.838611,56.5,NA
2024-02-26,2024,2,"Clemmons Middle","Forsyth",36.026612,-80.341962,59,NA
2024-02-26,2024,2,"Durham Armory","Durham",36.0329550008979,-78.904037,66,NA
2024-02-26,2024,2,"Garinger High School","Mecklenburg",35.2401000008895,-80.785683,58,48
2024-02-26,2024,2,"Hattie Avenue","Forsyth",36.11094,-80.224501,59,NA
2024-02-26,2024,2,"Mendenhall School","Guilford",36.1090060008986,-79.802314,57,NA
2024-02-26,2024,2,"Millbrook School","Wake",35.856111,-78.574167,59,NA
2024-02-26,2024,2,"Pitt Agri. Center","Pitt",35.6412760008938,-77.360126,52,NA
2024-02-26,2024,2,"West Johnston Co.","Johnston",35.59095,-78.4622,54,NA
2024-02-27,2024,2,"Bryson City","Swain",35.434767,-83.442133,60,NA
2024-02-27,2024,2,"Castle Hayne","New Hanover",34.364167,-77.838611,39.5,NA
2024-02-27,2024,2,"Clemmons Middle","Forsyth",36.026612,-80.341962,67,NA
2024-02-27,2024,2,"Durham Armory","Durham",36.0329550008979,-78.904037,67,NA
2024-02-27,2024,2,"Frying Pan Mountain","Haywood",35.379167,-82.7925,44,NA
2024-02-27,2024,2,"Garinger High School","Mecklenburg",35.2401000008895,-80.785683,59,40
2024-02-27,2024,2,"Hattie Avenue","Forsyth",36.11094,-80.224501,66,NA
2024-02-27,2024,2,"Linville Falls","Avery",35.972347,-81.933072,58,NA
2024-02-27,2024,2,"Mendenhall School","Guilford",36.1090060008986,-79.802314,63,NA
2024-02-27,2024,2,"Millbrook School","Wake",35.856111,-78.574167,57.5,NA
2024-02-27,2024,2,"Pitt Agri. Center","Pitt",35.6412760008938,-77.360126,39,NA
2024-02-27,2024,2,"West Johnston Co.","Johnston",35.59095,-78.4622,54,NA
2024-02-28,2024,2,"Bryson City","Swain",35.434767,-83.442133,44,NA
2024-02-28,2024,2,"Castle Hayne","New Hanover",34.364167,-77.838611,46.5,NA
2024-02-28,2024,2,"Clemmons Middle","Forsyth",36.026612,-80.341962,48,NA
2024-02-28,2024,2,"Durham Armory","Durham",36.0329550008979,-78.904037,58,NA
2024-02-28,2024,2,"Garinger High School","Mecklenburg",35.2401000008895,-80.785683,49,38
2024-02-28,2024,2,"Hattie Avenue","Forsyth",36.11094,-80.224501,50,NA
2024-02-28,2024,2,"Mendenhall School","Guilford",36.1090060008986,-79.802314,52,NA
2024-02-28,2024,2,"Millbrook School","Wake",35.856111,-78.574167,51,NA
2024-02-28,2024,2,"Pitt Agri. Center","Pitt",35.6412760008938,-77.360126,42,NA
2024-02-28,2024,2,"West Johnston Co.","Johnston",35.59095,-78.4622,44,NA
2024-02-29,2024,2,"Bryson City","Swain",35.434767,-83.442133,11,NA
2024-02-29,2024,2,"Castle Hayne","New Hanover",34.364167,-77.838611,21.5,NA
2024-02-29,2024,2,"Clemmons Middle","Forsyth",36.026612,-80.341962,40,NA
2024-02-29,2024,2,"Durham Armory","Durham",36.0329550008979,-78.904037,53,NA
2024-02-29,2024,2,"Garinger High School","Mecklenburg",35.2401000008895,-80.785683,14,33
2024-02-29,2024,2,"Hattie Avenue","Forsyth",36.11094,-80.224501,19,NA
2024-02-29,2024,2,"Mendenhall School","Guilford",36.1090060008986,-79.802314,17,NA
2024-02-29,2024,2,"Millbrook School","Wake",35.856111,-78.574167,18,34
2024-02-29,2024,2,"Pitt Agri. Center","Pitt",35.6412760008938,-77.360126,8,NA
2024-02-29,2024,2,"West Johnston Co.","Johnston",35.59095,-78.4622,21,NA
2024-03-01,2024,3,"Bryson City","Swain",35.434767,-83.442133,23,31
2024-03-01,2024,3,"Castle Hayne","New Hanover",34.364167,-77.838611,30,41
2024-03-01,2024,3,"Clemmons Middle","Forsyth",36.026612,-80.341962,45,27
2024-03-01,2024,3,"Durham Armory","Durham",36.0329550008979,-78.904037,56,31
2024-03-01,2024,3,"Frying Pan Mountain","Haywood",35.379167,-82.7925,4,42
2024-03-01,2024,3,"Garinger High School","Mecklenburg",35.2401000008895,-80.785683,48,23
2024-03-01,2024,3,"Hattie Avenue","Forsyth",36.11094,-80.224501,39.5,27
2024-03-01,2024,3,"Leggett","Edgecombe",35.988278,-77.5843,NA,37
2024-03-01,2024,3,"Linville Falls","Avery",35.972347,-81.933072,21,31
2024-03-01,2024,3,"Mendenhall School","Guilford",36.1090060008986,-79.802314,41,29
2024-03-01,2024,3,"Millbrook School","Wake",35.856111,-78.574167,41.5,33
2024-03-01,2024,3,"Pitt Agri. Center","Pitt",35.6412760008938,-77.360126,21,39
2024-03-01,2024,3,"West Johnston Co.","Johnston",35.59095,-78.4622,34,36
2024-03-02,2024,3,"Bryson City","Swain",35.434767,-83.442133,20,34
2024-03-02,2024,3,"Castle Hayne","New Hanover",34.364167,-77.838611,20.5,34
2024-03-02,2024,3,"Clemmons Middle","Forsyth",36.026612,-80.341962,15,37
2024-03-02,2024,3,"Durham Armory","Durham",36.0329550008979,-78.904037,27,28
2024-03-02,2024,3,"Frying Pan Mountain","Haywood",35.379167,-82.7925,NA,49
2024-03-02,2024,3,"Garinger High School","Mecklenburg",35.2401000008895,-80.785683,31,31
2024-03-02,2024,3,"Hattie Avenue","Forsyth",36.11094,-80.224501,14,35
2024-03-02,2024,3,"Leggett","Edgecombe",35.988278,-77.5843,NA,31
2024-03-02,2024,3,"Linville Falls","Avery",35.972347,-81.933072,NA,37
2024-03-02,2024,3,"Mendenhall School","Guilford",36.1090060008986,-79.802314,18,34
2024-03-02,2024,3,"Millbrook School","Wake",35.856111,-78.574167,19,31
2024-03-02,2024,3,"Pitt Agri. Center","Pitt",35.6412760008938,-77.360126,23,31
2024-03-02,2024,3,"West Johnston Co.","Johnston",35.59095,-78.4622,21,33
2024-03-03,2024,3,"Bryson City","Swain",35.434767,-83.442133,23,35
2024-03-03,2024,3,"Castle Hayne","New Hanover",34.364167,-77.838611,22,29
2024-03-03,2024,3,"Clemmons Middle","Forsyth",36.026612,-80.341962,46,39
2024-03-03,2024,3,"Durham Armory","Durham",36.0329550008979,-78.904037,44,29
2024-03-03,2024,3,"Frying Pan Mountain","Haywood",35.379167,-82.7925,NA,44
2024-03-03,2024,3,"Garinger High School","Mecklenburg",35.2401000008895,-80.785683,48,31
2024-03-03,2024,3,"Hattie Avenue","Forsyth",36.11094,-80.224501,51,35
2024-03-03,2024,3,"Leggett","Edgecombe",35.988278,-77.5843,NA,33
2024-03-03,2024,3,"Linville Falls","Avery",35.972347,-81.933072,NA,38
2024-03-03,2024,3,"Mendenhall School","Guilford",36.1090060008986,-79.802314,52,33
2024-03-03,2024,3,"Millbrook School","Wake",35.856111,-78.574167,35,31
2024-03-03,2024,3,"Pitt Agri. Center","Pitt",35.6412760008938,-77.360126,17,31
2024-03-03,2024,3,"West Johnston Co.","Johnston",35.59095,-78.4622,48,31
2024-03-04,2024,3,"Bryson City","Swain",35.434767,-83.442133,33,31
2024-03-04,2024,3,"Castle Hayne","New Hanover",34.364167,-77.838611,16.5,33
2024-03-04,2024,3,"Clemmons Middle","Forsyth",36.026612,-80.341962,44,40
2024-03-04,2024,3,"Durham Armory","Durham",36.0329550008979,-78.904037,NA,37
2024-03-04,2024,3,"Frying Pan Mountain","Haywood",35.379167,-82.7925,24,34
2024-03-04,2024,3,"Garinger High School","Mecklenburg",35.2401000008895,-80.785683,49.5,36
2024-03-04,2024,3,"Hattie Avenue","Forsyth",36.11094,-80.224501,46.5,36
2024-03-04,2024,3,"Leggett","Edgecombe",35.988278,-77.5843,NA,33
2024-03-04,2024,3,"Linville Falls","Avery",35.972347,-81.933072,58,36
2024-03-04,2024,3,"Mendenhall School","Guilford",36.1090060008986,-79.802314,28,37
2024-03-04,2024,3,"Millbrook School","Wake",35.856111,-78.574167,24,35
2024-03-04,2024,3,"Pitt Agri. Center","Pitt",35.6412760008938,-77.360126,12,30
2024-03-04,2024,3,"West Johnston Co.","Johnston",35.59095,-78.4622,12,36
2024-03-05,2024,3,"Bryson City","Swain",35.434767,-83.442133,42,36
2024-03-05,2024,3,"Castle Hayne","New Hanover",34.364167,-77.838611,19.5,41
2024-03-05,2024,3,"Clemmons Middle","Forsyth",36.026612,-80.341962,36,44
2024-03-05,2024,3,"Durham Armory","Durham",36.0329550008979,-78.904037,NA,29
2024-03-05,2024,3,"Frying Pan Mountain","Haywood",35.379167,-82.7925,NA,40
2024-03-05,2024,3,"Garinger High School","Mecklenburg",35.2401000008895,-80.785683,47,42
2024-03-05,2024,3,"Hattie Avenue","Forsyth",36.11094,-80.224501,34,40
2024-03-05,2024,3,"Leggett","Edgecombe",35.988278,-77.5843,NA,30
2024-03-05,2024,3,"Linville Falls","Avery",35.972347,-81.933072,NA,43
2024-03-05,2024,3,"Mendenhall School","Guilford",36.1090060008986,-79.802314,18,40
2024-03-05,2024,3,"Millbrook School","Wake",35.856111,-78.574167,17,29
2024-03-05,2024,3,"Pitt Agri. Center","Pitt",35.6412760008938,-77.360126,10,28
2024-03-05,2024,3,"West Johnston Co.","Johnston",35.59095,-78.4622,12,35
2024-03-06,2024,3,"Bryson City","Swain",35.434767,-83.442133,19,31
2024-03-06,2024,3,"Castle Hayne","New Hanover",34.364167,-77.838611,22.5,26
2024-03-06,2024,3,"Clemmons Middle","Forsyth",36.026612,-80.341962,48,23
2024-03-06,2024,3,"Durham Armory","Durham",36.0329550008979,-78.904037,27,25
2024-03-06,2024,3,"Frying Pan Mountain","Haywood",35.379167,-82.7925,NA,40
2024-03-06,2024,3,"Garinger High School","Mecklenburg",35.2401000008895,-80.785683,46,29
2024-03-06,2024,3,"Hattie Avenue","Forsyth",36.11094,-80.224501,41,23
2024-03-06,2024,3,"Leggett","Edgecombe",35.988278,-77.5843,NA,23
2024-03-06,2024,3,"Linville Falls","Avery",35.972347,-81.933072,NA,40
2024-03-06,2024,3,"Mendenhall School","Guilford",36.1090060008986,-79.802314,34,21
2024-03-06,2024,3,"Millbrook School","Wake",35.856111,-78.574167,29,26
2024-03-06,2024,3,"Pitt Agri. Center","Pitt",35.6412760008938,-77.360126,13,19
2024-03-06,2024,3,"West Johnston Co.","Johnston",35.59095,-78.4622,24,27
2024-03-07,2024,3,"Bryson City","Swain",35.434767,-83.442133,14,35
2024-03-07,2024,3,"Castle Hayne","New Hanover",34.364167,-77.838611,17.5,34
2024-03-07,2024,3,"Clemmons Middle","Forsyth",36.026612,-80.341962,22.5,40
2024-03-07,2024,3,"Durham Armory","Durham",36.0329550008979,-78.904037,32,36
2024-03-07,2024,3,"Frying Pan Mountain","Haywood",35.379167,-82.7925,4,38
2024-03-07,2024,3,"Garinger High School","Mecklenburg",35.2401000008895,-80.785683,22.5,40
2024-03-07,2024,3,"Hattie Avenue","Forsyth",36.11094,-80.224501,19.5,36
2024-03-07,2024,3,"Leggett","Edgecombe",35.988278,-77.5843,NA,35
2024-03-07,2024,3,"Linville Falls","Avery",35.972347,-81.933072,10,36
2024-03-07,2024,3,"Mendenhall School","Guilford",36.1090060008986,-79.802314,16,36
2024-03-07,2024,3,"Millbrook School","Wake",35.856111,-78.574167,15.5,37
2024-03-07,2024,3,"Pitt Agri. Center","Pitt",35.6412760008938,-77.360126,14,35
2024-03-07,2024,3,"West Johnston Co.","Johnston",35.59095,-78.4622,19,39
2024-03-08,2024,3,"Bryson City","Swain",35.434767,-83.442133,19,32
2024-03-08,2024,3,"Castle Hayne","New Hanover",34.364167,-77.838611,17.5,36
2024-03-08,2024,3,"Clemmons Middle","Forsyth",36.026612,-80.341962,24,36
2024-03-08,2024,3,"Durham Armory","Durham",36.0329550008979,-78.904037,43,35
2024-03-08,2024,3,"Frying Pan Mountain","Haywood",35.379167,-82.7925,NA,35
2024-03-08,2024,3,"Garinger High School","Mecklenburg",35.2401000008895,-80.785683,43,30
2024-03-08,2024,3,"Hattie Avenue","Forsyth",36.11094,-80.224501,22,32
2024-03-08,2024,3,"Leggett","Edgecombe",35.988278,-77.5843,NA,34
2024-03-08,2024,3,"Linville Falls","Avery",35.972347,-81.933072,NA,32
2024-03-08,2024,3,"Mendenhall School","Guilford",36.1090060008986,-79.802314,24,34
2024-03-08,2024,3,"Millbrook School","Wake",35.856111,-78.574167,19,34
2024-03-08,2024,3,"Pitt Agri. Center","Pitt",35.6412760008938,-77.360126,15,34
2024-03-08,2024,3,"West Johnston Co.","Johnston",35.59095,-78.4622,17,36
2024-03-09,2024,3,"Bryson City","Swain",35.434767,-83.442133,7,29
2024-03-09,2024,3,"Castle Hayne","New Hanover",34.364167,-77.838611,29.5,34
2024-03-09,2024,3,"Clemmons Middle","Forsyth",36.026612,-80.341962,15,25
2024-03-09,2024,3,"Durham Armory","Durham",36.0329550008979,-78.904037,18,27
2024-03-09,2024,3,"Frying Pan Mountain","Haywood",35.379167,-82.7925,NA,38
2024-03-09,2024,3,"Garinger High School","Mecklenburg",35.2401000008895,-80.785683,10,22
2024-03-09,2024,3,"Hattie Avenue","Forsyth",36.11094,-80.224501,16,23
2024-03-09,2024,3,"Leggett","Edgecombe",35.988278,-77.5843,NA,29
2024-03-09,2024,3,"Linville Falls","Avery",35.972347,-81.933072,NA,30
2024-03-09,2024,3,"Mendenhall School","Guilford",36.1090060008986,-79.802314,12,23
2024-03-09,2024,3,"Millbrook School","Wake",35.856111,-78.574167,21,28
2024-03-09,2024,3,"Pitt Agri. Center","Pitt",35.6412760008938,-77.360126,23,29
2024-03-09,2024,3,"West Johnston Co.","Johnston",35.59095,-78.4622,24,28
2024-03-10,2024,3,"Bryson City","Swain",35.434767,-83.442133,3,40
2024-03-10,2024,3,"Castle Hayne","New Hanover",34.364167,-77.838611,15.5,42
2024-03-10,2024,3,"Clemmons Middle","Forsyth",36.026612,-80.341962,11,44
2024-03-10,2024,3,"Durham Armory","Durham",36.0329550008979,-78.904037,36,41
2024-03-10,2024,3,"Frying Pan Mountain","Haywood",35.379167,-82.7925,5,42
2024-03-10,2024,3,"Garinger High School","Mecklenburg",35.2401000008895,-80.785683,8.5,41
2024-03-10,2024,3,"Hattie Avenue","Forsyth",36.11094,-80.224501,9.5,39
2024-03-10,2024,3,"Leggett","Edgecombe",35.988278,-77.5843,NA,40
2024-03-10,2024,3,"Linville Falls","Avery",35.972347,-81.933072,7,40
2024-03-10,2024,3,"Mendenhall School","Guilford",36.1090060008986,-79.802314,10,40
2024-03-10,2024,3,"Millbrook School","Wake",35.856111,-78.574167,10.5,42
2024-03-10,2024,3,"Pitt Agri. Center","Pitt",35.6412760008938,-77.360126,1,41
2024-03-10,2024,3,"West Johnston Co.","Johnston",35.59095,-78.4622,11,43
2024-03-11,2024,3,"Bryson City","Swain",35.434767,-83.442133,8,44
2024-03-11,2024,3,"Castle Hayne","New Hanover",34.364167,-77.838611,20,43
2024-03-11,2024,3,"Clemmons Middle","Forsyth",36.026612,-80.341962,9,46
2024-03-11,2024,3,"Durham Armory","Durham",36.0329550008979,-78.904037,51,42
2024-03-11,2024,3,"Frying Pan Mountain","Haywood",35.379167,-82.7925,NA,47
2024-03-11,2024,3,"Garinger High School","Mecklenburg",35.2401000008895,-80.785683,9,43
2024-03-11,2024,3,"Hattie Avenue","Forsyth",36.11094,-80.224501,11,43
2024-03-11,2024,3,"Leggett","Edgecombe",35.988278,-77.5843,NA,42
2024-03-11,2024,3,"Linville Falls","Avery",35.972347,-81.933072,NA,46
2024-03-11,2024,3,"Mendenhall School","Guilford",36.1090060008986,-79.802314,6,43
2024-03-11,2024,3,"Millbrook School","Wake",35.856111,-78.574167,11,43
2024-03-11,2024,3,"Pitt Agri. Center","Pitt",35.6412760008938,-77.360126,11,42
2024-03-11,2024,3,"West Johnston Co.","Johnston",35.59095,-78.4622,17,44
2024-03-12,2024,3,"Bryson City","Swain",35.434767,-83.442133,27,39
2024-03-12,2024,3,"Castle Hayne","New Hanover",34.364167,-77.838611,46,50
2024-03-12,2024,3,"Clemmons Middle","Forsyth",36.026612,-80.341962,21,47
2024-03-12,2024,3,"Durham Armory","Durham",36.0329550008979,-78.904037,54,43
2024-03-12,2024,3,"Frying Pan Mountain","Haywood",35.379167,-82.7925,NA,48
2024-03-12,2024,3,"Garinger High School","Mecklenburg",35.2401000008895,-80.785683,43,43
2024-03-12,2024,3,"Hattie Avenue","Forsyth",36.11094,-80.224501,23,42
2024-03-12,2024,3,"Leggett","Edgecombe",35.988278,-77.5843,NA,45
2024-03-12,2024,3,"Linville Falls","Avery",35.972347,-81.933072,NA,44
2024-03-12,2024,3,"Mendenhall School","Guilford",36.1090060008986,-79.802314,19,43
2024-03-12,2024,3,"Millbrook School","Wake",35.856111,-78.574167,NA,43
2024-03-12,2024,3,"Pitt Agri. Center","Pitt",35.6412760008938,-77.360126,22,44
2024-03-12,2024,3,"West Johnston Co.","Johnston",35.59095,-78.4622,51,43
2024-03-13,2024,3,"Bryson City","Swain",35.434767,-83.442133,55,47
2024-03-13,2024,3,"Castle Hayne","New Hanover",34.364167,-77.838611,59,67
2024-03-13,2024,3,"Clemmons Middle","Forsyth",36.026612,-80.341962,49,67
2024-03-13,2024,3,"Durham Armory","Durham",36.0329550008979,-78.904037,59,48
2024-03-13,2024,3,"Frying Pan Mountain","Haywood",35.379167,-82.7925,NA,58
2024-03-13,2024,3,"Garinger High School","Mecklenburg",35.2401000008895,-80.785683,56,58
2024-03-13,2024,3,"Hattie Avenue","Forsyth",36.11094,-80.224501,50,50
2024-03-13,2024,3,"Leggett","Edgecombe",35.988278,-77.5843,55,50
2024-03-13,2024,3,"Linville Falls","Avery",35.972347,-81.933072,55,50
2024-03-13,2024,3,"Mendenhall School","Guilford",36.1090060008986,-79.802314,41,51
2024-03-13,2024,3,"Millbrook School","Wake",35.856111,-78.574167,NA,50
2024-03-13,2024,3,"Pitt Agri. Center","Pitt",35.6412760008938,-77.360126,56,54
2024-03-13,2024,3,"West Johnston Co.","Johnston",35.59095,-78.4622,65,51
2024-03-14,2024,3,"Bryson City","Swain",35.434767,-83.442133,83,61
2024-03-14,2024,3,"Castle Hayne","New Hanover",34.364167,-77.838611,76.5,97
2024-03-14,2024,3,"Clemmons Middle","Forsyth",36.026612,-80.341962,67,100
2024-03-14,2024,3,"Durham Armory","Durham",36.0329550008979,-78.904037,72,71
2024-03-14,2024,3,"Frying Pan Mountain","Haywood",35.379167,-82.7925,NA,77
2024-03-14,2024,3,"Garinger High School","Mecklenburg",35.2401000008895,-80.785683,69,80
2024-03-14,2024,3,"Hattie Avenue","Forsyth",36.11094,-80.224501,71,80
2024-03-14,2024,3,"Leggett","Edgecombe",35.988278,-77.5843,59,67
2024-03-14,2024,3,"Linville Falls","Avery",35.972347,-81.933072,NA,90
2024-03-14,2024,3,"Mendenhall School","Guilford",36.1090060008986,-79.802314,62,80
2024-03-14,2024,3,"Millbrook School","Wake",35.856111,-78.574167,NA,74
2024-03-14,2024,3,"Pitt Agri. Center","Pitt",35.6412760008938,-77.360126,66,74
2024-03-14,2024,3,"West Johnston Co.","Johnston",35.59095,-78.4622,66,80
2024-03-15,2024,3,"Bryson City","Swain",35.434767,-83.442133,58,33
2024-03-15,2024,3,"Castle Hayne","New Hanover",34.364167,-77.838611,68.5,54
2024-03-15,2024,3,"Clemmons Middle","Forsyth",36.026612,-80.341962,106,39
2024-03-15,2024,3,"Durham Armory","Durham",36.0329550008979,-78.904037,89,44
2024-03-15,2024,3,"Frying Pan Mountain","Haywood",35.379167,-82.7925,NA,36
2024-03-15,2024,3,"Garinger High School","Mecklenburg",35.2401000008895,-80.785683,89,33
2024-03-15,2024,3,"Hattie Avenue","Forsyth",36.11094,-80.224501,111,35
2024-03-15,2024,3,"Leggett","Edgecombe",35.988278,-77.5843,76,50
2024-03-15,2024,3,"Linville Falls","Avery",35.972347,-81.933072,NA,37
2024-03-15,2024,3,"Mendenhall School","Guilford",36.1090060008986,-79.802314,87,39
2024-03-15,2024,3,"Millbrook School","Wake",35.856111,-78.574167,NA,44
2024-03-15,2024,3,"Pitt Agri. Center","Pitt",35.6412760008938,-77.360126,73,54
2024-03-15,2024,3,"West Johnston Co.","Johnston",35.59095,-78.4622,74,47
2024-03-16,2024,3,"Bryson City","Swain",35.434767,-83.442133,16,38
2024-03-16,2024,3,"Castle Hayne","New Hanover",34.364167,-77.838611,53.5,40
2024-03-16,2024,3,"Clemmons Middle","Forsyth",36.026612,-80.341962,51,45
2024-03-16,2024,3,"Durham Armory","Durham",36.0329550008979,-78.904037,55,41
2024-03-16,2024,3,"Frying Pan Mountain","Haywood",35.379167,-82.7925,7,43
2024-03-16,2024,3,"Garinger High School","Mecklenburg",35.2401000008895,-80.785683,52.5,42
2024-03-16,2024,3,"Hattie Avenue","Forsyth",36.11094,-80.224501,47,43
2024-03-16,2024,3,"Leggett","Edgecombe",35.988278,-77.5843,37,39
2024-03-16,2024,3,"Linville Falls","Avery",35.972347,-81.933072,11,44
2024-03-16,2024,3,"Mendenhall School","Guilford",36.1090060008986,-79.802314,41,44
2024-03-16,2024,3,"Millbrook School","Wake",35.856111,-78.574167,53,42
2024-03-16,2024,3,"Pitt Agri. Center","Pitt",35.6412760008938,-77.360126,43,39
2024-03-16,2024,3,"West Johnston Co.","Johnston",35.59095,-78.4622,52,42
2024-03-17,2024,3,"Bryson City","Swain",35.434767,-83.442133,21,42
2024-03-17,2024,3,"Castle Hayne","New Hanover",34.364167,-77.838611,33,41
2024-03-17,2024,3,"Clemmons Middle","Forsyth",36.026612,-80.341962,29,44
2024-03-17,2024,3,"Durham Armory","Durham",36.0329550008979,-78.904037,52,43
2024-03-17,2024,3,"Frying Pan Mountain","Haywood",35.379167,-82.7925,NA,42
2024-03-17,2024,3,"Garinger High School","Mecklenburg",35.2401000008895,-80.785683,33,41
2024-03-17,2024,3,"Hattie Avenue","Forsyth",36.11094,-80.224501,27,42
2024-03-17,2024,3,"Leggett","Edgecombe",35.988278,-77.5843,46,44
2024-03-17,2024,3,"Linville Falls","Avery",35.972347,-81.933072,NA,44
2024-03-17,2024,3,"Mendenhall School","Guilford",36.1090060008986,-79.802314,32,43
2024-03-17,2024,3,"Millbrook School","Wake",35.856111,-78.574167,NA,43
2024-03-17,2024,3,"Pitt Agri. Center","Pitt",35.6412760008938,-77.360126,39,42
2024-03-17,2024,3,"West Johnston Co.","Johnston",35.59095,-78.4622,50,43
2024-03-18,2024,3,"Bryson City","Swain",35.434767,-83.442133,11,40
2024-03-18,2024,3,"Castle Hayne","New Hanover",34.364167,-77.838611,29.5,42
2024-03-18,2024,3,"Clemmons Middle","Forsyth",36.026612,-80.341962,16,47
2024-03-18,2024,3,"Durham Armory","Durham",36.0329550008979,-78.904037,47,44
2024-03-18,2024,3,"Frying Pan Mountain","Haywood",35.379167,-82.7925,NA,42
2024-03-18,2024,3,"Garinger High School","Mecklenburg",35.2401000008895,-80.785683,21,42
2024-03-18,2024,3,"Hattie Avenue","Forsyth",36.11094,-80.224501,17,44
2024-03-18,2024,3,"Leggett","Edgecombe",35.988278,-77.5843,13,43
2024-03-18,2024,3,"Linville Falls","Avery",35.972347,-81.933072,NA,44
2024-03-18,2024,3,"Mendenhall School","Guilford",36.1090060008986,-79.802314,13,44
2024-03-18,2024,3,"Millbrook School","Wake",35.856111,-78.574167,NA,44
2024-03-18,2024,3,"Pitt Agri. Center","Pitt",35.6412760008938,-77.360126,22,43
2024-03-18,2024,3,"West Johnston Co.","Johnston",35.59095,-78.4622,21,45
2024-03-19,2024,3,"Bryson City","Swain",35.434767,-83.442133,63,45
2024-03-19,2024,3,"Castle Hayne","New Hanover",34.364167,-77.838611,28.5,37
2024-03-19,2024,3,"Clemmons Middle","Forsyth",36.026612,-80.341962,24.5,42
2024-03-19,2024,3,"Durham Armory","Durham",36.0329550008979,-78.904037,55,37
2024-03-19,2024,3,"Frying Pan Mountain","Haywood",35.379167,-82.7925,17,44
2024-03-19,2024,3,"Garinger High School","Mecklenburg",35.2401000008895,-80.785683,19.5,37
2024-03-19,2024,3,"Hattie Avenue","Forsyth",36.11094,-80.224501,22,36
2024-03-19,2024,3,"Leggett","Edgecombe",35.988278,-77.5843,24,37
2024-03-19,2024,3,"Linville Falls","Avery",35.972347,-81.933072,18,44
2024-03-19,2024,3,"Mendenhall School","Guilford",36.1090060008986,-79.802314,20,37
2024-03-19,2024,3,"Millbrook School","Wake",35.856111,-78.574167,28,37
2024-03-19,2024,3,"Pitt Agri. Center","Pitt",35.6412760008938,-77.360126,17,36
2024-03-19,2024,3,"West Johnston Co.","Johnston",35.59095,-78.4622,29,37
2024-03-20,2024,3,"Bryson City","Swain",35.434767,-83.442133,62,47
2024-03-20,2024,3,"Castle Hayne","New Hanover",34.364167,-77.838611,59,49
2024-03-20,2024,3,"Clemmons Middle","Forsyth",36.026612,-80.341962,34,49
2024-03-20,2024,3,"Durham Armory","Durham",36.0329550008979,-78.904037,61,46
2024-03-20,2024,3,"Frying Pan Mountain","Haywood",35.379167,-82.7925,NA,48
2024-03-20,2024,3,"Garinger High School","Mecklenburg",35.2401000008895,-80.785683,52,48
2024-03-20,2024,3,"Hattie Avenue","Forsyth",36.11094,-80.224501,38,44
2024-03-20,2024,3,"Leggett","Edgecombe",35.988278,-77.5843,46,49
2024-03-20,2024,3,"Linville Falls","Avery",35.972347,-81.933072,NA,48
2024-03-20,2024,3,"Mendenhall School","Guilford",36.1090060008986,-79.802314,32,45
2024-03-20,2024,3,"Millbrook School","Wake",35.856111,-78.574167,53,47
2024-03-20,2024,3,"Pitt Agri. Center","Pitt",35.6412760008938,-77.360126,58,48
2024-03-20,2024,3,"West Johnston Co.","Johnston",35.59095,-78.4622,54,49
2024-03-21,2024,3,"Bryson City","Swain",35.434767,-83.442133,37,44
2024-03-21,2024,3,"Castle Hayne","New Hanover",34.364167,-77.838611,65,43
2024-03-21,2024,3,"Clemmons Middle","Forsyth",36.026612,-80.341962,30,54
2024-03-21,2024,3,"Durham Armory","Durham",36.0329550008979,-78.904037,NA,44
2024-03-21,2024,3,"Frying Pan Mountain","Haywood",35.379167,-82.7925,NA,54
2024-03-21,2024,3,"Garinger High School","Mecklenburg",35.2401000008895,-80.785683,37,47
2024-03-21,2024,3,"Hattie Avenue","Forsyth",36.11094,-80.224501,24,47
2024-03-21,2024,3,"Leggett","Edgecombe",35.988278,-77.5843,29,44
2024-03-21,2024,3,"Linville Falls","Avery",35.972347,-81.933072,NA,48
2024-03-21,2024,3,"Mendenhall School","Guilford",36.1090060008986,-79.802314,25,48
2024-03-21,2024,3,"Millbrook School","Wake",35.856111,-78.574167,50,44
2024-03-21,2024,3,"Pitt Agri. Center","Pitt",35.6412760008938,-77.360126,39,44
2024-03-21,2024,3,"West Johnston Co.","Johnston",35.59095,-78.4622,55,47
2024-03-22,2024,3,"Bryson City","Swain",35.434767,-83.442133,46,49
2024-03-22,2024,3,"Castle Hayne","New Hanover",34.364167,-77.838611,33.5,44
2024-03-22,2024,3,"Clemmons Middle","Forsyth",36.026612,-80.341962,56,35
2024-03-22,2024,3,"Durham Armory","Durham",36.0329550008979,-78.904037,NA,37
2024-03-22,2024,3,"Frying Pan Mountain","Haywood",35.379167,-82.7925,42,51
2024-03-22,2024,3,"Garinger High School","Mecklenburg",35.2401000008895,-80.785683,58.5,33
2024-03-22,2024,3,"Hattie Avenue","Forsyth",36.11094,-80.224501,54,32
2024-03-22,2024,3,"Leggett","Edgecombe",35.988278,-77.5843,46,40
2024-03-22,2024,3,"Linville Falls","Avery",35.972347,-81.933072,65,44
2024-03-22,2024,3,"Mendenhall School","Guilford",36.1090060008986,-79.802314,55,33
2024-03-22,2024,3,"Millbrook School","Wake",35.856111,-78.574167,44,38
2024-03-22,2024,3,"Pitt Agri. Center","Pitt",35.6412760008938,-77.360126,32,39
2024-03-22,2024,3,"West Johnston Co.","Johnston",35.59095,-78.4622,50,40
2024-03-23,2024,3,"Bryson City","Swain",35.434767,-83.442133,26,39
2024-03-23,2024,3,"Castle Hayne","New Hanover",34.364167,-77.838611,23.5,34
2024-03-23,2024,3,"Clemmons Middle","Forsyth",36.026612,-80.341962,18,44
2024-03-23,2024,3,"Durham Armory","Durham",36.0329550008979,-78.904037,23,36
2024-03-23,2024,3,"Frying Pan Mountain","Haywood",35.379167,-82.7925,NA,61
2024-03-23,2024,3,"Garinger High School","Mecklenburg",35.2401000008895,-80.785683,19,42
2024-03-23,2024,3,"Hattie Avenue","Forsyth",36.11094,-80.224501,18,40
2024-03-23,2024,3,"Leggett","Edgecombe",35.988278,-77.5843,13,35
2024-03-23,2024,3,"Linville Falls","Avery",35.972347,-81.933072,NA,40
2024-03-23,2024,3,"Mendenhall School","Guilford",36.1090060008986,-79.802314,13,38
2024-03-23,2024,3,"Millbrook School","Wake",35.856111,-78.574167,15,37
2024-03-23,2024,3,"Pitt Agri. Center","Pitt",35.6412760008938,-77.360126,16,34
2024-03-23,2024,3,"West Johnston Co.","Johnston",35.59095,-78.4622,16,36
2024-03-24,2024,3,"Bryson City","Swain",35.434767,-83.442133,21,44
2024-03-24,2024,3,"Castle Hayne","New Hanover",34.364167,-77.838611,22.5,44
2024-03-24,2024,3,"Clemmons Middle","Forsyth",36.026612,-80.341962,23,48
2024-03-24,2024,3,"Durham Armory","Durham",36.0329550008979,-78.904037,39,43
2024-03-24,2024,3,"Frying Pan Mountain","Haywood",35.379167,-82.7925,NA,64
2024-03-24,2024,3,"Garinger High School","Mecklenburg",35.2401000008895,-80.785683,20,44
2024-03-24,2024,3,"Hattie Avenue","Forsyth",36.11094,-80.224501,23,44
2024-03-24,2024,3,"Leggett","Edgecombe",35.988278,-77.5843,16,40
2024-03-24,2024,3,"Linville Falls","Avery",35.972347,-81.933072,NA,51
2024-03-24,2024,3,"Mendenhall School","Guilford",36.1090060008986,-79.802314,22,43
2024-03-24,2024,3,"Millbrook School","Wake",35.856111,-78.574167,20,44
2024-03-24,2024,3,"Pitt Agri. Center","Pitt",35.6412760008938,-77.360126,12,42
2024-03-24,2024,3,"West Johnston Co.","Johnston",35.59095,-78.4622,18,44
2024-03-25,2024,3,"Bryson City","Swain",35.434767,-83.442133,18,51
2024-03-25,2024,3,"Castle Hayne","New Hanover",34.364167,-77.838611,42,42
2024-03-25,2024,3,"Clemmons Middle","Forsyth",36.026612,-80.341962,34,58
2024-03-25,2024,3,"Durham Armory","Durham",36.0329550008979,-78.904037,51,44
2024-03-25,2024,3,"Frying Pan Mountain","Haywood",35.379167,-82.7925,14,NA
2024-03-25,2024,3,"Garinger High School","Mecklenburg",35.2401000008895,-80.785683,55,46
2024-03-25,2024,3,"Hattie Avenue","Forsyth",36.11094,-80.224501,29,48
2024-03-25,2024,3,"Leggett","Edgecombe",35.988278,-77.5843,29,NA
2024-03-25,2024,3,"Linville Falls","Avery",35.972347,-81.933072,18,54
2024-03-25,2024,3,"Mendenhall School","Guilford",36.1090060008986,-79.802314,32,46
2024-03-25,2024,3,"Millbrook School","Wake",35.856111,-78.574167,31.5,44
2024-03-25,2024,3,"Pitt Agri. Center","Pitt",35.6412760008938,-77.360126,34,43
2024-03-25,2024,3,"West Johnston Co.","Johnston",35.59095,-78.4622,29,47
2024-03-26,2024,3,"Bryson City","Swain",35.434767,-83.442133,18,34
2024-03-26,2024,3,"Castle Hayne","New Hanover",34.364167,-77.838611,47.5,39
2024-03-26,2024,3,"Clemmons Middle","Forsyth",36.026612,-80.341962,42,35
2024-03-26,2024,3,"Durham Armory","Durham",36.0329550008979,-78.904037,55,38
2024-03-26,2024,3,"Frying Pan Mountain","Haywood",35.379167,-82.7925,NA,41
2024-03-26,2024,3,"Garinger High School","Mecklenburg",35.2401000008895,-80.785683,60,37
2024-03-26,2024,3,"Hattie Avenue","Forsyth",36.11094,-80.224501,42,33
2024-03-26,2024,3,"Leggett","Edgecombe",35.988278,-77.5843,37,NA
2024-03-26,2024,3,"Linville Falls","Avery",35.972347,-81.933072,NA,39
2024-03-26,2024,3,"Mendenhall School","Guilford",36.1090060008986,-79.802314,48,36
2024-03-26,2024,3,"Millbrook School","Wake",35.856111,-78.574167,44,40
2024-03-26,2024,3,"Pitt Agri. Center","Pitt",35.6412760008938,-77.360126,36,36
2024-03-26,2024,3,"West Johnston Co.","Johnston",35.59095,-78.4622,46,41
2024-03-27,2024,3,"Bryson City","Swain",35.434767,-83.442133,17,40
2024-03-27,2024,3,"Castle Hayne","New Hanover",34.364167,-77.838611,24.5,35
2024-03-27,2024,3,"Clemmons Middle","Forsyth",36.026612,-80.341962,19,26
2024-03-27,2024,3,"Durham Armory","Durham",36.0329550008979,-78.904037,45,19
2024-03-27,2024,3,"Frying Pan Mountain","Haywood",35.379167,-82.7925,NA,42
2024-03-27,2024,3,"Garinger High School","Mecklenburg",35.2401000008895,-80.785683,21,19
2024-03-27,2024,3,"Hattie Avenue","Forsyth",36.11094,-80.224501,19,25
2024-03-27,2024,3,"Linville Falls","Avery",35.972347,-81.933072,NA,37
2024-03-27,2024,3,"Mendenhall School","Guilford",36.1090060008986,-79.802314,22,20
2024-03-27,2024,3,"Millbrook School","Wake",35.856111,-78.574167,38,18
2024-03-27,2024,3,"Pitt Agri. Center","Pitt",35.6412760008938,-77.360126,27,23
2024-03-27,2024,3,"West Johnston Co.","Johnston",35.59095,-78.4622,44,20
2024-03-28,2024,3,"Bryson City","Swain",35.434767,-83.442133,20,45
2024-03-28,2024,3,"Castle Hayne","New Hanover",34.364167,-77.838611,18.5,28
2024-03-28,2024,3,"Clemmons Middle","Forsyth",36.026612,-80.341962,24,48
2024-03-28,2024,3,"Durham Armory","Durham",36.0329550008979,-78.904037,32,29
2024-03-28,2024,3,"Frying Pan Mountain","Haywood",35.379167,-82.7925,NA,46
2024-03-28,2024,3,"Garinger High School","Mecklenburg",35.2401000008895,-80.785683,18,42
2024-03-28,2024,3,"Hattie Avenue","Forsyth",36.11094,-80.224501,21.5,44
2024-03-28,2024,3,"Leggett","Edgecombe",35.988278,-77.5843,NA,26
2024-03-28,2024,3,"Linville Falls","Avery",35.972347,-81.933072,14,45
2024-03-28,2024,3,"Mendenhall School","Guilford",36.1090060008986,-79.802314,18,43
2024-03-28,2024,3,"Millbrook School","Wake",35.856111,-78.574167,20,33
2024-03-28,2024,3,"Pitt Agri. Center","Pitt",35.6412760008938,-77.360126,16,24
2024-03-28,2024,3,"West Johnston Co.","Johnston",35.59095,-78.4622,17,26
2024-03-29,2024,3,"Bryson City","Swain",35.434767,-83.442133,43,46
2024-03-29,2024,3,"Castle Hayne","New Hanover",34.364167,-77.838611,35,48
2024-03-29,2024,3,"Clemmons Middle","Forsyth",36.026612,-80.341962,29,54
2024-03-29,2024,3,"Durham Armory","Durham",36.0329550008979,-78.904037,50,48
2024-03-29,2024,3,"Frying Pan Mountain","Haywood",35.379167,-82.7925,NA,50
2024-03-29,2024,3,"Garinger High School","Mecklenburg",35.2401000008895,-80.785683,28,47
2024-03-29,2024,3,"Hattie Avenue","Forsyth",36.11094,-80.224501,32,47
2024-03-29,2024,3,"Leggett","Edgecombe",35.988278,-77.5843,34,48
2024-03-29,2024,3,"Linville Falls","Avery",35.972347,-81.933072,NA,49
2024-03-29,2024,3,"Mendenhall School","Guilford",36.1090060008986,-79.802314,40,48
2024-03-29,2024,3,"Millbrook School","Wake",35.856111,-78.574167,31,50
2024-03-29,2024,3,"Pitt Agri. Center","Pitt",35.6412760008938,-77.360126,39,49
2024-03-29,2024,3,"West Johnston Co.","Johnston",35.59095,-78.4622,35,50
2024-03-30,2024,3,"Bryson City","Swain",35.434767,-83.442133,53,54
2024-03-30,2024,3,"Castle Hayne","New Hanover",34.364167,-77.838611,37.5,64
2024-03-30,2024,3,"Clemmons Middle","Forsyth",36.026612,-80.341962,43,71
2024-03-30,2024,3,"Durham Armory","Durham",36.0329550008979,-78.904037,56,54
2024-03-30,2024,3,"Frying Pan Mountain","Haywood",35.379167,-82.7925,NA,61
2024-03-30,2024,3,"Garinger High School","Mecklenburg",35.2401000008895,-80.785683,52,54
2024-03-30,2024,3,"Hattie Avenue","Forsyth",36.11094,-80.224501,41,54
2024-03-30,2024,3,"Leggett","Edgecombe",35.988278,-77.5843,51,51
2024-03-30,2024,3,"Linville Falls","Avery",35.972347,-81.933072,NA,54
2024-03-30,2024,3,"Mendenhall School","Guilford",36.1090060008986,-79.802314,46,64
2024-03-30,2024,3,"Millbrook School","Wake",35.856111,-78.574167,46,54
2024-03-30,2024,3,"Pitt Agri. Center","Pitt",35.6412760008938,-77.360126,46,54
2024-03-30,2024,3,"West Johnston Co.","Johnston",35.59095,-78.4622,47,54
2024-03-31,2024,3,"Bryson City","Swain",35.434767,-83.442133,53,46
2024-03-31,2024,3,"Castle Hayne","New Hanover",34.364167,-77.838611,50.5,61
2024-03-31,2024,3,"Clemmons Middle","Forsyth",36.026612,-80.341962,47.5,64
2024-03-31,2024,3,"Durham Armory","Durham",36.0329550008979,-78.904037,56,51
2024-03-31,2024,3,"Frying Pan Mountain","Haywood",35.379167,-82.7925,29,48
2024-03-31,2024,3,"Garinger High School","Mecklenburg",35.2401000008895,-80.785683,54,50
2024-03-31,2024,3,"Hattie Avenue","Forsyth",36.11094,-80.224501,50.5,49
2024-03-31,2024,3,"Leggett","Edgecombe",35.988278,-77.5843,52,51
2024-03-31,2024,3,"Linville Falls","Avery",35.972347,-81.933072,30,49
2024-03-31,2024,3,"Mendenhall School","Guilford",36.1090060008986,-79.802314,53,58
2024-03-31,2024,3,"Millbrook School","Wake",35.856111,-78.574167,53,51
2024-03-31,2024,3,"Pitt Agri. Center","Pitt",35.6412760008938,-77.360126,53,51
2024-03-31,2024,3,"West Johnston Co.","Johnston",35.59095,-78.4622,54,58
2024-04-01,2024,4,"Bryson City","Swain",35.434767,-83.442133,55,42
2024-04-01,2024,4,"Castle Hayne","New Hanover",34.364167,-77.838611,48,42
2024-04-01,2024,4,"Clemmons Middle","Forsyth",36.026612,-80.341962,58,50
2024-04-01,2024,4,"Durham Armory","Durham",36.0329550008979,-78.904037,67,44
2024-04-01,2024,4,"Frying Pan Mountain","Haywood",35.379167,-82.7925,NA,46
2024-04-01,2024,4,"Garinger High School","Mecklenburg",35.2401000008895,-80.785683,58,43
2024-04-01,2024,4,"Hattie Avenue","Forsyth",36.11094,-80.224501,58,45
2024-04-01,2024,4,"Leggett","Edgecombe",35.988278,-77.5843,56,44
2024-04-01,2024,4,"Linville Falls","Avery",35.972347,-81.933072,NA,45
2024-04-01,2024,4,"Mendenhall School","Guilford",36.1090060008986,-79.802314,59,47
2024-04-01,2024,4,"Millbrook School","Wake",35.856111,-78.574167,59,43
2024-04-01,2024,4,"Pitt Agri. Center","Pitt",35.6412760008938,-77.360126,55,44
2024-04-01,2024,4,"West Johnston Co.","Johnston",35.59095,-78.4622,71,48
2024-04-02,2024,4,"Bryson City","Swain",35.434767,-83.442133,58,44
2024-04-02,2024,4,"Castle Hayne","New Hanover",34.364167,-77.838611,54.5,43
2024-04-02,2024,4,"Clemmons Middle","Forsyth",36.026612,-80.341962,63,49
2024-04-02,2024,4,"Durham Armory","Durham",36.0329550008979,-78.904037,69,43
2024-04-02,2024,4,"Frying Pan Mountain","Haywood",35.379167,-82.7925,NA,54
2024-04-02,2024,4,"Garinger High School","Mecklenburg",35.2401000008895,-80.785683,57,41
2024-04-02,2024,4,"Hattie Avenue","Forsyth",36.11094,-80.224501,65,45
2024-04-02,2024,4,"Leggett","Edgecombe",35.988278,-77.5843,57,42
2024-04-02,2024,4,"Linville Falls","Avery",35.972347,-81.933072,NA,46
2024-04-02,2024,4,"Mendenhall School","Guilford",36.1090060008986,-79.802314,64,48
2024-04-02,2024,4,"Millbrook School","Wake",35.856111,-78.574167,71,44
2024-04-02,2024,4,"Pitt Agri. Center","Pitt",35.6412760008938,-77.360126,59,39
2024-04-02,2024,4,"West Johnston Co.","Johnston",35.59095,-78.4622,64,45
2024-04-03,2024,4,"Bryson City","Swain",35.434767,-83.442133,18,42
2024-04-03,2024,4,"Castle Hayne","New Hanover",34.364167,-77.838611,50.5,37
2024-04-03,2024,4,"Clemmons Middle","Forsyth",36.026612,-80.341962,36,47
2024-04-03,2024,4,"Durham Armory","Durham",36.0329550008979,-78.904037,54,44
2024-04-03,2024,4,"Frying Pan Mountain","Haywood",35.379167,-82.7925,10,45
2024-04-03,2024,4,"Garinger High School","Mecklenburg",35.2401000008895,-80.785683,23.5,43
2024-04-03,2024,4,"Hattie Avenue","Forsyth",36.11094,-80.224501,39,43
2024-04-03,2024,4,"Leggett","Edgecombe",35.988278,-77.5843,42,30
2024-04-03,2024,4,"Linville Falls","Avery",35.972347,-81.933072,13,44
2024-04-03,2024,4,"Mendenhall School","Guilford",36.1090060008986,-79.802314,37,44
2024-04-03,2024,4,"Millbrook School","Wake",35.856111,-78.574167,51,44
2024-04-03,2024,4,"Pitt Agri. Center","Pitt",35.6412760008938,-77.360126,46,29
2024-04-03,2024,4,"West Johnston Co.","Johnston",35.59095,-78.4622,48,42
2024-04-04,2024,4,"Bryson City","Swain",35.434767,-83.442133,16,37
2024-04-04,2024,4,"Castle Hayne","New Hanover",34.364167,-77.838611,20,42
2024-04-04,2024,4,"Clemmons Middle","Forsyth",36.026612,-80.341962,9,42
2024-04-04,2024,4,"Durham Armory","Durham",36.0329550008979,-78.904037,NA,38
2024-04-04,2024,4,"Frying Pan Mountain","Haywood",35.379167,-82.7925,NA,40
2024-04-04,2024,4,"Garinger High School","Mecklenburg",35.2401000008895,-80.785683,3,38
2024-04-04,2024,4,"Hattie Avenue","Forsyth",36.11094,-80.224501,11,37
2024-04-04,2024,4,"Leggett","Edgecombe",35.988278,-77.5843,6,40
2024-04-04,2024,4,"Linville Falls","Avery",35.972347,-81.933072,NA,40
2024-04-04,2024,4,"Mendenhall School","Guilford",36.1090060008986,-79.802314,11,38
2024-04-04,2024,4,"Millbrook School","Wake",35.856111,-78.574167,13,40
2024-04-04,2024,4,"Pitt Agri. Center","Pitt",35.6412760008938,-77.360126,6,41
2024-04-04,2024,4,"West Johnston Co.","Johnston",35.59095,-78.4622,18,41
2024-04-05,2024,4,"Bryson City","Swain",35.434767,-83.442133,7,32
2024-04-05,2024,4,"Castle Hayne","New Hanover",34.364167,-77.838611,19,43
2024-04-05,2024,4,"Clemmons Middle","Forsyth",36.026612,-80.341962,12,40
2024-04-05,2024,4,"Durham Armory","Durham",36.0329550008979,-78.904037,31,38
2024-04-05,2024,4,"Frying Pan Mountain","Haywood",35.379167,-82.7925,NA,36
2024-04-05,2024,4,"Garinger High School","Mecklenburg",35.2401000008895,-80.785683,7,36
2024-04-05,2024,4,"Hattie Avenue","Forsyth",36.11094,-80.224501,12,35
2024-04-05,2024,4,"Leggett","Edgecombe",35.988278,-77.5843,4,40
2024-04-05,2024,4,"Linville Falls","Avery",35.972347,-81.933072,NA,35
2024-04-05,2024,4,"Mendenhall School","Guilford",36.1090060008986,-79.802314,6,36
2024-04-05,2024,4,"Millbrook School","Wake",35.856111,-78.574167,12,41
2024-04-05,2024,4,"Pitt Agri. Center","Pitt",35.6412760008938,-77.360126,9,44
2024-04-05,2024,4,"West Johnston Co.","Johnston",35.59095,-78.4622,12,43
2024-04-06,2024,4,"Bryson City","Swain",35.434767,-83.442133,19,41
2024-04-06,2024,4,"Castle Hayne","New Hanover",34.364167,-77.838611,15.5,44
2024-04-06,2024,4,"Clemmons Middle","Forsyth",36.026612,-80.341962,11,45
2024-04-06,2024,4,"Durham Armory","Durham",36.0329550008979,-78.904037,28,39
2024-04-06,2024,4,"Frying Pan Mountain","Haywood",35.379167,-82.7925,7,44
2024-04-06,2024,4,"Garinger High School","Mecklenburg",35.2401000008895,-80.785683,8,43
2024-04-06,2024,4,"Hattie Avenue","Forsyth",36.11094,-80.224501,14,41
2024-04-06,2024,4,"Leggett","Edgecombe",35.988278,-77.5843,NA,38
2024-04-06,2024,4,"Linville Falls","Avery",35.972347,-81.933072,7,44
2024-04-06,2024,4,"Mendenhall School","Guilford",36.1090060008986,-79.802314,16,41
2024-04-06,2024,4,"Millbrook School","Wake",35.856111,-78.574167,11.5,41
2024-04-06,2024,4,"Pitt Agri. Center","Pitt",35.6412760008938,-77.360126,6,39
2024-04-06,2024,4,"West Johnston Co.","Johnston",35.59095,-78.4622,13,42
2024-04-07,2024,4,"Bryson City","Swain",35.434767,-83.442133,25,44
2024-04-07,2024,4,"Castle Hayne","New Hanover",34.364167,-77.838611,19,43
2024-04-07,2024,4,"Clemmons Middle","Forsyth",36.026612,-80.341962,18,49
2024-04-07,2024,4,"Durham Armory","Durham",36.0329550008979,-78.904037,32,43
2024-04-07,2024,4,"Frying Pan Mountain","Haywood",35.379167,-82.7925,NA,61
2024-04-07,2024,4,"Garinger High School","Mecklenburg",35.2401000008895,-80.785683,22,47
2024-04-07,2024,4,"Hattie Avenue","Forsyth",36.11094,-80.224501,22,47
2024-04-07,2024,4,"Leggett","Edgecombe",35.988278,-77.5843,NA,42
2024-04-07,2024,4,"Linville Falls","Avery",35.972347,-81.933072,NA,44
2024-04-07,2024,4,"Mendenhall School","Guilford",36.1090060008986,-79.802314,28,47
2024-04-07,2024,4,"Millbrook School","Wake",35.856111,-78.574167,19,44
2024-04-07,2024,4,"Pitt Agri. Center","Pitt",35.6412760008938,-77.360126,12,42
2024-04-07,2024,4,"West Johnston Co.","Johnston",35.59095,-78.4622,26,46
2024-04-08,2024,4,"Bryson City","Swain",35.434767,-83.442133,52,50
2024-04-08,2024,4,"Castle Hayne","New Hanover",34.364167,-77.838611,24.5,46
2024-04-08,2024,4,"Clemmons Middle","Forsyth",36.026612,-80.341962,53,58
2024-04-08,2024,4,"Durham Armory","Durham",36.0329550008979,-78.904037,61,46
2024-04-08,2024,4,"Frying Pan Mountain","Haywood",35.379167,-82.7925,NA,54
2024-04-08,2024,4,"Garinger High School","Mecklenburg",35.2401000008895,-80.785683,46,45
2024-04-08,2024,4,"Hattie Avenue","Forsyth",36.11094,-80.224501,52,49
2024-04-08,2024,4,"Leggett","Edgecombe",35.988278,-77.5843,NA,45
2024-04-08,2024,4,"Linville Falls","Avery",35.972347,-81.933072,NA,49
2024-04-08,2024,4,"Mendenhall School","Guilford",36.1090060008986,-79.802314,56,58
2024-04-08,2024,4,"Millbrook School","Wake",35.856111,-78.574167,51,47
2024-04-08,2024,4,"Pitt Agri. Center","Pitt",35.6412760008938,-77.360126,33,45
2024-04-08,2024,4,"West Johnston Co.","Johnston",35.59095,-78.4622,55,48
2024-04-09,2024,4,"Bryson City","Swain",35.434767,-83.442133,51,39
2024-04-09,2024,4,"Castle Hayne","New Hanover",34.364167,-77.838611,29.5,42
2024-04-09,2024,4,"Clemmons Middle","Forsyth",36.026612,-80.341962,52,41
2024-04-09,2024,4,"Durham Armory","Durham",36.0329550008979,-78.904037,58,41
2024-04-09,2024,4,"Frying Pan Mountain","Haywood",35.379167,-82.7925,41,54
2024-04-09,2024,4,"Garinger High School","Mecklenburg",35.2401000008895,-80.785683,52.5,32
2024-04-09,2024,4,"Hattie Avenue","Forsyth",36.11094,-80.224501,52,33
2024-04-09,2024,4,"Leggett","Edgecombe",35.988278,-77.5843,NA,42
2024-04-09,2024,4,"Linville Falls","Avery",35.972347,-81.933072,41,43
2024-04-09,2024,4,"Mendenhall School","Guilford",36.1090060008986,-79.802314,53,39
2024-04-09,2024,4,"Millbrook School","Wake",35.856111,-78.574167,48.5,38
2024-04-09,2024,4,"Pitt Agri. Center","Pitt",35.6412760008938,-77.360126,42,44
2024-04-09,2024,4,"West Johnston Co.","Johnston",35.59095,-78.4622,44,41
2024-04-10,2024,4,"Bryson City","Swain",35.434767,-83.442133,46,43
2024-04-10,2024,4,"Castle Hayne","New Hanover",34.364167,-77.838611,30.5,46
2024-04-10,2024,4,"Clemmons Middle","Forsyth",36.026612,-80.341962,54,39
2024-04-10,2024,4,"Durham Armory","Durham",36.0329550008979,-78.904037,54,37
2024-04-10,2024,4,"Frying Pan Mountain","Haywood",35.379167,-82.7925,NA,43
2024-04-10,2024,4,"Garinger High School","Mecklenburg",35.2401000008895,-80.785683,42,37
2024-04-10,2024,4,"Hattie Avenue","Forsyth",36.11094,-80.224501,54,36
2024-04-10,2024,4,"Leggett","Edgecombe",35.988278,-77.5843,NA,37
2024-04-10,2024,4,"Linville Falls","Avery",35.972347,-81.933072,NA,40
2024-04-10,2024,4,"Mendenhall School","Guilford",36.1090060008986,-79.802314,52,34
2024-04-10,2024,4,"Millbrook School","Wake",35.856111,-78.574167,38,37
2024-04-10,2024,4,"Pitt Agri. Center","Pitt",35.6412760008938,-77.360126,41,41
2024-04-10,2024,4,"West Johnston Co.","Johnston",35.59095,-78.4622,36,40
2024-04-11,2024,4,"Bryson City","Swain",35.434767,-83.442133,19,41
2024-04-11,2024,4,"Castle Hayne","New Hanover",34.364167,-77.838611,40,40
2024-04-11,2024,4,"Clemmons Middle","Forsyth",36.026612,-80.341962,27,41
2024-04-11,2024,4,"Durham Armory","Durham",36.0329550008979,-78.904037,29,37
2024-04-11,2024,4,"Frying Pan Mountain","Haywood",35.379167,-82.7925,NA,45
2024-04-11,2024,4,"Garinger High School","Mecklenburg",35.2401000008895,-80.785683,9,36
2024-04-11,2024,4,"Hattie Avenue","Forsyth",36.11094,-80.224501,28,38
2024-04-11,2024,4,"Leggett","Edgecombe",35.988278,-77.5843,NA,36
2024-04-11,2024,4,"Linville Falls","Avery",35.972347,-81.933072,NA,44
2024-04-11,2024,4,"Mendenhall School","Guilford",36.1090060008986,-79.802314,23,37
2024-04-11,2024,4,"Millbrook School","Wake",35.856111,-78.574167,30,37
2024-04-11,2024,4,"Pitt Agri. Center","Pitt",35.6412760008938,-77.360126,37,37
2024-04-11,2024,4,"West Johnston Co.","Johnston",35.59095,-78.4622,26,38
2024-04-12,2024,4,"Bryson City","Swain",35.434767,-83.442133,21,43
2024-04-12,2024,4,"Castle Hayne","New Hanover",34.364167,-77.838611,29,48
2024-04-12,2024,4,"Clemmons Middle","Forsyth",36.026612,-80.341962,15,48
2024-04-12,2024,4,"Durham Armory","Durham",36.0329550008979,-78.904037,41,46
2024-04-12,2024,4,"Frying Pan Mountain","Haywood",35.379167,-82.7925,13,44
2024-04-12,2024,4,"Garinger High School","Mecklenburg",35.2401000008895,-80.785683,15,44
2024-04-12,2024,4,"Hattie Avenue","Forsyth",36.11094,-80.224501,16,44
2024-04-12,2024,4,"Leggett","Edgecombe",35.988278,-77.5843,NA,49
2024-04-12,2024,4,"Linville Falls","Avery",35.972347,-81.933072,12,44
2024-04-12,2024,4,"Mendenhall School","Guilford",36.1090060008986,-79.802314,8,45
2024-04-12,2024,4,"Millbrook School","Wake",35.856111,-78.574167,19,49
2024-04-12,2024,4,"Pitt Agri. Center","Pitt",35.6412760008938,-77.360126,21,48
2024-04-12,2024,4,"West Johnston Co.","Johnston",35.59095,-78.4622,16,48
2024-04-13,2024,4,"Bryson City","Swain",35.434767,-83.442133,29,48
2024-04-13,2024,4,"Castle Hayne","New Hanover",34.364167,-77.838611,19,46
2024-04-13,2024,4,"Clemmons Middle","Forsyth",36.026612,-80.341962,15,50
2024-04-13,2024,4,"Durham Armory","Durham",36.0329550008979,-78.904037,36,45
2024-04-13,2024,4,"Frying Pan Mountain","Haywood",35.379167,-82.7925,NA,58
2024-04-13,2024,4,"Garinger High School","Mecklenburg",35.2401000008895,-80.785683,27,47
2024-04-13,2024,4,"Hattie Avenue","Forsyth",36.11094,-80.224501,17,45
2024-04-13,2024,4,"Leggett","Edgecombe",35.988278,-77.5843,22,45
2024-04-13,2024,4,"Linville Falls","Avery",35.972347,-81.933072,NA,49
2024-04-13,2024,4,"Mendenhall School","Guilford",36.1090060008986,-79.802314,22,45
2024-04-13,2024,4,"Millbrook School","Wake",35.856111,-78.574167,15,47
2024-04-13,2024,4,"Pitt Agri. Center","Pitt",35.6412760008938,-77.360126,16,46
2024-04-13,2024,4,"West Johnston Co.","Johnston",35.59095,-78.4622,19,47
2024-04-14,2024,4,"Bryson City","Swain",35.434767,-83.442133,46,71
2024-04-14,2024,4,"Castle Hayne","New Hanover",34.364167,-77.838611,27,58
2024-04-14,2024,4,"Clemmons Middle","Forsyth",36.026612,-80.341962,33,74
2024-04-14,2024,4,"Durham Armory","Durham",36.0329550008979,-78.904037,53,51
2024-04-14,2024,4,"Frying Pan Mountain","Haywood",35.379167,-82.7925,NA,71
2024-04-14,2024,4,"Garinger High School","Mecklenburg",35.2401000008895,-80.785683,55,54
2024-04-14,2024,4,"Hattie Avenue","Forsyth",36.11094,-80.224501,37,58
2024-04-14,2024,4,"Leggett","Edgecombe",35.988278,-77.5843,33,50
2024-04-14,2024,4,"Linville Falls","Avery",35.972347,-81.933072,NA,67
2024-04-14,2024,4,"Mendenhall School","Guilford",36.1090060008986,-79.802314,47,74
2024-04-14,2024,4,"Millbrook School","Wake",35.856111,-78.574167,32,51
2024-04-14,2024,4,"Pitt Agri. Center","Pitt",35.6412760008938,-77.360126,31,49
2024-04-14,2024,4,"West Johnston Co.","Johnston",35.59095,-78.4622,35,54
2024-04-15,2024,4,"Bryson City","Swain",35.434767,-83.442133,46,48
2024-04-15,2024,4,"Castle Hayne","New Hanover",34.364167,-77.838611,51.5,74
2024-04-15,2024,4,"Clemmons Middle","Forsyth",36.026612,-80.341962,51,84
2024-04-15,2024,4,"Durham Armory","Durham",36.0329550008979,-78.904037,57,54
2024-04-15,2024,4,"Frying Pan Mountain","Haywood",35.379167,-82.7925,36,58
2024-04-15,2024,4,"Garinger High School","Mecklenburg",35.2401000008895,-80.785683,53.5,61
2024-04-15,2024,4,"Hattie Avenue","Forsyth",36.11094,-80.224501,53,64
2024-04-15,2024,4,"Leggett","Edgecombe",35.988278,-77.5843,46,64
2024-04-15,2024,4,"Linville Falls","Avery",35.972347,-81.933072,32,51
2024-04-15,2024,4,"Mendenhall School","Guilford",36.1090060008986,-79.802314,56,87
2024-04-15,2024,4,"Millbrook School","Wake",35.856111,-78.574167,52.5,61
2024-04-15,2024,4,"Pitt Agri. Center","Pitt",35.6412760008938,-77.360126,53,58
2024-04-15,2024,4,"West Johnston Co.","Johnston",35.59095,-78.4622,52,61
2024-04-16,2024,4,"Bryson City","Swain",35.434767,-83.442133,68,NA
2024-04-16,2024,4,"Castle Hayne","New Hanover",34.364167,-77.838611,58,61
2024-04-16,2024,4,"Clemmons Middle","Forsyth",36.026612,-80.341962,61,80
2024-04-16,2024,4,"Durham Armory","Durham",36.0329550008979,-78.904037,66,48
2024-04-16,2024,4,"Frying Pan Mountain","Haywood",35.379167,-82.7925,NA,67
2024-04-16,2024,4,"Garinger High School","Mecklenburg",35.2401000008895,-80.785683,59,61
2024-04-16,2024,4,"Hattie Avenue","Forsyth",36.11094,-80.224501,61,67
2024-04-16,2024,4,"Leggett","Edgecombe",35.988278,-77.5843,38,46
2024-04-16,2024,4,"Linville Falls","Avery",35.972347,-81.933072,NA,61
2024-04-16,2024,4,"Mendenhall School","Guilford",36.1090060008986,-79.802314,58,50
2024-04-16,2024,4,"Millbrook School","Wake",35.856111,-78.574167,58,47
2024-04-16,2024,4,"Pitt Agri. Center","Pitt",35.6412760008938,-77.360126,52,46
2024-04-16,2024,4,"West Johnston Co.","Johnston",35.59095,-78.4622,58,48
2024-04-17,2024,4,"Bryson City","Swain",35.434767,-83.442133,47,49
2024-04-17,2024,4,"Castle Hayne","New Hanover",34.364167,-77.838611,45.5,49
2024-04-17,2024,4,"Clemmons Middle","Forsyth",36.026612,-80.341962,67,71
2024-04-17,2024,4,"Durham Armory","Durham",36.0329550008979,-78.904037,71,40
2024-04-17,2024,4,"Frying Pan Mountain","Haywood",35.379167,-82.7925,NA,54
2024-04-17,2024,4,"Garinger High School","Mecklenburg",35.2401000008895,-80.785683,58,45
2024-04-17,2024,4,"Hattie Avenue","Forsyth",36.11094,-80.224501,67,51
2024-04-17,2024,4,"Leggett","Edgecombe",35.988278,-77.5843,54,45
2024-04-17,2024,4,"Linville Falls","Avery",35.972347,-81.933072,NA,51
2024-04-17,2024,4,"Mendenhall School","Guilford",36.1090060008986,-79.802314,64,58
2024-04-17,2024,4,"Millbrook School","Wake",35.856111,-78.574167,57,45
2024-04-17,2024,4,"Pitt Agri. Center","Pitt",35.6412760008938,-77.360126,55,49
2024-04-17,2024,4,"West Johnston Co.","Johnston",35.59095,-78.4622,54,46
2024-04-18,2024,4,"Bryson City","Swain",35.434767,-83.442133,41,47
2024-04-18,2024,4,"Castle Hayne","New Hanover",34.364167,-77.838611,43,45
2024-04-18,2024,4,"Clemmons Middle","Forsyth",36.026612,-80.341962,38.5,47
2024-04-18,2024,4,"Durham Armory","Durham",36.0329550008979,-78.904037,58,43
2024-04-18,2024,4,"Frying Pan Mountain","Haywood",35.379167,-82.7925,28,54
2024-04-18,2024,4,"Garinger High School","Mecklenburg",35.2401000008895,-80.785683,42.5,50
2024-04-18,2024,4,"Hattie Avenue","Forsyth",36.11094,-80.224501,43.5,44
2024-04-18,2024,4,"Leggett","Edgecombe",35.988278,-77.5843,39,44
2024-04-18,2024,4,"Linville Falls","Avery",35.972347,-81.933072,27,49
2024-04-18,2024,4,"Mendenhall School","Guilford",36.1090060008986,-79.802314,42,45
2024-04-18,2024,4,"Millbrook School","Wake",35.856111,-78.574167,51.5,46
2024-04-18,2024,4,"Pitt Agri. Center","Pitt",35.6412760008938,-77.360126,43,45
2024-04-18,2024,4,"West Johnston Co.","Johnston",35.59095,-78.4622,53,49
2024-04-19,2024,4,"Bryson City","Swain",35.434767,-83.442133,37,47
2024-04-19,2024,4,"Castle Hayne","New Hanover",34.364167,-77.838611,45,40
2024-04-19,2024,4,"Clemmons Middle","Forsyth",36.026612,-80.341962,61,58
2024-04-19,2024,4,"Durham Armory","Durham",36.0329550008979,-78.904037,62,43
2024-04-19,2024,4,"Frying Pan Mountain","Haywood",35.379167,-82.7925,NA,49
2024-04-19,2024,4,"Garinger High School","Mecklenburg",35.2401000008895,-80.785683,52,74
2024-04-19,2024,4,"Hattie Avenue","Forsyth",36.11094,-80.224501,59,46
2024-04-19,2024,4,"Leggett","Edgecombe",35.988278,-77.5843,31,38
2024-04-19,2024,4,"Linville Falls","Avery",35.972347,-81.933072,NA,46
2024-04-19,2024,4,"Mendenhall School","Guilford",36.1090060008986,-79.802314,60,39
2024-04-19,2024,4,"Millbrook School","Wake",35.856111,-78.574167,59,43
2024-04-19,2024,4,"Pitt Agri. Center","Pitt",35.6412760008938,-77.360126,35,37
2024-04-19,2024,4,"West Johnston Co.","Johnston",35.59095,-78.4622,60,36
2024-04-20,2024,4,"Bryson City","Swain",35.434767,-83.442133,24,36
2024-04-20,2024,4,"Castle Hayne","New Hanover",34.364167,-77.838611,57,38
2024-04-20,2024,4,"Clemmons Middle","Forsyth",36.026612,-80.341962,53,39
2024-04-20,2024,4,"Durham Armory","Durham",36.0329550008979,-78.904037,61,28
2024-04-20,2024,4,"Frying Pan Mountain","Haywood",35.379167,-82.7925,NA,44
2024-04-20,2024,4,"Garinger High School","Mecklenburg",35.2401000008895,-80.785683,54,40
2024-04-20,2024,4,"Hattie Avenue","Forsyth",36.11094,-80.224501,52,37
2024-04-20,2024,4,"Leggett","Edgecombe",35.988278,-77.5843,46,25
2024-04-20,2024,4,"Linville Falls","Avery",35.972347,-81.933072,NA,41
2024-04-20,2024,4,"Mendenhall School","Guilford",36.1090060008986,-79.802314,55,37
2024-04-20,2024,4,"Millbrook School","Wake",35.856111,-78.574167,61,37
2024-04-20,2024,4,"Pitt Agri. Center","Pitt",35.6412760008938,-77.360126,54,31
2024-04-20,2024,4,"West Johnston Co.","Johnston",35.59095,-78.4622,60,39
2024-04-21,2024,4,"Bryson City","Swain",35.434767,-83.442133,21,32
2024-04-21,2024,4,"Castle Hayne","New Hanover",34.364167,-77.838611,34.5,27
2024-04-21,2024,4,"Clemmons Middle","Forsyth",36.026612,-80.341962,26,31
2024-04-21,2024,4,"Durham Armory","Durham",36.0329550008979,-78.904037,52,25
2024-04-21,2024,4,"Frying Pan Mountain","Haywood",35.379167,-82.7925,9,40
2024-04-21,2024,4,"Garinger High School","Mecklenburg",35.2401000008895,-80.785683,20,33
2024-04-21,2024,4,"Hattie Avenue","Forsyth",36.11094,-80.224501,25,29
2024-04-21,2024,4,"Leggett","Edgecombe",35.988278,-77.5843,15,29
2024-04-21,2024,4,"Linville Falls","Avery",35.972347,-81.933072,17,35
2024-04-21,2024,4,"Mendenhall School","Guilford",36.1090060008986,-79.802314,23,27
2024-04-21,2024,4,"Millbrook School","Wake",35.856111,-78.574167,24.5,28
2024-04-21,2024,4,"Pitt Agri. Center","Pitt",35.6412760008938,-77.360126,34,29
2024-04-21,2024,4,"West Johnston Co.","Johnston",35.59095,-78.4622,26,28
2024-04-22,2024,4,"Bryson City","Swain",35.434767,-83.442133,16,43
2024-04-22,2024,4,"Castle Hayne","New Hanover",34.364167,-77.838611,28.5,37
2024-04-22,2024,4,"Clemmons Middle","Forsyth",36.026612,-80.341962,28,44
2024-04-22,2024,4,"Durham Armory","Durham",36.0329550008979,-78.904037,44,38
2024-04-22,2024,4,"Frying Pan Mountain","Haywood",35.379167,-82.7925,NA,48
2024-04-22,2024,4,"Garinger High School","Mecklenburg",35.2401000008895,-80.785683,24,39
2024-04-22,2024,4,"Hattie Avenue","Forsyth",36.11094,-80.224501,23,43
2024-04-22,2024,4,"Leggett","Edgecombe",35.988278,-77.5843,27,37
2024-04-22,2024,4,"Linville Falls","Avery",35.972347,-81.933072,NA,46
2024-04-22,2024,4,"Mendenhall School","Guilford",36.1090060008986,-79.802314,32,42
2024-04-22,2024,4,"Millbrook School","Wake",35.856111,-78.574167,28,39
2024-04-22,2024,4,"Pitt Agri. Center","Pitt",35.6412760008938,-77.360126,NA,34
2024-04-22,2024,4,"West Johnston Co.","Johnston",35.59095,-78.4622,31,38
2024-04-23,2024,4,"Bryson City","Swain",35.434767,-83.442133,52,48
2024-04-23,2024,4,"Castle Hayne","New Hanover",34.364167,-77.838611,34,51
2024-04-23,2024,4,"Clemmons Middle","Forsyth",36.026612,-80.341962,37,49
2024-04-23,2024,4,"Durham Armory","Durham",36.0329550008979,-78.904037,52,45
2024-04-23,2024,4,"Frying Pan Mountain","Haywood",35.379167,-82.7925,NA,61
2024-04-23,2024,4,"Garinger High School","Mecklenburg",35.2401000008895,-80.785683,36,43
2024-04-23,2024,4,"Hattie Avenue","Forsyth",36.11094,-80.224501,35,46
2024-04-23,2024,4,"Leggett","Edgecombe",35.988278,-77.5843,23,48
2024-04-23,2024,4,"Linville Falls","Avery",35.972347,-81.933072,NA,50
2024-04-23,2024,4,"Mendenhall School","Guilford",36.1090060008986,-79.802314,41,50
2024-04-23,2024,4,"Millbrook School","Wake",35.856111,-78.574167,39,47
2024-04-23,2024,4,"Pitt Agri. Center","Pitt",35.6412760008938,-77.360126,NA,48
2024-04-23,2024,4,"West Johnston Co.","Johnston",35.59095,-78.4622,42,49
2024-04-24,2024,4,"Bryson City","Swain",35.434767,-83.442133,35,48
2024-04-24,2024,4,"Castle Hayne","New Hanover",34.364167,-77.838611,50.5,54
2024-04-24,2024,4,"Clemmons Middle","Forsyth",36.026612,-80.341962,43,44
2024-04-24,2024,4,"Durham Armory","Durham",36.0329550008979,-78.904037,57,37
2024-04-24,2024,4,"Frying Pan Mountain","Haywood",35.379167,-82.7925,30,58
2024-04-24,2024,4,"Garinger High School","Mecklenburg",35.2401000008895,-80.785683,52,46
2024-04-24,2024,4,"Hattie Avenue","Forsyth",36.11094,-80.224501,41.5,42
2024-04-24,2024,4,"Leggett","Edgecombe",35.988278,-77.5843,44,38
2024-04-24,2024,4,"Linville Falls","Avery",35.972347,-81.933072,27,49
2024-04-24,2024,4,"Mendenhall School","Guilford",36.1090060008986,-79.802314,51,43
2024-04-24,2024,4,"Millbrook School","Wake",35.856111,-78.574167,48,36
2024-04-24,2024,4,"Pitt Agri. Center","Pitt",35.6412760008938,-77.360126,NA,44
2024-04-24,2024,4,"West Johnston Co.","Johnston",35.59095,-78.4622,52,42
2024-04-25,2024,4,"Bryson City","Swain",35.434767,-83.442133,31,50
2024-04-25,2024,4,"Castle Hayne","New Hanover",34.364167,-77.838611,58,50
2024-04-25,2024,4,"Clemmons Middle","Forsyth",36.026612,-80.341962,38,71
2024-04-25,2024,4,"Durham Armory","Durham",36.0329550008979,-78.904037,55,48
2024-04-25,2024,4,"Frying Pan Mountain","Haywood",35.379167,-82.7925,NA,64
2024-04-25,2024,4,"Garinger High School","Mecklenburg",35.2401000008895,-80.785683,43,71
2024-04-25,2024,4,"Hattie Avenue","Forsyth",36.11094,-80.224501,31,61
2024-04-25,2024,4,"Leggett","Edgecombe",35.988278,-77.5843,43,44
2024-04-25,2024,4,"Linville Falls","Avery",35.972347,-81.933072,NA,58
2024-04-25,2024,4,"Mendenhall School","Guilford",36.1090060008986,-79.802314,35,49
2024-04-25,2024,4,"Millbrook School","Wake",35.856111,-78.574167,53,48
2024-04-25,2024,4,"Pitt Agri. Center","Pitt",35.6412760008938,-77.360126,NA,46
2024-04-25,2024,4,"West Johnston Co.","Johnston",35.59095,-78.4622,55,50
2024-04-26,2024,4,"Bryson City","Swain",35.434767,-83.442133,51,29
2024-04-26,2024,4,"Castle Hayne","New Hanover",34.364167,-77.838611,46,47
2024-04-26,2024,4,"Clemmons Middle","Forsyth",36.026612,-80.341962,52,47
2024-04-26,2024,4,"Durham Armory","Durham",36.0329550008979,-78.904037,55,42
2024-04-26,2024,4,"Frying Pan Mountain","Haywood",35.379167,-82.7925,NA,44
2024-04-26,2024,4,"Garinger High School","Mecklenburg",35.2401000008895,-80.785683,50,38
2024-04-26,2024,4,"Hattie Avenue","Forsyth",36.11094,-80.224501,51,44
2024-04-26,2024,4,"Leggett","Edgecombe",35.988278,-77.5843,38,42
2024-04-26,2024,4,"Linville Falls","Avery",35.972347,-81.933072,NA,35
2024-04-26,2024,4,"Mendenhall School","Guilford",36.1090060008986,-79.802314,51,44
2024-04-26,2024,4,"Millbrook School","Wake",35.856111,-78.574167,44,44
2024-04-26,2024,4,"Pitt Agri. Center","Pitt",35.6412760008938,-77.360126,NA,43
2024-04-26,2024,4,"West Johnston Co.","Johnston",35.59095,-78.4622,42,45
2024-04-27,2024,4,"Bryson City","Swain",35.434767,-83.442133,54,43
2024-04-27,2024,4,"Castle Hayne","New Hanover",34.364167,-77.838611,28,44
2024-04-27,2024,4,"Clemmons Middle","Forsyth",36.026612,-80.341962,52,49
2024-04-27,2024,4,"Durham Armory","Durham",36.0329550008979,-78.904037,57,45
2024-04-27,2024,4,"Frying Pan Mountain","Haywood",35.379167,-82.7925,22,46
2024-04-27,2024,4,"Garinger High School","Mecklenburg",35.2401000008895,-80.785683,41,44
2024-04-27,2024,4,"Hattie Avenue","Forsyth",36.11094,-80.224501,51,45
2024-04-27,2024,4,"Leggett","Edgecombe",35.988278,-77.5843,29,38
2024-04-27,2024,4,"Linville Falls","Avery",35.972347,-81.933072,41,49
2024-04-27,2024,4,"Mendenhall School","Guilford",36.1090060008986,-79.802314,44,44
2024-04-27,2024,4,"Millbrook School","Wake",35.856111,-78.574167,36,41
2024-04-27,2024,4,"Pitt Agri. Center","Pitt",35.6412760008938,-77.360126,21,38
2024-04-27,2024,4,"West Johnston Co.","Johnston",35.59095,-78.4622,34,43
2024-04-28,2024,4,"Bryson City","Swain",35.434767,-83.442133,40,44
2024-04-28,2024,4,"Castle Hayne","New Hanover",34.364167,-77.838611,27.5,47
2024-04-28,2024,4,"Clemmons Middle","Forsyth",36.026612,-80.341962,44,47
2024-04-28,2024,4,"Durham Armory","Durham",36.0329550008979,-78.904037,54,41
2024-04-28,2024,4,"Frying Pan Mountain","Haywood",35.379167,-82.7925,NA,43
2024-04-28,2024,4,"Garinger High School","Mecklenburg",35.2401000008895,-80.785683,30,41
2024-04-28,2024,4,"Hattie Avenue","Forsyth",36.11094,-80.224501,43,44
2024-04-28,2024,4,"Leggett","Edgecombe",35.988278,-77.5843,53,43
2024-04-28,2024,4,"Linville Falls","Avery",35.972347,-81.933072,NA,44
2024-04-28,2024,4,"Mendenhall School","Guilford",36.1090060008986,-79.802314,43,44
2024-04-28,2024,4,"Millbrook School","Wake",35.856111,-78.574167,46,42
2024-04-28,2024,4,"Pitt Agri. Center","Pitt",35.6412760008938,-77.360126,31,43
2024-04-28,2024,4,"West Johnston Co.","Johnston",35.59095,-78.4622,41,44
2024-04-29,2024,4,"Bryson City","Swain",35.434767,-83.442133,33,46
2024-04-29,2024,4,"Castle Hayne","New Hanover",34.364167,-77.838611,25.5,44
2024-04-29,2024,4,"Clemmons Middle","Forsyth",36.026612,-80.341962,49,77
2024-04-29,2024,4,"Durham Armory","Durham",36.0329550008979,-78.904037,58,46
2024-04-29,2024,4,"Frying Pan Mountain","Haywood",35.379167,-82.7925,NA,44
2024-04-29,2024,4,"Garinger High School","Mecklenburg",35.2401000008895,-80.785683,29,45
2024-04-29,2024,4,"Hattie Avenue","Forsyth",36.11094,-80.224501,44,61
2024-04-29,2024,4,"Leggett","Edgecombe",35.988278,-77.5843,42,47
2024-04-29,2024,4,"Linville Falls","Avery",35.972347,-81.933072,NA,48
2024-04-29,2024,4,"Mendenhall School","Guilford",36.1090060008986,-79.802314,53,58
2024-04-29,2024,4,"Millbrook School","Wake",35.856111,-78.574167,56,49
2024-04-29,2024,4,"Pitt Agri. Center","Pitt",35.6412760008938,-77.360126,34,48
2024-04-29,2024,4,"West Johnston Co.","Johnston",35.59095,-78.4622,48,49
2024-04-30,2024,4,"Bryson City","Swain",35.434767,-83.442133,24,43
2024-04-30,2024,4,"Castle Hayne","New Hanover",34.364167,-77.838611,28,38
2024-04-30,2024,4,"Clemmons Middle","Forsyth",36.026612,-80.341962,44.5,45
2024-04-30,2024,4,"Durham Armory","Durham",36.0329550008979,-78.904037,55,39
2024-04-30,2024,4,"Frying Pan Mountain","Haywood",35.379167,-82.7925,14,49
2024-04-30,2024,4,"Garinger High School","Mecklenburg",35.2401000008895,-80.785683,37.5,38
2024-04-30,2024,4,"Hattie Avenue","Forsyth",36.11094,-80.224501,41.5,41
2024-04-30,2024,4,"Leggett","Edgecombe",35.988278,-77.5843,39,40
2024-04-30,2024,4,"Linville Falls","Avery",35.972347,-81.933072,26,38
2024-04-30,2024,4,"Mendenhall School","Guilford",36.1090060008986,-79.802314,51,43
2024-04-30,2024,4,"Millbrook School","Wake",35.856111,-78.574167,50,42
2024-04-30,2024,4,"Pitt Agri. Center","Pitt",35.6412760008938,-77.360126,22,40
2024-04-30,2024,4,"West Johnston Co.","Johnston",35.59095,-78.4622,46,42
2024-05-01,2024,5,"Bryson City","Swain",35.434767,-83.442133,18,41
2024-05-01,2024,5,"Castle Hayne","New Hanover",34.364167,-77.838611,26.5,37
2024-05-01,2024,5,"Clemmons Middle","Forsyth",36.026612,-80.341962,31,51
2024-05-01,2024,5,"Durham Armory","Durham",36.0329550008979,-78.904037,51,44
2024-05-01,2024,5,"Frying Pan Mountain","Haywood",35.379167,-82.7925,NA,48
2024-05-01,2024,5,"Garinger High School","Mecklenburg",35.2401000008895,-80.785683,28,50
2024-05-01,2024,5,"Hattie Avenue","Forsyth",36.11094,-80.224501,29,46
2024-05-01,2024,5,"Leggett","Edgecombe",35.988278,-77.5843,38,47
2024-05-01,2024,5,"Linville Falls","Avery",35.972347,-81.933072,NA,47
2024-05-01,2024,5,"Mendenhall School","Guilford",36.1090060008986,-79.802314,53,47
2024-05-01,2024,5,"Millbrook School","Wake",35.856111,-78.574167,40,48
2024-05-01,2024,5,"Pitt Agri. Center","Pitt",35.6412760008938,-77.360126,27,44
2024-05-01,2024,5,"West Johnston Co.","Johnston",35.59095,-78.4622,38,54
2024-05-02,2024,5,"Bryson City","Swain",35.434767,-83.442133,39,48
2024-05-02,2024,5,"Castle Hayne","New Hanover",34.364167,-77.838611,29.5,41
2024-05-02,2024,5,"Clemmons Middle","Forsyth",36.026612,-80.341962,43,84
2024-05-02,2024,5,"Durham Armory","Durham",36.0329550008979,-78.904037,56,67
2024-05-02,2024,5,"Frying Pan Mountain","Haywood",35.379167,-82.7925,NA,74
2024-05-02,2024,5,"Garinger High School","Mecklenburg",35.2401000008895,-80.785683,55,67
2024-05-02,2024,5,"Hattie Avenue","Forsyth",36.11094,-80.224501,45,87
2024-05-02,2024,5,"Leggett","Edgecombe",35.988278,-77.5843,39,51
2024-05-02,2024,5,"Linville Falls","Avery",35.972347,-81.933072,NA,58
2024-05-02,2024,5,"Mendenhall School","Guilford",36.1090060008986,-79.802314,57,90
2024-05-02,2024,5,"Millbrook School","Wake",35.856111,-78.574167,49,61
2024-05-02,2024,5,"Pitt Agri. Center","Pitt",35.6412760008938,-77.360126,33,46
2024-05-02,2024,5,"West Johnston Co.","Johnston",35.59095,-78.4622,42,64
2024-05-03,2024,5,"Bryson City","Swain",35.434767,-83.442133,51,31
2024-05-03,2024,5,"Castle Hayne","New Hanover",34.364167,-77.838611,24.5,38
2024-05-03,2024,5,"Clemmons Middle","Forsyth",36.026612,-80.341962,55,61
2024-05-03,2024,5,"Durham Armory","Durham",36.0329550008979,-78.904037,71,54
2024-05-03,2024,5,"Frying Pan Mountain","Haywood",35.379167,-82.7925,40,44
2024-05-03,2024,5,"Garinger High School","Mecklenburg",35.2401000008895,-80.785683,52,46
2024-05-03,2024,5,"Hattie Avenue","Forsyth",36.11094,-80.224501,55.5,51
2024-05-03,2024,5,"Leggett","Edgecombe",35.988278,-77.5843,42,48
2024-05-03,2024,5,"Linville Falls","Avery",35.972347,-81.933072,41,37
2024-05-03,2024,5,"Mendenhall School","Guilford",36.1090060008986,-79.802314,55,61
2024-05-03,2024,5,"Millbrook School","Wake",35.856111,-78.574167,52,54
2024-05-03,2024,5,"Pitt Agri. Center","Pitt",35.6412760008938,-77.360126,42,49
2024-05-03,2024,5,"West Johnston Co.","Johnston",35.59095,-78.4622,49,54
2024-05-04,2024,5,"Bryson City","Swain",35.434767,-83.442133,33,26
2024-05-04,2024,5,"Castle Hayne","New Hanover",34.364167,-77.838611,18,30
2024-05-04,2024,5,"Clemmons Middle","Forsyth",36.026612,-80.341962,41,26
2024-05-04,2024,5,"Durham Armory","Durham",36.0329550008979,-78.904037,52,13
2024-05-04,2024,5,"Frying Pan Mountain","Haywood",35.379167,-82.7925,NA,44
2024-05-04,2024,5,"Garinger High School","Mecklenburg",35.2401000008895,-80.785683,27,28
2024-05-04,2024,5,"Hattie Avenue","Forsyth",36.11094,-80.224501,41,18
2024-05-04,2024,5,"Leggett","Edgecombe",35.988278,-77.5843,34,27
2024-05-04,2024,5,"Linville Falls","Avery",35.972347,-81.933072,NA,38
2024-05-04,2024,5,"Mendenhall School","Guilford",36.1090060008986,-79.802314,45,11
2024-05-04,2024,5,"Millbrook School","Wake",35.856111,-78.574167,53,23
2024-05-04,2024,5,"Pitt Agri. Center","Pitt",35.6412760008938,-77.360126,29,30
2024-05-04,2024,5,"West Johnston Co.","Johnston",35.59095,-78.4622,30,31
2024-05-05,2024,5,"Bryson City","Swain",35.434767,-83.442133,28,38
2024-05-05,2024,5,"Castle Hayne","New Hanover",34.364167,-77.838611,14,29
2024-05-05,2024,5,"Clemmons Middle","Forsyth",36.026612,-80.341962,17,27
2024-05-05,2024,5,"Durham Armory","Durham",36.0329550008979,-78.904037,31,21
2024-05-05,2024,5,"Frying Pan Mountain","Haywood",35.379167,-82.7925,NA,47
2024-05-05,2024,5,"Garinger High School","Mecklenburg",35.2401000008895,-80.785683,14,34
2024-05-05,2024,5,"Hattie Avenue","Forsyth",36.11094,-80.224501,17,23
2024-05-05,2024,5,"Leggett","Edgecombe",35.988278,-77.5843,31,25
2024-05-05,2024,5,"Linville Falls","Avery",35.972347,-81.933072,NA,31
2024-05-05,2024,5,"Mendenhall School","Guilford",36.1090060008986,-79.802314,18,18
2024-05-05,2024,5,"Millbrook School","Wake",35.856111,-78.574167,29,23
2024-05-05,2024,5,"Pitt Agri. Center","Pitt",35.6412760008938,-77.360126,24,28
2024-05-05,2024,5,"West Johnston Co.","Johnston",35.59095,-78.4622,22,24
2024-05-06,2024,5,"Bryson City","Swain",35.434767,-83.442133,27,32
2024-05-06,2024,5,"Castle Hayne","New Hanover",34.364167,-77.838611,17,31
2024-05-06,2024,5,"Clemmons Middle","Forsyth",36.026612,-80.341962,36,41
2024-05-06,2024,5,"Durham Armory","Durham",36.0329550008979,-78.904037,45,31
2024-05-06,2024,5,"Frying Pan Mountain","Haywood",35.379167,-82.7925,28,41
2024-05-06,2024,5,"Garinger High School","Mecklenburg",35.2401000008895,-80.785683,37,31
2024-05-06,2024,5,"Hattie Avenue","Forsyth",36.11094,-80.224501,40,36
2024-05-06,2024,5,"Leggett","Edgecombe",35.988278,-77.5843,36,35
2024-05-06,2024,5,"Linville Falls","Avery",35.972347,-81.933072,22,41
2024-05-06,2024,5,"Mendenhall School","Guilford",36.1090060008986,-79.802314,43,32
2024-05-06,2024,5,"Millbrook School","Wake",35.856111,-78.574167,39.5,31
2024-05-06,2024,5,"Pitt Agri. Center","Pitt",35.6412760008938,-77.360126,26,32
2024-05-06,2024,5,"West Johnston Co.","Johnston",35.59095,-78.4622,33,28
2024-05-07,2024,5,"Bryson City","Swain",35.434767,-83.442133,33,32
2024-05-07,2024,5,"Castle Hayne","New Hanover",34.364167,-77.838611,32,34
2024-05-07,2024,5,"Clemmons Middle","Forsyth",36.026612,-80.341962,38,36
2024-05-07,2024,5,"Durham Armory","Durham",36.0329550008979,-78.904037,46,39
2024-05-07,2024,5,"Frying Pan Mountain","Haywood",35.379167,-82.7925,NA,37
2024-05-07,2024,5,"Garinger High School","Mecklenburg",35.2401000008895,-80.785683,29,32
2024-05-07,2024,5,"Hattie Avenue","Forsyth",36.11094,-80.224501,47,33
2024-05-07,2024,5,"Leggett","Edgecombe",35.988278,-77.5843,47,41
2024-05-07,2024,5,"Linville Falls","Avery",35.972347,-81.933072,NA,34
2024-05-07,2024,5,"Mendenhall School","Guilford",36.1090060008986,-79.802314,37,38
2024-05-07,2024,5,"Millbrook School","Wake",35.856111,-78.574167,48,41
2024-05-07,2024,5,"Pitt Agri. Center","Pitt",35.6412760008938,-77.360126,33,40
2024-05-07,2024,5,"West Johnston Co.","Johnston",35.59095,-78.4622,39,39
2024-05-08,2024,5,"Bryson City","Swain",35.434767,-83.442133,36,39
2024-05-08,2024,5,"Castle Hayne","New Hanover",34.364167,-77.838611,48,36
2024-05-08,2024,5,"Clemmons Middle","Forsyth",36.026612,-80.341962,54,33
2024-05-08,2024,5,"Durham Armory","Durham",36.0329550008979,-78.904037,59,37
2024-05-08,2024,5,"Frying Pan Mountain","Haywood",35.379167,-82.7925,NA,47
2024-05-08,2024,5,"Garinger High School","Mecklenburg",35.2401000008895,-80.785683,42,35
2024-05-08,2024,5,"Hattie Avenue","Forsyth",36.11094,-80.224501,55,29
2024-05-08,2024,5,"Leggett","Edgecombe",35.988278,-77.5843,54,39
2024-05-08,2024,5,"Linville Falls","Avery",35.972347,-81.933072,NA,30
2024-05-08,2024,5,"Mendenhall School","Guilford",36.1090060008986,-79.802314,53,37
2024-05-08,2024,5,"Millbrook School","Wake",35.856111,-78.574167,56,38
2024-05-08,2024,5,"Pitt Agri. Center","Pitt",35.6412760008938,-77.360126,54,39
2024-05-08,2024,5,"West Johnston Co.","Johnston",35.59095,-78.4622,53,33
2024-05-09,2024,5,"Bryson City","Swain",35.434767,-83.442133,15,43
2024-05-09,2024,5,"Castle Hayne","New Hanover",34.364167,-77.838611,29.5,39
2024-05-09,2024,5,"Clemmons Middle","Forsyth",36.026612,-80.341962,24,45
2024-05-09,2024,5,"Durham Armory","Durham",36.0329550008979,-78.904037,39,42
2024-05-09,2024,5,"Frying Pan Mountain","Haywood",35.379167,-82.7925,13,64
2024-05-09,2024,5,"Garinger High School","Mecklenburg",35.2401000008895,-80.785683,15.5,38
2024-05-09,2024,5,"Hattie Avenue","Forsyth",36.11094,-80.224501,26.5,43
2024-05-09,2024,5,"Leggett","Edgecombe",35.988278,-77.5843,37,44
2024-05-09,2024,5,"Linville Falls","Avery",35.972347,-81.933072,NA,44
2024-05-09,2024,5,"Mendenhall School","Guilford",36.1090060008986,-79.802314,24,45
2024-05-09,2024,5,"Millbrook School","Wake",35.856111,-78.574167,31,44
2024-05-09,2024,5,"Pitt Agri. Center","Pitt",35.6412760008938,-77.360126,31,44
2024-05-09,2024,5,"West Johnston Co.","Johnston",35.59095,-78.4622,29,42
2024-05-10,2024,5,"Bryson City","Swain",35.434767,-83.442133,17,44
2024-05-10,2024,5,"Castle Hayne","New Hanover",34.364167,-77.838611,31,37
2024-05-10,2024,5,"Clemmons Middle","Forsyth",36.026612,-80.341962,22,NA
2024-05-10,2024,5,"Durham Armory","Durham",36.0329550008979,-78.904037,41,44
2024-05-10,2024,5,"Frying Pan Mountain","Haywood",35.379167,-82.7925,NA,44
2024-05-10,2024,5,"Garinger High School","Mecklenburg",35.2401000008895,-80.785683,19,43
2024-05-10,2024,5,"Hattie Avenue","Forsyth",36.11094,-80.224501,23,42
2024-05-10,2024,5,"Leggett","Edgecombe",35.988278,-77.5843,28,40
2024-05-10,2024,5,"Linville Falls","Avery",35.972347,-81.933072,NA,45
2024-05-10,2024,5,"Mendenhall School","Guilford",36.1090060008986,-79.802314,27,43
2024-05-10,2024,5,"Millbrook School","Wake",35.856111,-78.574167,24,47
2024-05-10,2024,5,"Pitt Agri. Center","Pitt",35.6412760008938,-77.360126,29,43
2024-05-10,2024,5,"West Johnston Co.","Johnston",35.59095,-78.4622,38,39
2024-05-11,2024,5,"Bryson City","Swain",35.434767,-83.442133,30,41
2024-05-11,2024,5,"Castle Hayne","New Hanover",34.364167,-77.838611,26,33
2024-05-11,2024,5,"Clemmons Middle","Forsyth",36.026612,-80.341962,22,40
2024-05-11,2024,5,"Durham Armory","Durham",36.0329550008979,-78.904037,38,43
2024-05-11,2024,5,"Frying Pan Mountain","Haywood",35.379167,-82.7925,NA,44
2024-05-11,2024,5,"Garinger High School","Mecklenburg",35.2401000008895,-80.785683,20,44
2024-05-11,2024,5,"Hattie Avenue","Forsyth",36.11094,-80.224501,21,40
2024-05-11,2024,5,"Leggett","Edgecombe",35.988278,-77.5843,22,31
2024-05-11,2024,5,"Linville Falls","Avery",35.972347,-81.933072,NA,43
2024-05-11,2024,5,"Mendenhall School","Guilford",36.1090060008986,-79.802314,24,42
2024-05-11,2024,5,"Millbrook School","Wake",35.856111,-78.574167,17,42
2024-05-11,2024,5,"Pitt Agri. Center","Pitt",35.6412760008938,-77.360126,9,32
2024-05-11,2024,5,"West Johnston Co.","Johnston",35.59095,-78.4622,17,41
2024-05-12,2024,5,"Bryson City","Swain",35.434767,-83.442133,38,45
2024-05-12,2024,5,"Castle Hayne","New Hanover",34.364167,-77.838611,31,45
2024-05-12,2024,5,"Clemmons Middle","Forsyth",36.026612,-80.341962,30.5,44
2024-05-12,2024,5,"Durham Armory","Durham",36.0329550008979,-78.904037,43,43
2024-05-12,2024,5,"Frying Pan Mountain","Haywood",35.379167,-82.7925,22,48
2024-05-12,2024,5,"Garinger High School","Mecklenburg",35.2401000008895,-80.785683,38.5,46
2024-05-12,2024,5,"Hattie Avenue","Forsyth",36.11094,-80.224501,37.5,44
2024-05-12,2024,5,"Leggett","Edgecombe",35.988278,-77.5843,29,43
2024-05-12,2024,5,"Linville Falls","Avery",35.972347,-81.933072,NA,47
2024-05-12,2024,5,"Mendenhall School","Guilford",36.1090060008986,-79.802314,27,44
2024-05-12,2024,5,"Millbrook School","Wake",35.856111,-78.574167,27.5,45
2024-05-12,2024,5,"Pitt Agri. Center","Pitt",35.6412760008938,-77.360126,21,44
2024-05-12,2024,5,"West Johnston Co.","Johnston",35.59095,-78.4622,28,48
2024-05-13,2024,5,"Bryson City","Swain",35.434767,-83.442133,48,29
2024-05-13,2024,5,"Castle Hayne","New Hanover",34.364167,-77.838611,27,44
2024-05-13,2024,5,"Clemmons Middle","Forsyth",36.026612,-80.341962,41,42
2024-05-13,2024,5,"Durham Armory","Durham",36.0329550008979,-78.904037,50,44
2024-05-13,2024,5,"Frying Pan Mountain","Haywood",35.379167,-82.7925,NA,41
2024-05-13,2024,5,"Garinger High School","Mecklenburg",35.2401000008895,-80.785683,46,43
2024-05-13,2024,5,"Hattie Avenue","Forsyth",36.11094,-80.224501,36,43
2024-05-13,2024,5,"Leggett","Edgecombe",35.988278,-77.5843,23,41
2024-05-13,2024,5,"Linville Falls","Avery",35.972347,-81.933072,NA,44
2024-05-13,2024,5,"Mendenhall School","Guilford",36.1090060008986,-79.802314,43,43
2024-05-13,2024,5,"Millbrook School","Wake",35.856111,-78.574167,33,44
2024-05-13,2024,5,"Pitt Agri. Center","Pitt",35.6412760008938,-77.360126,17,42
2024-05-13,2024,5,"West Johnston Co.","Johnston",35.59095,-78.4622,33,44
2024-05-14,2024,5,"Bryson City","Swain",35.434767,-83.442133,26,26
2024-05-14,2024,5,"Castle Hayne","New Hanover",34.364167,-77.838611,33.5,43
2024-05-14,2024,5,"Clemmons Middle","Forsyth",36.026612,-80.341962,26,28
2024-05-14,2024,5,"Durham Armory","Durham",36.0329550008979,-78.904037,35,32
2024-05-14,2024,5,"Frying Pan Mountain","Haywood",35.379167,-82.7925,NA,44
2024-05-14,2024,5,"Garinger High School","Mecklenburg",35.2401000008895,-80.785683,18,20
2024-05-14,2024,5,"Hattie Avenue","Forsyth",36.11094,-80.224501,25,30
2024-05-14,2024,5,"Leggett","Edgecombe",35.988278,-77.5843,33,34
2024-05-14,2024,5,"Linville Falls","Avery",35.972347,-81.933072,NA,30
2024-05-14,2024,5,"Mendenhall School","Guilford",36.1090060008986,-79.802314,27,29
2024-05-14,2024,5,"Millbrook School","Wake",35.856111,-78.574167,25,34
2024-05-14,2024,5,"Pitt Agri. Center","Pitt",35.6412760008938,-77.360126,23,34
2024-05-14,2024,5,"West Johnston Co.","Johnston",35.59095,-78.4622,28,36
2024-05-15,2024,5,"Bryson City","Swain",35.434767,-83.442133,13,38
2024-05-15,2024,5,"Castle Hayne","New Hanover",34.364167,-77.838611,39.5,40
2024-05-15,2024,5,"Clemmons Middle","Forsyth",36.026612,-80.341962,28,31
2024-05-15,2024,5,"Durham Armory","Durham",36.0329550008979,-78.904037,28,32
2024-05-15,2024,5,"Frying Pan Mountain","Haywood",35.379167,-82.7925,9,46
2024-05-15,2024,5,"Garinger High School","Mecklenburg",35.2401000008895,-80.785683,17.5,32
2024-05-15,2024,5,"Hattie Avenue","Forsyth",36.11094,-80.224501,27.5,32
2024-05-15,2024,5,"Leggett","Edgecombe",35.988278,-77.5843,13,31
2024-05-15,2024,5,"Linville Falls","Avery",35.972347,-81.933072,13,39
2024-05-15,2024,5,"Mendenhall School","Guilford",36.1090060008986,-79.802314,13,30
2024-05-15,2024,5,"Millbrook School","Wake",35.856111,-78.574167,20.5,34
2024-05-15,2024,5,"Pitt Agri. Center","Pitt",35.6412760008938,-77.360126,17,32
2024-05-15,2024,5,"West Johnston Co.","Johnston",35.59095,-78.4622,21,32
2024-05-16,2024,5,"Bryson City","Swain",35.434767,-83.442133,29,43
2024-05-16,2024,5,"Castle Hayne","New Hanover",34.364167,-77.838611,27,36
2024-05-16,2024,5,"Clemmons Middle","Forsyth",36.026612,-80.341962,26,42
2024-05-16,2024,5,"Durham Armory","Durham",36.0329550008979,-78.904037,24,36
2024-05-16,2024,5,"Frying Pan Mountain","Haywood",35.379167,-82.7925,NA,48
2024-05-16,2024,5,"Garinger High School","Mecklenburg",35.2401000008895,-80.785683,21,44
2024-05-16,2024,5,"Hattie Avenue","Forsyth",36.11094,-80.224501,26,44
2024-05-16,2024,5,"Leggett","Edgecombe",35.988278,-77.5843,22,36
2024-05-16,2024,5,"Linville Falls","Avery",35.972347,-81.933072,NA,41
2024-05-16,2024,5,"Mendenhall School","Guilford",36.1090060008986,-79.802314,17,42
2024-05-16,2024,5,"Millbrook School","Wake",35.856111,-78.574167,26,40
2024-05-16,2024,5,"Pitt Agri. Center","Pitt",35.6412760008938,-77.360126,12,38
2024-05-16,2024,5,"West Johnston Co.","Johnston",35.59095,-78.4622,21,44
2024-05-17,2024,5,"Bryson City","Swain",35.434767,-83.442133,34,19
2024-05-17,2024,5,"Castle Hayne","New Hanover",34.364167,-77.838611,35.5,37
2024-05-17,2024,5,"Clemmons Middle","Forsyth",36.026612,-80.341962,34,35
2024-05-17,2024,5,"Durham Armory","Durham",36.0329550008979,-78.904037,48,40
2024-05-17,2024,5,"Frying Pan Mountain","Haywood",35.379167,-82.7925,NA,41
2024-05-17,2024,5,"Garinger High School","Mecklenburg",35.2401000008895,-80.785683,33,38
2024-05-17,2024,5,"Hattie Avenue","Forsyth",36.11094,-80.224501,38,35
2024-05-17,2024,5,"Leggett","Edgecombe",35.988278,-77.5843,NA,34
2024-05-17,2024,5,"Linville Falls","Avery",35.972347,-81.933072,NA,35
2024-05-17,2024,5,"Mendenhall School","Guilford",36.1090060008986,-79.802314,35,33
2024-05-17,2024,5,"Millbrook School","Wake",35.856111,-78.574167,44,39
2024-05-17,2024,5,"Pitt Agri. Center","Pitt",35.6412760008938,-77.360126,22,34
2024-05-17,2024,5,"West Johnston Co.","Johnston",35.59095,-78.4622,41,41
2024-05-18,2024,5,"Bryson City","Swain",35.434767,-83.442133,24,36
2024-05-18,2024,5,"Castle Hayne","New Hanover",34.364167,-77.838611,40.5,33
2024-05-18,2024,5,"Clemmons Middle","Forsyth",36.026612,-80.341962,36,34
2024-05-18,2024,5,"Durham Armory","Durham",36.0329550008979,-78.904037,38,26
2024-05-18,2024,5,"Frying Pan Mountain","Haywood",35.379167,-82.7925,18,44
2024-05-18,2024,5,"Garinger High School","Mecklenburg",35.2401000008895,-80.785683,23.5,32
2024-05-18,2024,5,"Hattie Avenue","Forsyth",36.11094,-80.224501,37,36
2024-05-18,2024,5,"Leggett","Edgecombe",35.988278,-77.5843,28,27
2024-05-18,2024,5,"Linville Falls","Avery",35.972347,-81.933072,18,31
2024-05-18,2024,5,"Mendenhall School","Guilford",36.1090060008986,-79.802314,31,31
2024-05-18,2024,5,"Millbrook School","Wake",35.856111,-78.574167,30,31
2024-05-18,2024,5,"Pitt Agri. Center","Pitt",35.6412760008938,-77.360126,24,29
2024-05-18,2024,5,"West Johnston Co.","Johnston",35.59095,-78.4622,23,32
2024-05-19,2024,5,"Bryson City","Swain",35.434767,-83.442133,16,36
2024-05-19,2024,5,"Castle Hayne","New Hanover",34.364167,-77.838611,15.5,25
2024-05-19,2024,5,"Clemmons Middle","Forsyth",36.026612,-80.341962,19,40
2024-05-19,2024,5,"Durham Armory","Durham",36.0329550008979,-78.904037,36,31
2024-05-19,2024,5,"Frying Pan Mountain","Haywood",35.379167,-82.7925,NA,43
2024-05-19,2024,5,"Garinger High School","Mecklenburg",35.2401000008895,-80.785683,12,38
2024-05-19,2024,5,"Hattie Avenue","Forsyth",36.11094,-80.224501,20,39
2024-05-19,2024,5,"Leggett","Edgecombe",35.988278,-77.5843,37,30
2024-05-19,2024,5,"Linville Falls","Avery",35.972347,-81.933072,NA,31
2024-05-19,2024,5,"Mendenhall School","Guilford",36.1090060008986,-79.802314,15,33
2024-05-19,2024,5,"Millbrook School","Wake",35.856111,-78.574167,27,34
2024-05-19,2024,5,"Pitt Agri. Center","Pitt",35.6412760008938,-77.360126,14,31
2024-05-19,2024,5,"West Johnston Co.","Johnston",35.59095,-78.4622,19,34
2024-05-20,2024,5,"Bryson City","Swain",35.434767,-83.442133,24,38
2024-05-20,2024,5,"Castle Hayne","New Hanover",34.364167,-77.838611,16.5,29
2024-05-20,2024,5,"Clemmons Middle","Forsyth",36.026612,-80.341962,32,44
2024-05-20,2024,5,"Durham Armory","Durham",36.0329550008979,-78.904037,41,38
2024-05-20,2024,5,"Frying Pan Mountain","Haywood",35.379167,-82.7925,NA,43
2024-05-20,2024,5,"Garinger High School","Mecklenburg",35.2401000008895,-80.785683,25,47
2024-05-20,2024,5,"Hattie Avenue","Forsyth",36.11094,-80.224501,37,43
2024-05-20,2024,5,"Leggett","Edgecombe",35.988278,-77.5843,21,35
2024-05-20,2024,5,"Linville Falls","Avery",35.972347,-81.933072,NA,34
2024-05-20,2024,5,"Mendenhall School","Guilford",36.1090060008986,-79.802314,26,39
2024-05-20,2024,5,"Millbrook School","Wake",35.856111,-78.574167,35,38
2024-05-20,2024,5,"Pitt Agri. Center","Pitt",35.6412760008938,-77.360126,16,35
2024-05-20,2024,5,"West Johnston Co.","Johnston",35.59095,-78.4622,29,37
2024-05-21,2024,5,"Bryson City","Swain",35.434767,-83.442133,32,37
2024-05-21,2024,5,"Castle Hayne","New Hanover",34.364167,-77.838611,11,31
2024-05-21,2024,5,"Clemmons Middle","Forsyth",36.026612,-80.341962,45,49
2024-05-21,2024,5,"Durham Armory","Durham",36.0329550008979,-78.904037,49,44
2024-05-21,2024,5,"Frying Pan Mountain","Haywood",35.379167,-82.7925,29,46
2024-05-21,2024,5,"Garinger High School","Mecklenburg",35.2401000008895,-80.785683,41,61
2024-05-21,2024,5,"Hattie Avenue","Forsyth",36.11094,-80.224501,46,64
2024-05-21,2024,5,"Leggett","Edgecombe",35.988278,-77.5843,20,33
2024-05-21,2024,5,"Linville Falls","Avery",35.972347,-81.933072,34,41
2024-05-21,2024,5,"Mendenhall School","Guilford",36.1090060008986,-79.802314,37,58
2024-05-21,2024,5,"Millbrook School","Wake",35.856111,-78.574167,33,42
2024-05-21,2024,5,"Pitt Agri. Center","Pitt",35.6412760008938,-77.360126,8,30
2024-05-21,2024,5,"West Johnston Co.","Johnston",35.59095,-78.4622,28,43
2024-05-22,2024,5,"Bryson City","Swain",35.434767,-83.442133,46,44
2024-05-22,2024,5,"Castle Hayne","New Hanover",34.364167,-77.838611,7.5,31
2024-05-22,2024,5,"Clemmons Middle","Forsyth",36.026612,-80.341962,52,51
2024-05-22,2024,5,"Durham Armory","Durham",36.0329550008979,-78.904037,62,50
2024-05-22,2024,5,"Frying Pan Mountain","Haywood",35.379167,-82.7925,NA,61
2024-05-22,2024,5,"Garinger High School","Mecklenburg",35.2401000008895,-80.785683,43,51
2024-05-22,2024,5,"Hattie Avenue","Forsyth",36.11094,-80.224501,53,61
2024-05-22,2024,5,"Leggett","Edgecombe",35.988278,-77.5843,34,44
2024-05-22,2024,5,"Linville Falls","Avery",35.972347,-81.933072,NA,44
2024-05-22,2024,5,"Mendenhall School","Guilford",36.1090060008986,-79.802314,51,49
2024-05-22,2024,5,"Millbrook School","Wake",35.856111,-78.574167,41,50
2024-05-22,2024,5,"Pitt Agri. Center","Pitt",35.6412760008938,-77.360126,18,43
2024-05-22,2024,5,"West Johnston Co.","Johnston",35.59095,-78.4622,42,48
2024-05-23,2024,5,"Bryson City","Swain",35.434767,-83.442133,45,35
2024-05-23,2024,5,"Castle Hayne","New Hanover",34.364167,-77.838611,19.5,42
2024-05-23,2024,5,"Clemmons Middle","Forsyth",36.026612,-80.341962,52,43
2024-05-23,2024,5,"Durham Armory","Durham",36.0329550008979,-78.904037,60,49
2024-05-23,2024,5,"Frying Pan Mountain","Haywood",35.379167,-82.7925,NA,44
2024-05-23,2024,5,"Garinger High School","Mecklenburg",35.2401000008895,-80.785683,51,46
2024-05-23,2024,5,"Hattie Avenue","Forsyth",36.11094,-80.224501,54,43
2024-05-23,2024,5,"Leggett","Edgecombe",35.988278,-77.5843,45,47
2024-05-23,2024,5,"Linville Falls","Avery",35.972347,-81.933072,NA,36
2024-05-23,2024,5,"Mendenhall School","Guilford",36.1090060008986,-79.802314,52,46
2024-05-23,2024,5,"Millbrook School","Wake",35.856111,-78.574167,48,54
2024-05-23,2024,5,"Pitt Agri. Center","Pitt",35.6412760008938,-77.360126,34,47
2024-05-23,2024,5,"West Johnston Co.","Johnston",35.59095,-78.4622,53,45
2024-05-24,2024,5,"Bryson City","Swain",35.434767,-83.442133,34,36
2024-05-24,2024,5,"Castle Hayne","New Hanover",34.364167,-77.838611,32.5,36
2024-05-24,2024,5,"Clemmons Middle","Forsyth",36.026612,-80.341962,28,43
2024-05-24,2024,5,"Durham Armory","Durham",36.0329550008979,-78.904037,47,41
2024-05-24,2024,5,"Frying Pan Mountain","Haywood",35.379167,-82.7925,NA,48
2024-05-24,2024,5,"Garinger High School","Mecklenburg",35.2401000008895,-80.785683,36,47
2024-05-24,2024,5,"Hattie Avenue","Forsyth",36.11094,-80.224501,31.5,42
2024-05-24,2024,5,"Leggett","Edgecombe",35.988278,-77.5843,45,40
2024-05-24,2024,5,"Linville Falls","Avery",35.972347,-81.933072,24,47
2024-05-24,2024,5,"Mendenhall School","Guilford",36.1090060008986,-79.802314,39,41
2024-05-24,2024,5,"Millbrook School","Wake",35.856111,-78.574167,51,41
2024-05-24,2024,5,"Pitt Agri. Center","Pitt",35.6412760008938,-77.360126,47,40
2024-05-24,2024,5,"West Johnston Co.","Johnston",35.59095,-78.4622,34,42
2024-05-25,2024,5,"Bryson City","Swain",35.434767,-83.442133,32,38
2024-05-25,2024,5,"Castle Hayne","New Hanover",34.364167,-77.838611,39.5,44
2024-05-25,2024,5,"Clemmons Middle","Forsyth",36.026612,-80.341962,28,43
2024-05-25,2024,5,"Durham Armory","Durham",36.0329550008979,-78.904037,46,44
2024-05-25,2024,5,"Frying Pan Mountain","Haywood",35.379167,-82.7925,NA,58
2024-05-25,2024,5,"Garinger High School","Mecklenburg",35.2401000008895,-80.785683,32,46
2024-05-25,2024,5,"Hattie Avenue","Forsyth",36.11094,-80.224501,34,44
2024-05-25,2024,5,"Leggett","Edgecombe",35.988278,-77.5843,42,39
2024-05-25,2024,5,"Linville Falls","Avery",35.972347,-81.933072,NA,37
2024-05-25,2024,5,"Mendenhall School","Guilford",36.1090060008986,-79.802314,44,47
2024-05-25,2024,5,"Millbrook School","Wake",35.856111,-78.574167,47,50
2024-05-25,2024,5,"Pitt Agri. Center","Pitt",35.6412760008938,-77.360126,32,38
2024-05-25,2024,5,"West Johnston Co.","Johnston",35.59095,-78.4622,38,45
2024-05-26,2024,5,"Bryson City","Swain",35.434767,-83.442133,48,31
2024-05-26,2024,5,"Castle Hayne","New Hanover",34.364167,-77.838611,42,44
2024-05-26,2024,5,"Clemmons Middle","Forsyth",36.026612,-80.341962,42,44
2024-05-26,2024,5,"Durham Armory","Durham",36.0329550008979,-78.904037,52,45
2024-05-26,2024,5,"Frying Pan Mountain","Haywood",35.379167,-82.7925,NA,39
2024-05-26,2024,5,"Garinger High School","Mecklenburg",35.2401000008895,-80.785683,42,46
2024-05-26,2024,5,"Hattie Avenue","Forsyth",36.11094,-80.224501,49,48
2024-05-26,2024,5,"Leggett","Edgecombe",35.988278,-77.5843,52,42
2024-05-26,2024,5,"Linville Falls","Avery",35.972347,-81.933072,NA,42
2024-05-26,2024,5,"Mendenhall School","Guilford",36.1090060008986,-79.802314,46,46
2024-05-26,2024,5,"Millbrook School","Wake",35.856111,-78.574167,52,48
2024-05-26,2024,5,"Pitt Agri. Center","Pitt",35.6412760008938,-77.360126,46,44
2024-05-26,2024,5,"West Johnston Co.","Johnston",35.59095,-78.4622,52,46
2024-05-27,2024,5,"Bryson City","Swain",35.434767,-83.442133,29,44
2024-05-27,2024,5,"Castle Hayne","New Hanover",34.364167,-77.838611,53.5,31
2024-05-27,2024,5,"Clemmons Middle","Forsyth",36.026612,-80.341962,29,48
2024-05-27,2024,5,"Durham Armory","Durham",36.0329550008979,-78.904037,46,38
2024-05-27,2024,5,"Frying Pan Mountain","Haywood",35.379167,-82.7925,NA,46
2024-05-27,2024,5,"Garinger High School","Mecklenburg",35.2401000008895,-80.785683,37.5,47
2024-05-27,2024,5,"Hattie Avenue","Forsyth",36.11094,-80.224501,40,47
2024-05-27,2024,5,"Leggett","Edgecombe",35.988278,-77.5843,47,26
2024-05-27,2024,5,"Linville Falls","Avery",35.972347,-81.933072,25,40
2024-05-27,2024,5,"Mendenhall School","Guilford",36.1090060008986,-79.802314,33,49
2024-05-27,2024,5,"Millbrook School","Wake",35.856111,-78.574167,46.5,36
2024-05-27,2024,5,"Pitt Agri. Center","Pitt",35.6412760008938,-77.360126,50,29
2024-05-27,2024,5,"West Johnston Co.","Johnston",35.59095,-78.4622,42,32
2024-05-28,2024,5,"Bryson City","Swain",35.434767,-83.442133,23,46
2024-05-28,2024,5,"Castle Hayne","New Hanover",34.364167,-77.838611,55,41
2024-05-28,2024,5,"Clemmons Middle","Forsyth",36.026612,-80.341962,27,45
2024-05-28,2024,5,"Durham Armory","Durham",36.0329550008979,-78.904037,42,43
2024-05-28,2024,5,"Frying Pan Mountain","Haywood",35.379167,-82.7925,NA,46
2024-05-28,2024,5,"Garinger High School","Mecklenburg",35.2401000008895,-80.785683,19,47
2024-05-28,2024,5,"Hattie Avenue","Forsyth",36.11094,-80.224501,28,44
2024-05-28,2024,5,"Leggett","Edgecombe",35.988278,-77.5843,32,42
2024-05-28,2024,5,"Linville Falls","Avery",35.972347,-81.933072,NA,46
2024-05-28,2024,5,"Mendenhall School","Guilford",36.1090060008986,-79.802314,26,46
2024-05-28,2024,5,"Millbrook School","Wake",35.856111,-78.574167,32,46
2024-05-28,2024,5,"Pitt Agri. Center","Pitt",35.6412760008938,-77.360126,40,45
2024-05-28,2024,5,"West Johnston Co.","Johnston",35.59095,-78.4622,43,51
2024-05-29,2024,5,"Bryson City","Swain",35.434767,-83.442133,24,48
2024-05-29,2024,5,"Castle Hayne","New Hanover",34.364167,-77.838611,47.5,48
2024-05-29,2024,5,"Clemmons Middle","Forsyth",36.026612,-80.341962,23,50
2024-05-29,2024,5,"Durham Armory","Durham",36.0329550008979,-78.904037,39,51
2024-05-29,2024,5,"Frying Pan Mountain","Haywood",35.379167,-82.7925,NA,51
2024-05-29,2024,5,"Garinger High School","Mecklenburg",35.2401000008895,-80.785683,21,51
2024-05-29,2024,5,"Hattie Avenue","Forsyth",36.11094,-80.224501,23,48
2024-05-29,2024,5,"Leggett","Edgecombe",35.988278,-77.5843,39,49
2024-05-29,2024,5,"Linville Falls","Avery",35.972347,-81.933072,NA,48
2024-05-29,2024,5,"Mendenhall School","Guilford",36.1090060008986,-79.802314,23,50
2024-05-29,2024,5,"Millbrook School","Wake",35.856111,-78.574167,24,61
2024-05-29,2024,5,"Pitt Agri. Center","Pitt",35.6412760008938,-77.360126,33,50
2024-05-29,2024,5,"West Johnston Co.","Johnston",35.59095,-78.4622,36,61
2024-05-30,2024,5,"Bryson City","Swain",35.434767,-83.442133,21,39
2024-05-30,2024,5,"Castle Hayne","New Hanover",34.364167,-77.838611,38,47
2024-05-30,2024,5,"Clemmons Middle","Forsyth",36.026612,-80.341962,30.5,42
2024-05-30,2024,5,"Durham Armory","Durham",36.0329550008979,-78.904037,33,41
2024-05-30,2024,5,"Frying Pan Mountain","Haywood",35.379167,-82.7925,NA,44
2024-05-30,2024,5,"Garinger High School","Mecklenburg",35.2401000008895,-80.785683,26.5,46
2024-05-30,2024,5,"Hattie Avenue","Forsyth",36.11094,-80.224501,24.5,42
2024-05-30,2024,5,"Leggett","Edgecombe",35.988278,-77.5843,24,38
2024-05-30,2024,5,"Linville Falls","Avery",35.972347,-81.933072,13,41
2024-05-30,2024,5,"Mendenhall School","Guilford",36.1090060008986,-79.802314,17,40
2024-05-30,2024,5,"Millbrook School","Wake",35.856111,-78.574167,22,42
2024-05-30,2024,5,"Pitt Agri. Center","Pitt",35.6412760008938,-77.360126,21,39
2024-05-30,2024,5,"West Johnston Co.","Johnston",35.59095,-78.4622,21,45
2024-05-31,2024,5,"Bryson City","Swain",35.434767,-83.442133,29,37
2024-05-31,2024,5,"Castle Hayne","New Hanover",34.364167,-77.838611,42.5,46
2024-05-31,2024,5,"Clemmons Middle","Forsyth",36.026612,-80.341962,27,51
2024-05-31,2024,5,"Durham Armory","Durham",36.0329550008979,-78.904037,44,44
2024-05-31,2024,5,"Frying Pan Mountain","Haywood",35.379167,-82.7925,NA,48
2024-05-31,2024,5,"Garinger High School","Mecklenburg",35.2401000008895,-80.785683,41,74
2024-05-31,2024,5,"Hattie Avenue","Forsyth",36.11094,-80.224501,27,58
2024-05-31,2024,5,"Leggett","Edgecombe",35.988278,-77.5843,28,46
2024-05-31,2024,5,"Linville Falls","Avery",35.972347,-81.933072,NA,40
2024-05-31,2024,5,"Mendenhall School","Guilford",36.1090060008986,-79.802314,29,46
2024-05-31,2024,5,"Millbrook School","Wake",35.856111,-78.574167,25,45
2024-05-31,2024,5,"Pitt Agri. Center","Pitt",35.6412760008938,-77.360126,27,46
2024-05-31,2024,5,"West Johnston Co.","Johnston",35.59095,-78.4622,25,47
2024-06-01,2024,6,"Bryson City","Swain",35.434767,-83.442133,44,44
2024-06-01,2024,6,"Castle Hayne","New Hanover",34.364167,-77.838611,59.5,51
2024-06-01,2024,6,"Clemmons Middle","Forsyth",36.026612,-80.341962,41,51
2024-06-01,2024,6,"Durham Armory","Durham",36.0329550008979,-78.904037,52,61
2024-06-01,2024,6,"Frying Pan Mountain","Haywood",35.379167,-82.7925,NA,54
2024-06-01,2024,6,"Garinger High School","Mecklenburg",35.2401000008895,-80.785683,55,58
2024-06-01,2024,6,"Hattie Avenue","Forsyth",36.11094,-80.224501,43,54
2024-06-01,2024,6,"Leggett","Edgecombe",35.988278,-77.5843,38,51
2024-06-01,2024,6,"Linville Falls","Avery",35.972347,-81.933072,NA,58
2024-06-01,2024,6,"Mendenhall School","Guilford",36.1090060008986,-79.802314,46,50
2024-06-01,2024,6,"Millbrook School","Wake",35.856111,-78.574167,42,51
2024-06-01,2024,6,"Pitt Agri. Center","Pitt",35.6412760008938,-77.360126,35,64
2024-06-01,2024,6,"West Johnston Co.","Johnston",35.59095,-78.4622,46,51
2024-06-02,2024,6,"Bryson City","Swain",35.434767,-83.442133,33,24
2024-06-02,2024,6,"Castle Hayne","New Hanover",34.364167,-77.838611,21,50
2024-06-02,2024,6,"Clemmons Middle","Forsyth",36.026612,-80.341962,38,41
2024-06-02,2024,6,"Durham Armory","Durham",36.0329550008979,-78.904037,53,40
2024-06-02,2024,6,"Frying Pan Mountain","Haywood",35.379167,-82.7925,14,41
2024-06-02,2024,6,"Garinger High School","Mecklenburg",35.2401000008895,-80.785683,37.5,42
2024-06-02,2024,6,"Hattie Avenue","Forsyth",36.11094,-80.224501,41.5,43
2024-06-02,2024,6,"Leggett","Edgecombe",35.988278,-77.5843,53,44
2024-06-02,2024,6,"Linville Falls","Avery",35.972347,-81.933072,28,36
2024-06-02,2024,6,"Mendenhall School","Guilford",36.1090060008986,-79.802314,47,44
2024-06-02,2024,6,"Millbrook School","Wake",35.856111,-78.574167,39,44
2024-06-02,2024,6,"Pitt Agri. Center","Pitt",35.6412760008938,-77.360126,26,47
2024-06-02,2024,6,"West Johnston Co.","Johnston",35.59095,-78.4622,52,45
2024-06-03,2024,6,"Bryson City","Swain",35.434767,-83.442133,34,33
2024-06-03,2024,6,"Castle Hayne","New Hanover",34.364167,-77.838611,22.5,43
2024-06-03,2024,6,"Clemmons Middle","Forsyth",36.026612,-80.341962,45,35
2024-06-03,2024,6,"Durham Armory","Durham",36.0329550008979,-78.904037,46,37
2024-06-03,2024,6,"Frying Pan Mountain","Haywood",35.379167,-82.7925,NA,42
2024-06-03,2024,6,"Garinger High School","Mecklenburg",35.2401000008895,-80.785683,39,42
2024-06-03,2024,6,"Hattie Avenue","Forsyth",36.11094,-80.224501,52,39
2024-06-03,2024,6,"Leggett","Edgecombe",35.988278,-77.5843,33,36
2024-06-03,2024,6,"Linville Falls","Avery",35.972347,-81.933072,NA,35
2024-06-03,2024,6,"Mendenhall School","Guilford",36.1090060008986,-79.802314,43,40
2024-06-03,2024,6,"Millbrook School","Wake",35.856111,-78.574167,46,35
2024-06-03,2024,6,"Pitt Agri. Center","Pitt",35.6412760008938,-77.360126,29,37
2024-06-03,2024,6,"West Johnston Co.","Johnston",35.59095,-78.4622,44,39
2024-06-04,2024,6,"Bryson City","Swain",35.434767,-83.442133,31,32
2024-06-04,2024,6,"Castle Hayne","New Hanover",34.364167,-77.838611,22.5,41
2024-06-04,2024,6,"Clemmons Middle","Forsyth",36.026612,-80.341962,51,43
2024-06-04,2024,6,"Durham Armory","Durham",36.0329550008979,-78.904037,51,40
2024-06-04,2024,6,"Frying Pan Mountain","Haywood",35.379167,-82.7925,NA,35
2024-06-04,2024,6,"Garinger High School","Mecklenburg",35.2401000008895,-80.785683,42,44
2024-06-04,2024,6,"Hattie Avenue","Forsyth",36.11094,-80.224501,53,46
2024-06-04,2024,6,"Leggett","Edgecombe",35.988278,-77.5843,52,42
2024-06-04,2024,6,"Linville Falls","Avery",35.972347,-81.933072,NA,37
2024-06-04,2024,6,"Mendenhall School","Guilford",36.1090060008986,-79.802314,44,42
2024-06-04,2024,6,"Millbrook School","Wake",35.856111,-78.574167,53,43
2024-06-04,2024,6,"Pitt Agri. Center","Pitt",35.6412760008938,-77.360126,45,43
2024-06-04,2024,6,"West Johnston Co.","Johnston",35.59095,-78.4622,54,44
2024-06-05,2024,6,"Bryson City","Swain",35.434767,-83.442133,28,28
2024-06-05,2024,6,"Castle Hayne","New Hanover",34.364167,-77.838611,17,36
2024-06-05,2024,6,"Clemmons Middle","Forsyth",36.026612,-80.341962,48,35
2024-06-05,2024,6,"Durham Armory","Durham",36.0329550008979,-78.904037,51,36
2024-06-05,2024,6,"Frying Pan Mountain","Haywood",35.379167,-82.7925,NA,44
2024-06-05,2024,6,"Garinger High School","Mecklenburg",35.2401000008895,-80.785683,33,31
2024-06-05,2024,6,"Hattie Avenue","Forsyth",36.11094,-80.224501,50.5,37
2024-06-05,2024,6,"Leggett","Edgecombe",35.988278,-77.5843,41,34
2024-06-05,2024,6,"Linville Falls","Avery",35.972347,-81.933072,24,29
2024-06-05,2024,6,"Mendenhall School","Guilford",36.1090060008986,-79.802314,46,37
2024-06-05,2024,6,"Millbrook School","Wake",35.856111,-78.574167,45.5,38
2024-06-05,2024,6,"Pitt Agri. Center","Pitt",35.6412760008938,-77.360126,35,34
2024-06-05,2024,6,"West Johnston Co.","Johnston",35.59095,-78.4622,44,38
2024-06-06,2024,6,"Bryson City","Swain",35.434767,-83.442133,34,38
2024-06-06,2024,6,"Castle Hayne","New Hanover",34.364167,-77.838611,31,34
2024-06-06,2024,6,"Clemmons Middle","Forsyth",36.026612,-80.341962,39,40
2024-06-06,2024,6,"Durham Armory","Durham",36.0329550008979,-78.904037,43,40
2024-06-06,2024,6,"Frying Pan Mountain","Haywood",35.379167,-82.7925,NA,47
2024-06-06,2024,6,"Garinger High School","Mecklenburg",35.2401000008895,-80.785683,37,36
2024-06-06,2024,6,"Hattie Avenue","Forsyth",36.11094,-80.224501,41,40
2024-06-06,2024,6,"Leggett","Edgecombe",35.988278,-77.5843,34,41
2024-06-06,2024,6,"Linville Falls","Avery",35.972347,-81.933072,NA,42
2024-06-06,2024,6,"Mendenhall School","Guilford",36.1090060008986,-79.802314,42,41
2024-06-06,2024,6,"Millbrook School","Wake",35.856111,-78.574167,44,40
2024-06-06,2024,6,"Pitt Agri. Center","Pitt",35.6412760008938,-77.360126,41,41
2024-06-06,2024,6,"West Johnston Co.","Johnston",35.59095,-78.4622,46,39
2024-06-07,2024,6,"Bryson City","Swain",35.434767,-83.442133,34,49
2024-06-07,2024,6,"Castle Hayne","New Hanover",34.364167,-77.838611,47.5,42
2024-06-07,2024,6,"Clemmons Middle","Forsyth",36.026612,-80.341962,26,51
2024-06-07,2024,6,"Durham Armory","Durham",36.0329550008979,-78.904037,48,54
2024-06-07,2024,6,"Frying Pan Mountain","Haywood",35.379167,-82.7925,NA,49
2024-06-07,2024,6,"Garinger High School","Mecklenburg",35.2401000008895,-80.785683,33,51
2024-06-07,2024,6,"Hattie Avenue","Forsyth",36.11094,-80.224501,29,48
2024-06-07,2024,6,"Leggett","Edgecombe",35.988278,-77.5843,33,54
2024-06-07,2024,6,"Linville Falls","Avery",35.972347,-81.933072,NA,48
2024-06-07,2024,6,"Mendenhall School","Guilford",36.1090060008986,-79.802314,31,51
2024-06-07,2024,6,"Millbrook School","Wake",35.856111,-78.574167,28,74
2024-06-07,2024,6,"Pitt Agri. Center","Pitt",35.6412760008938,-77.360126,34,64
2024-06-07,2024,6,"West Johnston Co.","Johnston",35.59095,-78.4622,37,64
2024-06-08,2024,6,"Bryson City","Swain",35.434767,-83.442133,35,45
2024-06-08,2024,6,"Castle Hayne","New Hanover",34.364167,-77.838611,37.5,51
2024-06-08,2024,6,"Clemmons Middle","Forsyth",36.026612,-80.341962,30,61
2024-06-08,2024,6,"Durham Armory","Durham",36.0329550008979,-78.904037,51,74
2024-06-08,2024,6,"Frying Pan Mountain","Haywood",35.379167,-82.7925,24,49
2024-06-08,2024,6,"Garinger High School","Mecklenburg",35.2401000008895,-80.785683,35,97
2024-06-08,2024,6,"Hattie Avenue","Forsyth",36.11094,-80.224501,33.5,67
2024-06-08,2024,6,"Leggett","Edgecombe",35.988278,-77.5843,44,64
2024-06-08,2024,6,"Linville Falls","Avery",35.972347,-81.933072,25,51
2024-06-08,2024,6,"Mendenhall School","Guilford",36.1090060008986,-79.802314,39,71
2024-06-08,2024,6,"Millbrook School","Wake",35.856111,-78.574167,32,77
2024-06-08,2024,6,"Pitt Agri. Center","Pitt",35.6412760008938,-77.360126,29,74
2024-06-08,2024,6,"West Johnston Co.","Johnston",35.59095,-78.4622,41,84
2024-06-09,2024,6,"Bryson City","Swain",35.434767,-83.442133,28,38
2024-06-09,2024,6,"Castle Hayne","New Hanover",34.364167,-77.838611,49,61
2024-06-09,2024,6,"Clemmons Middle","Forsyth",36.026612,-80.341962,37,42
2024-06-09,2024,6,"Durham Armory","Durham",36.0329550008979,-78.904037,53,47
2024-06-09,2024,6,"Frying Pan Mountain","Haywood",35.379167,-82.7925,NA,42
2024-06-09,2024,6,"Garinger High School","Mecklenburg",35.2401000008895,-80.785683,40,46
2024-06-09,2024,6,"Hattie Avenue","Forsyth",36.11094,-80.224501,39,43
2024-06-09,2024,6,"Leggett","Edgecombe",35.988278,-77.5843,53,49
2024-06-09,2024,6,"Linville Falls","Avery",35.972347,-81.933072,NA,41
2024-06-09,2024,6,"Mendenhall School","Guilford",36.1090060008986,-79.802314,48,45
2024-06-09,2024,6,"Millbrook School","Wake",35.856111,-78.574167,40,49
2024-06-09,2024,6,"Pitt Agri. Center","Pitt",35.6412760008938,-77.360126,52,51
2024-06-09,2024,6,"West Johnston Co.","Johnston",35.59095,-78.4622,49,49
2024-06-10,2024,6,"Bryson City","Swain",35.434767,-83.442133,26,46
2024-06-10,2024,6,"Castle Hayne","New Hanover",34.364167,-77.838611,44,31
2024-06-10,2024,6,"Clemmons Middle","Forsyth",36.026612,-80.341962,22,49
2024-06-10,2024,6,"Durham Armory","Durham",36.0329550008979,-78.904037,38,51
2024-06-10,2024,6,"Frying Pan Mountain","Haywood",35.379167,-82.7925,NA,46
2024-06-10,2024,6,"Garinger High School","Mecklenburg",35.2401000008895,-80.785683,32,54
2024-06-10,2024,6,"Hattie Avenue","Forsyth",36.11094,-80.224501,22,47
2024-06-10,2024,6,"Leggett","Edgecombe",35.988278,-77.5843,32,50
2024-06-10,2024,6,"Linville Falls","Avery",35.972347,-81.933072,NA,45
2024-06-10,2024,6,"Mendenhall School","Guilford",36.1090060008986,-79.802314,23,49
2024-06-10,2024,6,"Millbrook School","Wake",35.856111,-78.574167,26,64
2024-06-10,2024,6,"Pitt Agri. Center","Pitt",35.6412760008938,-77.360126,34,50
2024-06-10,2024,6,"West Johnston Co.","Johnston",35.59095,-78.4622,43,67
2024-06-11,2024,6,"Bryson City","Swain",35.434767,-83.442133,28,38
2024-06-11,2024,6,"Castle Hayne","New Hanover",34.364167,-77.838611,43.5,67
2024-06-11,2024,6,"Clemmons Middle","Forsyth",36.026612,-80.341962,39.5,45
2024-06-11,2024,6,"Durham Armory","Durham",36.0329550008979,-78.904037,51,43
2024-06-11,2024,6,"Frying Pan Mountain","Haywood",35.379167,-82.7925,24,43
2024-06-11,2024,6,"Garinger High School","Mecklenburg",35.2401000008895,-80.785683,48.5,51
2024-06-11,2024,6,"Hattie Avenue","Forsyth",36.11094,-80.224501,43,44
2024-06-11,2024,6,"Leggett","Edgecombe",35.988278,-77.5843,44,45
2024-06-11,2024,6,"Linville Falls","Avery",35.972347,-81.933072,24,43
2024-06-11,2024,6,"Mendenhall School","Guilford",36.1090060008986,-79.802314,35,40
2024-06-11,2024,6,"Millbrook School","Wake",35.856111,-78.574167,40,44
2024-06-11,2024,6,"Pitt Agri. Center","Pitt",35.6412760008938,-77.360126,48,48
2024-06-11,2024,6,"West Johnston Co.","Johnston",35.59095,-78.4622,47,48
2024-06-12,2024,6,"Bryson City","Swain",35.434767,-83.442133,52,44
2024-06-12,2024,6,"Castle Hayne","New Hanover",34.364167,-77.838611,27,48
2024-06-12,2024,6,"Clemmons Middle","Forsyth",36.026612,-80.341962,57,64
2024-06-12,2024,6,"Durham Armory","Durham",36.0329550008979,-78.904037,55,64
2024-06-12,2024,6,"Frying Pan Mountain","Haywood",35.379167,-82.7925,NA,40
2024-06-12,2024,6,"Garinger High School","Mecklenburg",35.2401000008895,-80.785683,56,71
2024-06-12,2024,6,"Hattie Avenue","Forsyth",36.11094,-80.224501,56,71
2024-06-12,2024,6,"Leggett","Edgecombe",35.988278,-77.5843,44,46
2024-06-12,2024,6,"Linville Falls","Avery",35.972347,-81.933072,NA,47
2024-06-12,2024,6,"Mendenhall School","Guilford",36.1090060008986,-79.802314,53,50
2024-06-12,2024,6,"Millbrook School","Wake",35.856111,-78.574167,51,54
2024-06-12,2024,6,"Pitt Agri. Center","Pitt",35.6412760008938,-77.360126,39,47
2024-06-12,2024,6,"West Johnston Co.","Johnston",35.59095,-78.4622,52,61
2024-06-13,2024,6,"Bryson City","Swain",35.434767,-83.442133,57,49
2024-06-13,2024,6,"Castle Hayne","New Hanover",34.364167,-77.838611,30,47
2024-06-13,2024,6,"Clemmons Middle","Forsyth",36.026612,-80.341962,59,54
2024-06-13,2024,6,"Durham Armory","Durham",36.0329550008979,-78.904037,58,51
2024-06-13,2024,6,"Frying Pan Mountain","Haywood",35.379167,-82.7925,NA,47
2024-06-13,2024,6,"Garinger High School","Mecklenburg",35.2401000008895,-80.785683,50,58
2024-06-13,2024,6,"Hattie Avenue","Forsyth",36.11094,-80.224501,58,64
2024-06-13,2024,6,"Leggett","Edgecombe",35.988278,-77.5843,44,45
2024-06-13,2024,6,"Linville Falls","Avery",35.972347,-81.933072,NA,48
2024-06-13,2024,6,"Mendenhall School","Guilford",36.1090060008986,-79.802314,55,61
2024-06-13,2024,6,"Millbrook School","Wake",35.856111,-78.574167,53,58
2024-06-13,2024,6,"Pitt Agri. Center","Pitt",35.6412760008938,-77.360126,41,45
2024-06-13,2024,6,"West Johnston Co.","Johnston",35.59095,-78.4622,54,61
2024-06-14,2024,6,"Bryson City","Swain",35.434767,-83.442133,59,45
2024-06-14,2024,6,"Castle Hayne","New Hanover",34.364167,-77.838611,36,49
2024-06-14,2024,6,"Clemmons Middle","Forsyth",36.026612,-80.341962,65,58
2024-06-14,2024,6,"Durham Armory","Durham",36.0329550008979,-78.904037,59,64
2024-06-14,2024,6,"Frying Pan Mountain","Haywood",35.379167,-82.7925,45,47
2024-06-14,2024,6,"Garinger High School","Mecklenburg",35.2401000008895,-80.785683,55.5,93
2024-06-14,2024,6,"Hattie Avenue","Forsyth",36.11094,-80.224501,61.5,54
2024-06-14,2024,6,"Leggett","Edgecombe",35.988278,-77.5843,55,54
2024-06-14,2024,6,"Linville Falls","Avery",35.972347,-81.933072,50,47
2024-06-14,2024,6,"Mendenhall School","Guilford",36.1090060008986,-79.802314,58,64
2024-06-14,2024,6,"Millbrook School","Wake",35.856111,-78.574167,57.5,80
2024-06-14,2024,6,"Pitt Agri. Center","Pitt",35.6412760008938,-77.360126,52,51
2024-06-14,2024,6,"West Johnston Co.","Johnston",35.59095,-78.4622,56,71
2024-06-15,2024,6,"Bryson City","Swain",35.434767,-83.442133,56,44
2024-06-15,2024,6,"Castle Hayne","New Hanover",34.364167,-77.838611,54,50
2024-06-15,2024,6,"Clemmons Middle","Forsyth",36.026612,-80.341962,57,87
2024-06-15,2024,6,"Durham Armory","Durham",36.0329550008979,-78.904037,53,49
2024-06-15,2024,6,"Frying Pan Mountain","Haywood",35.379167,-82.7925,NA,44
2024-06-15,2024,6,"Garinger High School","Mecklenburg",35.2401000008895,-80.785683,57,64
2024-06-15,2024,6,"Hattie Avenue","Forsyth",36.11094,-80.224501,57,77
2024-06-15,2024,6,"Leggett","Edgecombe",35.988278,-77.5843,50,67
2024-06-15,2024,6,"Linville Falls","Avery",35.972347,-81.933072,NA,45
2024-06-15,2024,6,"Mendenhall School","Guilford",36.1090060008986,-79.802314,50,58
2024-06-15,2024,6,"Millbrook School","Wake",35.856111,-78.574167,53,71
2024-06-15,2024,6,"Pitt Agri. Center","Pitt",35.6412760008938,-77.360126,50,64
2024-06-15,2024,6,"West Johnston Co.","Johnston",35.59095,-78.4622,54,71
2024-06-16,2024,6,"Bryson City","Swain",35.434767,-83.442133,53,40
2024-06-16,2024,6,"Castle Hayne","New Hanover",34.364167,-77.838611,25,64
2024-06-16,2024,6,"Clemmons Middle","Forsyth",36.026612,-80.341962,52,44
2024-06-16,2024,6,"Durham Armory","Durham",36.0329550008979,-78.904037,54,54
2024-06-16,2024,6,"Frying Pan Mountain","Haywood",35.379167,-82.7925,NA,34
2024-06-16,2024,6,"Garinger High School","Mecklenburg",35.2401000008895,-80.785683,59,44
2024-06-16,2024,6,"Hattie Avenue","Forsyth",36.11094,-80.224501,52,45
2024-06-16,2024,6,"Leggett","Edgecombe",35.988278,-77.5843,37,49
2024-06-16,2024,6,"Linville Falls","Avery",35.972347,-81.933072,NA,37
2024-06-16,2024,6,"Mendenhall School","Guilford",36.1090060008986,-79.802314,51,43
2024-06-16,2024,6,"Millbrook School","Wake",35.856111,-78.574167,44,54
2024-06-16,2024,6,"Pitt Agri. Center","Pitt",35.6412760008938,-77.360126,34,48
2024-06-16,2024,6,"West Johnston Co.","Johnston",35.59095,-78.4622,48,64
2024-06-17,2024,6,"Bryson City","Swain",35.434767,-83.442133,55,32
2024-06-17,2024,6,"Castle Hayne","New Hanover",34.364167,-77.838611,26,44
2024-06-17,2024,6,"Clemmons Middle","Forsyth",36.026612,-80.341962,56,44
2024-06-17,2024,6,"Durham Armory","Durham",36.0329550008979,-78.904037,56,49
2024-06-17,2024,6,"Frying Pan Mountain","Haywood",35.379167,-82.7925,41,35
2024-06-17,2024,6,"Garinger High School","Mecklenburg",35.2401000008895,-80.785683,50.5,46
2024-06-17,2024,6,"Hattie Avenue","Forsyth",36.11094,-80.224501,56,46
2024-06-17,2024,6,"Leggett","Edgecombe",35.988278,-77.5843,49,45
2024-06-17,2024,6,"Linville Falls","Avery",35.972347,-81.933072,56,33
2024-06-17,2024,6,"Mendenhall School","Guilford",36.1090060008986,-79.802314,51,45
2024-06-17,2024,6,"Millbrook School","Wake",35.856111,-78.574167,55.5,54
2024-06-17,2024,6,"Pitt Agri. Center","Pitt",35.6412760008938,-77.360126,48,42
2024-06-17,2024,6,"West Johnston Co.","Johnston",35.59095,-78.4622,53,48
2024-06-18,2024,6,"Bryson City","Swain",35.434767,-83.442133,55,40
2024-06-18,2024,6,"Castle Hayne","New Hanover",34.364167,-77.838611,21,40
2024-06-18,2024,6,"Clemmons Middle","Forsyth",36.026612,-80.341962,56,46
2024-06-18,2024,6,"Durham Armory","Durham",36.0329550008979,-78.904037,50,48
2024-06-18,2024,6,"Frying Pan Mountain","Haywood",35.379167,-82.7925,NA,43
2024-06-18,2024,6,"Garinger High School","Mecklenburg",35.2401000008895,-80.785683,49,44
2024-06-18,2024,6,"Hattie Avenue","Forsyth",36.11094,-80.224501,56,50
2024-06-18,2024,6,"Leggett","Edgecombe",35.988278,-77.5843,39,44
2024-06-18,2024,6,"Linville Falls","Avery",35.972347,-81.933072,NA,42
2024-06-18,2024,6,"Mendenhall School","Guilford",36.1090060008986,-79.802314,52,47
2024-06-18,2024,6,"Millbrook School","Wake",35.856111,-78.574167,44,47
2024-06-18,2024,6,"Pitt Agri. Center","Pitt",35.6412760008938,-77.360126,34,39
2024-06-18,2024,6,"West Johnston Co.","Johnston",35.59095,-78.4622,37,48
2024-06-19,2024,6,"Bryson City","Swain",35.434767,-83.442133,51,33
2024-06-19,2024,6,"Castle Hayne","New Hanover",34.364167,-77.838611,24.5,41
2024-06-19,2024,6,"Clemmons Middle","Forsyth",36.026612,-80.341962,51,47
2024-06-19,2024,6,"Durham Armory","Durham",36.0329550008979,-78.904037,52,42
2024-06-19,2024,6,"Frying Pan Mountain","Haywood",35.379167,-82.7925,NA,44
2024-06-19,2024,6,"Garinger High School","Mecklenburg",35.2401000008895,-80.785683,36,42
2024-06-19,2024,6,"Hattie Avenue","Forsyth",36.11094,-80.224501,50,71
2024-06-19,2024,6,"Leggett","Edgecombe",35.988278,-77.5843,32,39
2024-06-19,2024,6,"Linville Falls","Avery",35.972347,-81.933072,NA,38
2024-06-19,2024,6,"Mendenhall School","Guilford",36.1090060008986,-79.802314,34,51
2024-06-19,2024,6,"Millbrook School","Wake",35.856111,-78.574167,41,43
2024-06-19,2024,6,"Pitt Agri. Center","Pitt",35.6412760008938,-77.360126,28,39
2024-06-19,2024,6,"West Johnston Co.","Johnston",35.59095,-78.4622,36,43
2024-06-20,2024,6,"Bryson City","Swain",35.434767,-83.442133,43,38
2024-06-20,2024,6,"Castle Hayne","New Hanover",34.364167,-77.838611,24.5,39
2024-06-20,2024,6,"Clemmons Middle","Forsyth",36.026612,-80.341962,51,46
2024-06-20,2024,6,"Durham Armory","Durham",36.0329550008979,-78.904037,49,40
2024-06-20,2024,6,"Frying Pan Mountain","Haywood",35.379167,-82.7925,NA,46
2024-06-20,2024,6,"Garinger High School","Mecklenburg",35.2401000008895,-80.785683,47,40
2024-06-20,2024,6,"Hattie Avenue","Forsyth",36.11094,-80.224501,47.5,58
2024-06-20,2024,6,"Leggett","Edgecombe",35.988278,-77.5843,28,36
2024-06-20,2024,6,"Linville Falls","Avery",35.972347,-81.933072,31,40
2024-06-20,2024,6,"Mendenhall School","Guilford",36.1090060008986,-79.802314,48,44
2024-06-20,2024,6,"Millbrook School","Wake",35.856111,-78.574167,39,42
2024-06-20,2024,6,"Pitt Agri. Center","Pitt",35.6412760008938,-77.360126,27,33
2024-06-20,2024,6,"West Johnston Co.","Johnston",35.59095,-78.4622,33,40
2024-06-21,2024,6,"Bryson City","Swain",35.434767,-83.442133,NA,35
2024-06-21,2024,6,"Castle Hayne","New Hanover",34.364167,-77.838611,21,19
2024-06-21,2024,6,"Clemmons Middle","Forsyth",36.026612,-80.341962,52,50
2024-06-21,2024,6,"Durham Armory","Durham",36.0329550008979,-78.904037,53,48
2024-06-21,2024,6,"Frying Pan Mountain","Haywood",35.379167,-82.7925,NA,47
2024-06-21,2024,6,"Garinger High School","Mecklenburg",35.2401000008895,-80.785683,49,45
2024-06-21,2024,6,"Hattie Avenue","Forsyth",36.11094,-80.224501,54,67
2024-06-21,2024,6,"Leggett","Edgecombe",35.988278,-77.5843,38,40
2024-06-21,2024,6,"Linville Falls","Avery",35.972347,-81.933072,NA,42
2024-06-21,2024,6,"Mendenhall School","Guilford",36.1090060008986,-79.802314,53,51
2024-06-21,2024,6,"Millbrook School","Wake",35.856111,-78.574167,44,46
2024-06-21,2024,6,"Pitt Agri. Center","Pitt",35.6412760008938,-77.360126,29,34
2024-06-21,2024,6,"West Johnston Co.","Johnston",35.59095,-78.4622,45,44
2024-06-22,2024,6,"Bryson City","Swain",35.434767,-83.442133,NA,37
2024-06-22,2024,6,"Castle Hayne","New Hanover",34.364167,-77.838611,23,19
2024-06-22,2024,6,"Clemmons Middle","Forsyth",36.026612,-80.341962,41,33
2024-06-22,2024,6,"Durham Armory","Durham",36.0329550008979,-78.904037,34,24
2024-06-22,2024,6,"Garinger High School","Mecklenburg",35.2401000008895,-80.785683,29,28
2024-06-22,2024,6,"Hattie Avenue","Forsyth",36.11094,-80.224501,43,36
2024-06-22,2024,6,"Leggett","Edgecombe",35.988278,-77.5843,37,29
2024-06-22,2024,6,"Linville Falls","Avery",35.972347,-81.933072,NA,46
2024-06-22,2024,6,"Mendenhall School","Guilford",36.1090060008986,-79.802314,42,31
2024-06-22,2024,6,"Millbrook School","Wake",35.856111,-78.574167,31,27
2024-06-22,2024,6,"Pitt Agri. Center","Pitt",35.6412760008938,-77.360126,25,26
2024-06-22,2024,6,"West Johnston Co.","Johnston",35.59095,-78.4622,32,30
2024-06-23,2024,6,"Bryson City","Swain",35.434767,-83.442133,NA,43
2024-06-23,2024,6,"Castle Hayne","New Hanover",34.364167,-77.838611,20,26
2024-06-23,2024,6,"Clemmons Middle","Forsyth",36.026612,-80.341962,42.5,37
2024-06-23,2024,6,"Durham Armory","Durham",36.0329550008979,-78.904037,39,29
2024-06-23,2024,6,"Frying Pan Mountain","Haywood",35.379167,-82.7925,37,43
2024-06-23,2024,6,"Garinger High School","Mecklenburg",35.2401000008895,-80.785683,39,32
2024-06-23,2024,6,"Hattie Avenue","Forsyth",36.11094,-80.224501,44.5,39
2024-06-23,2024,6,"Leggett","Edgecombe",35.988278,-77.5843,31,31
2024-06-23,2024,6,"Linville Falls","Avery",35.972347,-81.933072,44,42
2024-06-23,2024,6,"Mendenhall School","Guilford",36.1090060008986,-79.802314,44,34
2024-06-23,2024,6,"Millbrook School","Wake",35.856111,-78.574167,31.5,30
2024-06-23,2024,6,"Pitt Agri. Center","Pitt",35.6412760008938,-77.360126,26,27
2024-06-23,2024,6,"West Johnston Co.","Johnston",35.59095,-78.4622,27,31
2024-06-24,2024,6,"Bryson City","Swain",35.434767,-83.442133,NA,51
2024-06-24,2024,6,"Castle Hayne","New Hanover",34.364167,-77.838611,46.5,38
2024-06-24,2024,6,"Clemmons Middle","Forsyth",36.026612,-80.341962,37,51
2024-06-24,2024,6,"Durham Armory","Durham",36.0329550008979,-78.904037,51,49
2024-06-24,2024,6,"Garinger High School","Mecklenburg",35.2401000008895,-80.785683,49,64
2024-06-24,2024,6,"Hattie Avenue","Forsyth",36.11094,-80.224501,38,61
2024-06-24,2024,6,"Leggett","Edgecombe",35.988278,-77.5843,50,42
2024-06-24,2024,6,"Linville Falls","Avery",35.972347,-81.933072,NA,58
2024-06-24,2024,6,"Mendenhall School","Guilford",36.1090060008986,-79.802314,38,50
2024-06-24,2024,6,"Millbrook School","Wake",35.856111,-78.574167,49,61
2024-06-24,2024,6,"Pitt Agri. Center","Pitt",35.6412760008938,-77.360126,50,42
2024-06-24,2024,6,"West Johnston Co.","Johnston",35.59095,-78.4622,53,64
2024-06-25,2024,6,"Bryson City","Swain",35.434767,-83.442133,NA,41
2024-06-25,2024,6,"Castle Hayne","New Hanover",34.364167,-77.838611,36,43
2024-06-25,2024,6,"Clemmons Middle","Forsyth",36.026612,-80.341962,42,64
2024-06-25,2024,6,"Durham Armory","Durham",36.0329550008979,-78.904037,51,77
2024-06-25,2024,6,"Frying Pan Mountain","Haywood",35.379167,-82.7925,NA,54
2024-06-25,2024,6,"Garinger High School","Mecklenburg",35.2401000008895,-80.785683,52,115
2024-06-25,2024,6,"Hattie Avenue","Forsyth",36.11094,-80.224501,43,71
2024-06-25,2024,6,"Leggett","Edgecombe",35.988278,-77.5843,44,50
2024-06-25,2024,6,"Linville Falls","Avery",35.972347,-81.933072,NA,47
2024-06-25,2024,6,"Mendenhall School","Guilford",36.1090060008986,-79.802314,39,67
2024-06-25,2024,6,"Millbrook School","Wake",35.856111,-78.574167,48,80
2024-06-25,2024,6,"Pitt Agri. Center","Pitt",35.6412760008938,-77.360126,37,48
2024-06-25,2024,6,"West Johnston Co.","Johnston",35.59095,-78.4622,47,77
2024-06-26,2024,6,"Bryson City","Swain",35.434767,-83.442133,36,48
2024-06-26,2024,6,"Castle Hayne","New Hanover",34.364167,-77.838611,16,30
2024-06-26,2024,6,"Clemmons Middle","Forsyth",36.026612,-80.341962,60,100
2024-06-26,2024,6,"Durham Armory","Durham",36.0329550008979,-78.904037,58,58
2024-06-26,2024,6,"Frying Pan Mountain","Haywood",35.379167,-82.7925,NA,90
2024-06-26,2024,6,"Garinger High School","Mecklenburg",35.2401000008895,-80.785683,59,74
2024-06-26,2024,6,"Hattie Avenue","Forsyth",36.11094,-80.224501,61,105
2024-06-26,2024,6,"Leggett","Edgecombe",35.988278,-77.5843,33,67
2024-06-26,2024,6,"Linville Falls","Avery",35.972347,-81.933072,29,61
2024-06-26,2024,6,"Mendenhall School","Guilford",36.1090060008986,-79.802314,62,84
2024-06-26,2024,6,"Millbrook School","Wake",35.856111,-78.574167,56.5,74
2024-06-26,2024,6,"Pitt Agri. Center","Pitt",35.6412760008938,-77.360126,48,46
2024-06-26,2024,6,"West Johnston Co.","Johnston",35.59095,-78.4622,54,84
2024-06-27,2024,6,"Bryson City","Swain",35.434767,-83.442133,45,34
2024-06-27,2024,6,"Castle Hayne","New Hanover",34.364167,-77.838611,36,39
2024-06-27,2024,6,"Clemmons Middle","Forsyth",36.026612,-80.341962,51,40
2024-06-27,2024,6,"Durham Armory","Durham",36.0329550008979,-78.904037,54,43
2024-06-27,2024,6,"Frying Pan Mountain","Haywood",35.379167,-82.7925,NA,38
2024-06-27,2024,6,"Garinger High School","Mecklenburg",35.2401000008895,-80.785683,53,51
2024-06-27,2024,6,"Hattie Avenue","Forsyth",36.11094,-80.224501,53,49
2024-06-27,2024,6,"Leggett","Edgecombe",35.988278,-77.5843,49,44
2024-06-27,2024,6,"Linville Falls","Avery",35.972347,-81.933072,NA,36
2024-06-27,2024,6,"Mendenhall School","Guilford",36.1090060008986,-79.802314,41,46
2024-06-27,2024,6,"Millbrook School","Wake",35.856111,-78.574167,48,45
2024-06-27,2024,6,"Pitt Agri. Center","Pitt",35.6412760008938,-77.360126,48,43
2024-06-27,2024,6,"West Johnston Co.","Johnston",35.59095,-78.4622,47,NA
2024-06-28,2024,6,"Bryson City","Swain",35.434767,-83.442133,49,35
2024-06-28,2024,6,"Castle Hayne","New Hanover",34.364167,-77.838611,37,45
2024-06-28,2024,6,"Clemmons Middle","Forsyth",36.026612,-80.341962,53,67
2024-06-28,2024,6,"Durham Armory","Durham",36.0329550008979,-78.904037,53,67
2024-06-28,2024,6,"Frying Pan Mountain","Haywood",35.379167,-82.7925,NA,39
2024-06-28,2024,6,"Garinger High School","Mecklenburg",35.2401000008895,-80.785683,56,51
2024-06-28,2024,6,"Hattie Avenue","Forsyth",36.11094,-80.224501,55,77
2024-06-28,2024,6,"Leggett","Edgecombe",35.988278,-77.5843,41,61
2024-06-28,2024,6,"Linville Falls","Avery",35.972347,-81.933072,NA,50
2024-06-28,2024,6,"Mendenhall School","Guilford",36.1090060008986,-79.802314,52,74
2024-06-28,2024,6,"Millbrook School","Wake",35.856111,-78.574167,50,67
2024-06-28,2024,6,"Pitt Agri. Center","Pitt",35.6412760008938,-77.360126,36,49
2024-06-28,2024,6,"West Johnston Co.","Johnston",35.59095,-78.4622,52,64
2024-06-29,2024,6,"Bryson City","Swain",35.434767,-83.442133,38,29
2024-06-29,2024,6,"Castle Hayne","New Hanover",34.364167,-77.838611,19,30
2024-06-29,2024,6,"Clemmons Middle","Forsyth",36.026612,-80.341962,41,36
2024-06-29,2024,6,"Durham Armory","Durham",36.0329550008979,-78.904037,51,43
2024-06-29,2024,6,"Frying Pan Mountain","Haywood",35.379167,-82.7925,14,33
2024-06-29,2024,6,"Garinger High School","Mecklenburg",35.2401000008895,-80.785683,34,35
2024-06-29,2024,6,"Hattie Avenue","Forsyth",36.11094,-80.224501,50,39
2024-06-29,2024,6,"Leggett","Edgecombe",35.988278,-77.5843,46,36
2024-06-29,2024,6,"Linville Falls","Avery",35.972347,-81.933072,33,28
2024-06-29,2024,6,"Mendenhall School","Guilford",36.1090060008986,-79.802314,49,37
2024-06-29,2024,6,"Millbrook School","Wake",35.856111,-78.574167,50,45
2024-06-29,2024,6,"Pitt Agri. Center","Pitt",35.6412760008938,-77.360126,37,33
2024-06-29,2024,6,"West Johnston Co.","Johnston",35.59095,-78.4622,47,42
2024-06-30,2024,6,"Bryson City","Swain",35.434767,-83.442133,43,32
2024-06-30,2024,6,"Castle Hayne","New Hanover",34.364167,-77.838611,17.5,24
2024-06-30,2024,6,"Clemmons Middle","Forsyth",36.026612,-80.341962,37,36
2024-06-30,2024,6,"Durham Armory","Durham",36.0329550008979,-78.904037,44,34
2024-06-30,2024,6,"Garinger High School","Mecklenburg",35.2401000008895,-80.785683,36,42
2024-06-30,2024,6,"Hattie Avenue","Forsyth",36.11094,-80.224501,46,37
2024-06-30,2024,6,"Leggett","Edgecombe",35.988278,-77.5843,39,33
2024-06-30,2024,6,"Linville Falls","Avery",35.972347,-81.933072,NA,31
2024-06-30,2024,6,"Mendenhall School","Guilford",36.1090060008986,-79.802314,47,42
2024-06-30,2024,6,"Millbrook School","Wake",35.856111,-78.574167,35,34
2024-06-30,2024,6,"Pitt Agri. Center","Pitt",35.6412760008938,-77.360126,37,31
2024-06-30,2024,6,"West Johnston Co.","Johnston",35.59095,-78.4622,33,32
2024-07-01,2024,7,"Bryson City","Swain",35.434767,-83.442133,25,42
2024-07-01,2024,7,"Castle Hayne","New Hanover",34.364167,-77.838611,26,30
2024-07-01,2024,7,"Clemmons Middle","Forsyth",36.026612,-80.341962,34,49
2024-07-01,2024,7,"Durham Armory","Durham",36.0329550008979,-78.904037,35,33
2024-07-01,2024,7,"Frying Pan Mountain","Haywood",35.379167,-82.7925,NA,44
2024-07-01,2024,7,"Garinger High School","Mecklenburg",35.2401000008895,-80.785683,41,50
2024-07-01,2024,7,"Hattie Avenue","Forsyth",36.11094,-80.224501,37,48
2024-07-01,2024,7,"Leggett","Edgecombe",35.988278,-77.5843,15,34
2024-07-01,2024,7,"Linville Falls","Avery",35.972347,-81.933072,NA,46
2024-07-01,2024,7,"Mendenhall School","Guilford",36.1090060008986,-79.802314,28,42
2024-07-01,2024,7,"Millbrook School","Wake",35.856111,-78.574167,19,37
2024-07-01,2024,7,"Pitt Agri. Center","Pitt",35.6412760008938,-77.360126,17,33
2024-07-01,2024,7,"West Johnston Co.","Johnston",35.59095,-78.4622,19,36
2024-07-02,2024,7,"Bryson City","Swain",35.434767,-83.442133,44,41
2024-07-02,2024,7,"Castle Hayne","New Hanover",34.364167,-77.838611,15,41
2024-07-02,2024,7,"Clemmons Middle","Forsyth",36.026612,-80.341962,22,71
2024-07-02,2024,7,"Durham Armory","Durham",36.0329550008979,-78.904037,44,54
2024-07-02,2024,7,"Frying Pan Mountain","Haywood",35.379167,-82.7925,NA,44
2024-07-02,2024,7,"Garinger High School","Mecklenburg",35.2401000008895,-80.785683,28.5,49
2024-07-02,2024,7,"Hattie Avenue","Forsyth",36.11094,-80.224501,24,84
2024-07-02,2024,7,"Leggett","Edgecombe",35.988278,-77.5843,30,42
2024-07-02,2024,7,"Linville Falls","Avery",35.972347,-81.933072,21,47
2024-07-02,2024,7,"Mendenhall School","Guilford",36.1090060008986,-79.802314,26,58
2024-07-02,2024,7,"Millbrook School","Wake",35.856111,-78.574167,27.5,54
2024-07-02,2024,7,"Pitt Agri. Center","Pitt",35.6412760008938,-77.360126,28,44
2024-07-02,2024,7,"West Johnston Co.","Johnston",35.59095,-78.4622,41,54
2024-07-03,2024,7,"Bryson City","Swain",35.434767,-83.442133,38,39
2024-07-03,2024,7,"Castle Hayne","New Hanover",34.364167,-77.838611,12.5,38
2024-07-03,2024,7,"Clemmons Middle","Forsyth",36.026612,-80.341962,44,64
2024-07-03,2024,7,"Durham Armory","Durham",36.0329550008979,-78.904037,54,67
2024-07-03,2024,7,"Frying Pan Mountain","Haywood",35.379167,-82.7925,NA,38
2024-07-03,2024,7,"Garinger High School","Mecklenburg",35.2401000008895,-80.785683,49,74
2024-07-03,2024,7,"Hattie Avenue","Forsyth",36.11094,-80.224501,49,67
2024-07-03,2024,7,"Leggett","Edgecombe",35.988278,-77.5843,39,50
2024-07-03,2024,7,"Linville Falls","Avery",35.972347,-81.933072,NA,47
2024-07-03,2024,7,"Mendenhall School","Guilford",36.1090060008986,-79.802314,51,51
2024-07-03,2024,7,"Millbrook School","Wake",35.856111,-78.574167,42,71
2024-07-03,2024,7,"Pitt Agri. Center","Pitt",35.6412760008938,-77.360126,23,47
2024-07-03,2024,7,"West Johnston Co.","Johnston",35.59095,-78.4622,52,77
2024-07-04,2024,7,"Bryson City","Swain",35.434767,-83.442133,53,36
2024-07-04,2024,7,"Castle Hayne","New Hanover",34.364167,-77.838611,17,37
2024-07-04,2024,7,"Clemmons Middle","Forsyth",36.026612,-80.341962,58,45
2024-07-04,2024,7,"Durham Armory","Durham",36.0329550008979,-78.904037,56,42
2024-07-04,2024,7,"Frying Pan Mountain","Haywood",35.379167,-82.7925,NA,31
2024-07-04,2024,7,"Garinger High School","Mecklenburg",35.2401000008895,-80.785683,61,39
2024-07-04,2024,7,"Hattie Avenue","Forsyth",36.11094,-80.224501,68,46
2024-07-04,2024,7,"Leggett","Edgecombe",35.988278,-77.5843,42,48
2024-07-04,2024,7,"Linville Falls","Avery",35.972347,-81.933072,NA,38
2024-07-04,2024,7,"Mendenhall School","Guilford",36.1090060008986,-79.802314,61,46
2024-07-04,2024,7,"Millbrook School","Wake",35.856111,-78.574167,56,45
2024-07-04,2024,7,"Pitt Agri. Center","Pitt",35.6412760008938,-77.360126,36,45
2024-07-04,2024,7,"West Johnston Co.","Johnston",35.59095,-78.4622,53,45
2024-07-05,2024,7,"Bryson City","Swain",35.434767,-83.442133,37,23
2024-07-05,2024,7,"Castle Hayne","New Hanover",34.364167,-77.838611,21,35
2024-07-05,2024,7,"Clemmons Middle","Forsyth",36.026612,-80.341962,50,38
2024-07-05,2024,7,"Durham Armory","Durham",36.0329550008979,-78.904037,60,32
2024-07-05,2024,7,"Frying Pan Mountain","Haywood",35.379167,-82.7925,23,42
2024-07-05,2024,7,"Garinger High School","Mecklenburg",35.2401000008895,-80.785683,52.5,37
2024-07-05,2024,7,"Hattie Avenue","Forsyth",36.11094,-80.224501,57,41
2024-07-05,2024,7,"Leggett","Edgecombe",35.988278,-77.5843,53,43
2024-07-05,2024,7,"Linville Falls","Avery",35.972347,-81.933072,33,27
2024-07-05,2024,7,"Mendenhall School","Guilford",36.1090060008986,-79.802314,65,41
2024-07-05,2024,7,"Millbrook School","Wake",35.856111,-78.574167,55.5,41
2024-07-05,2024,7,"Pitt Agri. Center","Pitt",35.6412760008938,-77.360126,47,41
2024-07-05,2024,7,"West Johnston Co.","Johnston",35.59095,-78.4622,53,42
2024-07-06,2024,7,"Bryson City","Swain",35.434767,-83.442133,26,32
2024-07-06,2024,7,"Castle Hayne","New Hanover",34.364167,-77.838611,30,34
2024-07-06,2024,7,"Clemmons Middle","Forsyth",36.026612,-80.341962,29,44
2024-07-06,2024,7,"Durham Armory","Durham",36.0329550008979,-78.904037,44,39
2024-07-06,2024,7,"Frying Pan Mountain","Haywood",35.379167,-82.7925,NA,44
2024-07-06,2024,7,"Garinger High School","Mecklenburg",35.2401000008895,-80.785683,28,45
2024-07-06,2024,7,"Hattie Avenue","Forsyth",36.11094,-80.224501,35,46
2024-07-06,2024,7,"Leggett","Edgecombe",35.988278,-77.5843,51,45
2024-07-06,2024,7,"Linville Falls","Avery",35.972347,-81.933072,NA,31
2024-07-06,2024,7,"Mendenhall School","Guilford",36.1090060008986,-79.802314,35,51
2024-07-06,2024,7,"Millbrook School","Wake",35.856111,-78.574167,47,48
2024-07-06,2024,7,"Pitt Agri. Center","Pitt",35.6412760008938,-77.360126,50,40
2024-07-06,2024,7,"West Johnston Co.","Johnston",35.59095,-78.4622,58,40
2024-07-07,2024,7,"Bryson City","Swain",35.434767,-83.442133,28,26
2024-07-07,2024,7,"Castle Hayne","New Hanover",34.364167,-77.838611,23.5,31
2024-07-07,2024,7,"Clemmons Middle","Forsyth",36.026612,-80.341962,32,29
2024-07-07,2024,7,"Durham Armory","Durham",36.0329550008979,-78.904037,42,28
2024-07-07,2024,7,"Frying Pan Mountain","Haywood",35.379167,-82.7925,NA,34
2024-07-07,2024,7,"Garinger High School","Mecklenburg",35.2401000008895,-80.785683,27,35
2024-07-07,2024,7,"Hattie Avenue","Forsyth",36.11094,-80.224501,39,31
2024-07-07,2024,7,"Leggett","Edgecombe",35.988278,-77.5843,44,35
2024-07-07,2024,7,"Linville Falls","Avery",35.972347,-81.933072,NA,30
2024-07-07,2024,7,"Mendenhall School","Guilford",36.1090060008986,-79.802314,38,29
2024-07-07,2024,7,"Millbrook School","Wake",35.856111,-78.574167,51,28
2024-07-07,2024,7,"Pitt Agri. Center","Pitt",35.6412760008938,-77.360126,47,38
2024-07-07,2024,7,"West Johnston Co.","Johnston",35.59095,-78.4622,46,31
2024-07-08,2024,7,"Bryson City","Swain",35.434767,-83.442133,26,31
2024-07-08,2024,7,"Castle Hayne","New Hanover",34.364167,-77.838611,15,27
2024-07-08,2024,7,"Clemmons Middle","Forsyth",36.026612,-80.341962,34,44
2024-07-08,2024,7,"Durham Armory","Durham",36.0329550008979,-78.904037,40,35
2024-07-08,2024,7,"Frying Pan Mountain","Haywood",35.379167,-82.7925,21,36
2024-07-08,2024,7,"Garinger High School","Mecklenburg",35.2401000008895,-80.785683,29,74
2024-07-08,2024,7,"Hattie Avenue","Forsyth",36.11094,-80.224501,46,58
2024-07-08,2024,7,"Leggett","Edgecombe",35.988278,-77.5843,NA,39
2024-07-08,2024,7,"Linville Falls","Avery",35.972347,-81.933072,25,26
2024-07-08,2024,7,"Mendenhall School","Guilford",36.1090060008986,-79.802314,43,47
2024-07-08,2024,7,"Millbrook School","Wake",35.856111,-78.574167,44.5,44
2024-07-08,2024,7,"Pitt Agri. Center","Pitt",35.6412760008938,-77.360126,32,33
2024-07-08,2024,7,"West Johnston Co.","Johnston",35.59095,-78.4622,41,39
2024-07-09,2024,7,"Bryson City","Swain",35.434767,-83.442133,27,25
2024-07-09,2024,7,"Castle Hayne","New Hanover",34.364167,-77.838611,12.5,24
2024-07-09,2024,7,"Clemmons Middle","Forsyth",36.026612,-80.341962,36,50
2024-07-09,2024,7,"Durham Armory","Durham",36.0329550008979,-78.904037,41,NA
2024-07-09,2024,7,"Frying Pan Mountain","Haywood",35.379167,-82.7925,NA,26
2024-07-09,2024,7,"Garinger High School","Mecklenburg",35.2401000008895,-80.785683,38,45
2024-07-09,2024,7,"Hattie Avenue","Forsyth",36.11094,-80.224501,43,64
2024-07-09,2024,7,"Leggett","Edgecombe",35.988278,-77.5843,NA,33
2024-07-09,2024,7,"Linville Falls","Avery",35.972347,-81.933072,NA,31
2024-07-09,2024,7,"Mendenhall School","Guilford",36.1090060008986,-79.802314,53,43
2024-07-09,2024,7,"Millbrook School","Wake",35.856111,-78.574167,42,42
2024-07-09,2024,7,"Pitt Agri. Center","Pitt",35.6412760008938,-77.360126,25,30
2024-07-09,2024,7,"West Johnston Co.","Johnston",35.59095,-78.4622,44,39
2024-07-10,2024,7,"Bryson City","Swain",35.434767,-83.442133,19,36
2024-07-10,2024,7,"Castle Hayne","New Hanover",34.364167,-77.838611,12.5,29
2024-07-10,2024,7,"Clemmons Middle","Forsyth",36.026612,-80.341962,30,46
2024-07-10,2024,7,"Durham Armory","Durham",36.0329550008979,-78.904037,51,38
2024-07-10,2024,7,"Frying Pan Mountain","Haywood",35.379167,-82.7925,NA,50
2024-07-10,2024,7,"Garinger High School","Mecklenburg",35.2401000008895,-80.785683,28,41
2024-07-10,2024,7,"Hattie Avenue","Forsyth",36.11094,-80.224501,35,48
2024-07-10,2024,7,"Leggett","Edgecombe",35.988278,-77.5843,21,32
2024-07-10,2024,7,"Linville Falls","Avery",35.972347,-81.933072,NA,44
2024-07-10,2024,7,"Mendenhall School","Guilford",36.1090060008986,-79.802314,37,40
2024-07-10,2024,7,"Millbrook School","Wake",35.856111,-78.574167,46,36
2024-07-10,2024,7,"Pitt Agri. Center","Pitt",35.6412760008938,-77.360126,19,27
2024-07-10,2024,7,"West Johnston Co.","Johnston",35.59095,-78.4622,46,37
2024-07-11,2024,7,"Bryson City","Swain",35.434767,-83.442133,26,41
2024-07-11,2024,7,"Castle Hayne","New Hanover",34.364167,-77.838611,14.5,26
2024-07-11,2024,7,"Clemmons Middle","Forsyth",36.026612,-80.341962,22.5,51
2024-07-11,2024,7,"Durham Armory","Durham",36.0329550008979,-78.904037,37,45
2024-07-11,2024,7,"Frying Pan Mountain","Haywood",35.379167,-82.7925,18,58
2024-07-11,2024,7,"Garinger High School","Mecklenburg",35.2401000008895,-80.785683,24.5,74
2024-07-11,2024,7,"Hattie Avenue","Forsyth",36.11094,-80.224501,26.5,61
2024-07-11,2024,7,"Leggett","Edgecombe",35.988278,-77.5843,24,26
2024-07-11,2024,7,"Linville Falls","Avery",35.972347,-81.933072,20,42
2024-07-11,2024,7,"Mendenhall School","Guilford",36.1090060008986,-79.802314,22,49
2024-07-11,2024,7,"Millbrook School","Wake",35.856111,-78.574167,32,44
2024-07-11,2024,7,"Pitt Agri. Center","Pitt",35.6412760008938,-77.360126,18,20
2024-07-11,2024,7,"West Johnston Co.","Johnston",35.59095,-78.4622,39,42
2024-07-12,2024,7,"Bryson City","Swain",35.434767,-83.442133,40,42
2024-07-12,2024,7,"Castle Hayne","New Hanover",34.364167,-77.838611,32.5,29
2024-07-12,2024,7,"Clemmons Middle","Forsyth",36.026612,-80.341962,28,30
2024-07-12,2024,7,"Durham Armory","Durham",36.0329550008979,-78.904037,21,24
2024-07-12,2024,7,"Frying Pan Mountain","Haywood",35.379167,-82.7925,NA,45
2024-07-12,2024,7,"Garinger High School","Mecklenburg",35.2401000008895,-80.785683,37,32
2024-07-12,2024,7,"Hattie Avenue","Forsyth",36.11094,-80.224501,30,32
2024-07-12,2024,7,"Leggett","Edgecombe",35.988278,-77.5843,11,24
2024-07-12,2024,7,"Linville Falls","Avery",35.972347,-81.933072,NA,43
2024-07-12,2024,7,"Mendenhall School","Guilford",36.1090060008986,-79.802314,26,30
2024-07-12,2024,7,"Millbrook School","Wake",35.856111,-78.574167,19,22
2024-07-12,2024,7,"Pitt Agri. Center","Pitt",35.6412760008938,-77.360126,27,22
2024-07-12,2024,7,"West Johnston Co.","Johnston",35.59095,-78.4622,22,21
2024-07-13,2024,7,"Bryson City","Swain",35.434767,-83.442133,52,44
2024-07-13,2024,7,"Castle Hayne","New Hanover",34.364167,-77.838611,24.5,35
2024-07-13,2024,7,"Clemmons Middle","Forsyth",36.026612,-80.341962,25,46
2024-07-13,2024,7,"Durham Armory","Durham",36.0329550008979,-78.904037,24,32
2024-07-13,2024,7,"Frying Pan Mountain","Haywood",35.379167,-82.7925,NA,58
2024-07-13,2024,7,"Garinger High School","Mecklenburg",35.2401000008895,-80.785683,31,77
2024-07-13,2024,7,"Hattie Avenue","Forsyth",36.11094,-80.224501,29,51
2024-07-13,2024,7,"Leggett","Edgecombe",35.988278,-77.5843,29,28
2024-07-13,2024,7,"Linville Falls","Avery",35.972347,-81.933072,NA,40
2024-07-13,2024,7,"Mendenhall School","Guilford",36.1090060008986,-79.802314,27,44
2024-07-13,2024,7,"Millbrook School","Wake",35.856111,-78.574167,31,36
2024-07-13,2024,7,"Pitt Agri. Center","Pitt",35.6412760008938,-77.360126,37,31
2024-07-13,2024,7,"West Johnston Co.","Johnston",35.59095,-78.4622,35,31
2024-07-14,2024,7,"Bryson City","Swain",35.434767,-83.442133,51,40
2024-07-14,2024,7,"Castle Hayne","New Hanover",34.364167,-77.838611,47.5,44
2024-07-14,2024,7,"Clemmons Middle","Forsyth",36.026612,-80.341962,53,44
2024-07-14,2024,7,"Durham Armory","Durham",36.0329550008979,-78.904037,56,47
2024-07-14,2024,7,"Frying Pan Mountain","Haywood",35.379167,-82.7925,43,61
2024-07-14,2024,7,"Garinger High School","Mecklenburg",35.2401000008895,-80.785683,53,50
2024-07-14,2024,7,"Hattie Avenue","Forsyth",36.11094,-80.224501,55.5,50
2024-07-14,2024,7,"Leggett","Edgecombe",35.988278,-77.5843,53,41
2024-07-14,2024,7,"Linville Falls","Avery",35.972347,-81.933072,40,47
2024-07-14,2024,7,"Mendenhall School","Guilford",36.1090060008986,-79.802314,54,58
2024-07-14,2024,7,"Millbrook School","Wake",35.856111,-78.574167,55,47
2024-07-14,2024,7,"Pitt Agri. Center","Pitt",35.6412760008938,-77.360126,56,47
2024-07-14,2024,7,"West Johnston Co.","Johnston",35.59095,-78.4622,55,46
2024-07-15,2024,7,"Bryson City","Swain",35.434767,-83.442133,53,38
2024-07-15,2024,7,"Castle Hayne","New Hanover",34.364167,-77.838611,56,41
2024-07-15,2024,7,"Clemmons Middle","Forsyth",36.026612,-80.341962,55,50
2024-07-15,2024,7,"Durham Armory","Durham",36.0329550008979,-78.904037,64,77
2024-07-15,2024,7,"Frying Pan Mountain","Haywood",35.379167,-82.7925,NA,42
2024-07-15,2024,7,"Garinger High School","Mecklenburg",35.2401000008895,-80.785683,57,80
2024-07-15,2024,7,"Hattie Avenue","Forsyth",36.11094,-80.224501,58,64
2024-07-15,2024,7,"Leggett","Edgecombe",35.988278,-77.5843,58,46
2024-07-15,2024,7,"Linville Falls","Avery",35.972347,-81.933072,NA,40
2024-07-15,2024,7,"Mendenhall School","Guilford",36.1090060008986,-79.802314,59,100
2024-07-15,2024,7,"Millbrook School","Wake",35.856111,-78.574167,65,93
2024-07-15,2024,7,"Pitt Agri. Center","Pitt",35.6412760008938,-77.360126,62,49
2024-07-15,2024,7,"West Johnston Co.","Johnston",35.59095,-78.4622,61,51
2024-07-16,2024,7,"Bryson City","Swain",35.434767,-83.442133,45,29
2024-07-16,2024,7,"Castle Hayne","New Hanover",34.364167,-77.838611,50.5,40
2024-07-16,2024,7,"Clemmons Middle","Forsyth",36.026612,-80.341962,55,43
2024-07-16,2024,7,"Durham Armory","Durham",36.0329550008979,-78.904037,63,45
2024-07-16,2024,7,"Garinger High School","Mecklenburg",35.2401000008895,-80.785683,53,49
2024-07-16,2024,7,"Hattie Avenue","Forsyth",36.11094,-80.224501,59,47
2024-07-16,2024,7,"Leggett","Edgecombe",35.988278,-77.5843,60,50
2024-07-16,2024,7,"Linville Falls","Avery",35.972347,-81.933072,NA,28
2024-07-16,2024,7,"Mendenhall School","Guilford",36.1090060008986,-79.802314,58,64
2024-07-16,2024,7,"Millbrook School","Wake",35.856111,-78.574167,67,58
2024-07-16,2024,7,"Pitt Agri. Center","Pitt",35.6412760008938,-77.360126,63,44
2024-07-16,2024,7,"West Johnston Co.","Johnston",35.59095,-78.4622,62,67
2024-07-17,2024,7,"Bryson City","Swain",35.434767,-83.442133,41,30
2024-07-17,2024,7,"Castle Hayne","New Hanover",34.364167,-77.838611,31,33
2024-07-17,2024,7,"Clemmons Middle","Forsyth",36.026612,-80.341962,44,44
2024-07-17,2024,7,"Durham Armory","Durham",36.0329550008979,-78.904037,56,42
2024-07-17,2024,7,"Frying Pan Mountain","Haywood",35.379167,-82.7925,39,43
2024-07-17,2024,7,"Garinger High School","Mecklenburg",35.2401000008895,-80.785683,45,46
2024-07-17,2024,7,"Hattie Avenue","Forsyth",36.11094,-80.224501,50.5,45
2024-07-17,2024,7,"Leggett","Edgecombe",35.988278,-77.5843,55,40
2024-07-17,2024,7,"Linville Falls","Avery",35.972347,-81.933072,39,28
2024-07-17,2024,7,"Mendenhall School","Guilford",36.1090060008986,-79.802314,51,51
2024-07-17,2024,7,"Millbrook School","Wake",35.856111,-78.574167,59,NA
2024-07-17,2024,7,"Pitt Agri. Center","Pitt",35.6412760008938,-77.360126,53,35
2024-07-17,2024,7,"West Johnston Co.","Johnston",35.59095,-78.4622,55,43
2024-07-18,2024,7,"Bryson City","Swain",35.434767,-83.442133,29,40
2024-07-18,2024,7,"Castle Hayne","New Hanover",34.364167,-77.838611,28.5,29
2024-07-18,2024,7,"Clemmons Middle","Forsyth",36.026612,-80.341962,34,43
2024-07-18,2024,7,"Durham Armory","Durham",36.0329550008979,-78.904037,49,38
2024-07-18,2024,7,"Frying Pan Mountain","Haywood",35.379167,-82.7925,NA,39
2024-07-18,2024,7,"Garinger High School","Mecklenburg",35.2401000008895,-80.785683,40,47
2024-07-18,2024,7,"Hattie Avenue","Forsyth",36.11094,-80.224501,39,44
2024-07-18,2024,7,"Leggett","Edgecombe",35.988278,-77.5843,40,36
2024-07-18,2024,7,"Linville Falls","Avery",35.972347,-81.933072,NA,33
2024-07-18,2024,7,"Mendenhall School","Guilford",36.1090060008986,-79.802314,46,46
2024-07-18,2024,7,"Millbrook School","Wake",35.856111,-78.574167,47,NA
2024-07-18,2024,7,"Pitt Agri. Center","Pitt",35.6412760008938,-77.360126,41,34
2024-07-18,2024,7,"West Johnston Co.","Johnston",35.59095,-78.4622,52,39
2024-07-19,2024,7,"Bryson City","Swain",35.434767,-83.442133,26,27
2024-07-19,2024,7,"Castle Hayne","New Hanover",34.364167,-77.838611,NA,22
2024-07-19,2024,7,"Clemmons Middle","Forsyth",36.026612,-80.341962,41,46
2024-07-19,2024,7,"Durham Armory","Durham",36.0329550008979,-78.904037,53,37
2024-07-19,2024,7,"Frying Pan Mountain","Haywood",35.379167,-82.7925,NA,41
2024-07-19,2024,7,"Garinger High School","Mecklenburg",35.2401000008895,-80.785683,31,32
2024-07-19,2024,7,"Hattie Avenue","Forsyth",36.11094,-80.224501,46,46
2024-07-19,2024,7,"Leggett","Edgecombe",35.988278,-77.5843,36,33
2024-07-19,2024,7,"Linville Falls","Avery",35.972347,-81.933072,NA,37
2024-07-19,2024,7,"Mendenhall School","Guilford",36.1090060008986,-79.802314,45,42
2024-07-19,2024,7,"Millbrook School","Wake",35.856111,-78.574167,48,35
2024-07-19,2024,7,"Pitt Agri. Center","Pitt",35.6412760008938,-77.360126,33,33
2024-07-19,2024,7,"West Johnston Co.","Johnston",35.59095,-78.4622,37,36
2024-07-20,2024,7,"Bryson City","Swain",35.434767,-83.442133,17,28
2024-07-20,2024,7,"Castle Hayne","New Hanover",34.364167,-77.838611,NA,20
2024-07-20,2024,7,"Clemmons Middle","Forsyth",36.026612,-80.341962,24,32
2024-07-20,2024,7,"Durham Armory","Durham",36.0329550008979,-78.904037,33,32
2024-07-20,2024,7,"Frying Pan Mountain","Haywood",35.379167,-82.7925,11,31
2024-07-20,2024,7,"Garinger High School","Mecklenburg",35.2401000008895,-80.785683,36.5,33
2024-07-20,2024,7,"Hattie Avenue","Forsyth",36.11094,-80.224501,26,32
2024-07-20,2024,7,"Leggett","Edgecombe",35.988278,-77.5843,31,32
2024-07-20,2024,7,"Linville Falls","Avery",35.972347,-81.933072,21,31
2024-07-20,2024,7,"Mendenhall School","Guilford",36.1090060008986,-79.802314,28,33
2024-07-20,2024,7,"Millbrook School","Wake",35.856111,-78.574167,32.5,34
2024-07-20,2024,7,"Pitt Agri. Center","Pitt",35.6412760008938,-77.360126,24,32
2024-07-20,2024,7,"West Johnston Co.","Johnston",35.59095,-78.4622,34,32
2024-07-21,2024,7,"Bryson City","Swain",35.434767,-83.442133,14,27
2024-07-21,2024,7,"Castle Hayne","New Hanover",34.364167,-77.838611,NA,26
2024-07-21,2024,7,"Clemmons Middle","Forsyth",36.026612,-80.341962,19,31
2024-07-21,2024,7,"Durham Armory","Durham",36.0329550008979,-78.904037,34,42
2024-07-21,2024,7,"Frying Pan Mountain","Haywood",35.379167,-82.7925,NA,35
2024-07-21,2024,7,"Garinger High School","Mecklenburg",35.2401000008895,-80.785683,13,24
2024-07-21,2024,7,"Hattie Avenue","Forsyth",36.11094,-80.224501,27,37
2024-07-21,2024,7,"Leggett","Edgecombe",35.988278,-77.5843,31,32
2024-07-21,2024,7,"Linville Falls","Avery",35.972347,-81.933072,NA,25
2024-07-21,2024,7,"Mendenhall School","Guilford",36.1090060008986,-79.802314,31,44
2024-07-21,2024,7,"Millbrook School","Wake",35.856111,-78.574167,33,40
2024-07-21,2024,7,"Pitt Agri. Center","Pitt",35.6412760008938,-77.360126,24,32
2024-07-21,2024,7,"West Johnston Co.","Johnston",35.59095,-78.4622,29,31
2024-07-22,2024,7,"Bryson City","Swain",35.434767,-83.442133,25,30
2024-07-22,2024,7,"Castle Hayne","New Hanover",34.364167,-77.838611,NA,18
2024-07-22,2024,7,"Clemmons Middle","Forsyth",36.026612,-80.341962,22,36
2024-07-22,2024,7,"Durham Armory","Durham",36.0329550008979,-78.904037,22,29
2024-07-22,2024,7,"Frying Pan Mountain","Haywood",35.379167,-82.7925,NA,36
2024-07-22,2024,7,"Garinger High School","Mecklenburg",35.2401000008895,-80.785683,18,33
2024-07-22,2024,7,"Hattie Avenue","Forsyth",36.11094,-80.224501,27,38
2024-07-22,2024,7,"Leggett","Edgecombe",35.988278,-77.5843,18,28
2024-07-22,2024,7,"Linville Falls","Avery",35.972347,-81.933072,NA,30
2024-07-22,2024,7,"Mendenhall School","Guilford",36.1090060008986,-79.802314,26,39
2024-07-22,2024,7,"Millbrook School","Wake",35.856111,-78.574167,20,31
2024-07-22,2024,7,"Pitt Agri. Center","Pitt",35.6412760008938,-77.360126,18,25
2024-07-22,2024,7,"West Johnston Co.","Johnston",35.59095,-78.4622,13,27
2024-07-23,2024,7,"Bryson City","Swain",35.434767,-83.442133,28,27
2024-07-23,2024,7,"Castle Hayne","New Hanover",34.364167,-77.838611,NA,23
2024-07-23,2024,7,"Clemmons Middle","Forsyth",36.026612,-80.341962,30.5,38
2024-07-23,2024,7,"Durham Armory","Durham",36.0329550008979,-78.904037,34,31
2024-07-23,2024,7,"Frying Pan Mountain","Haywood",35.379167,-82.7925,18,36
2024-07-23,2024,7,"Garinger High School","Mecklenburg",35.2401000008895,-80.785683,24,31
2024-07-23,2024,7,"Hattie Avenue","Forsyth",36.11094,-80.224501,30,41
2024-07-23,2024,7,"Leggett","Edgecombe",35.988278,-77.5843,NA,27
2024-07-23,2024,7,"Linville Falls","Avery",35.972347,-81.933072,24,30
2024-07-23,2024,7,"Mendenhall School","Guilford",36.1090060008986,-79.802314,31,39
2024-07-23,2024,7,"Millbrook School","Wake",35.856111,-78.574167,30,32
2024-07-23,2024,7,"Pitt Agri. Center","Pitt",35.6412760008938,-77.360126,52,26
2024-07-23,2024,7,"West Johnston Co.","Johnston",35.59095,-78.4622,43,28
2024-07-24,2024,7,"Bryson City","Swain",35.434767,-83.442133,28,26
2024-07-24,2024,7,"Castle Hayne","New Hanover",34.364167,-77.838611,NA,26
2024-07-24,2024,7,"Clemmons Middle","Forsyth",36.026612,-80.341962,32,34
2024-07-24,2024,7,"Durham Armory","Durham",36.0329550008979,-78.904037,23,29
2024-07-24,2024,7,"Frying Pan Mountain","Haywood",35.379167,-82.7925,NA,30
2024-07-24,2024,7,"Garinger High School","Mecklenburg",35.2401000008895,-80.785683,18,37
2024-07-24,2024,7,"Hattie Avenue","Forsyth",36.11094,-80.224501,40,38
2024-07-24,2024,7,"Leggett","Edgecombe",35.988278,-77.5843,NA,31
2024-07-24,2024,7,"Linville Falls","Avery",35.972347,-81.933072,NA,30
2024-07-24,2024,7,"Mendenhall School","Guilford",36.1090060008986,-79.802314,31,40
2024-07-24,2024,7,"Millbrook School","Wake",35.856111,-78.574167,28,31
2024-07-24,2024,7,"Pitt Agri. Center","Pitt",35.6412760008938,-77.360126,28,25
2024-07-24,2024,7,"West Johnston Co.","Johnston",35.59095,-78.4622,27,30
2024-07-25,2024,7,"Bryson City","Swain",35.434767,-83.442133,6,19
2024-07-25,2024,7,"Castle Hayne","New Hanover",34.364167,-77.838611,22,18
2024-07-25,2024,7,"Clemmons Middle","Forsyth",36.026612,-80.341962,22,23
2024-07-25,2024,7,"Durham Armory","Durham",36.0329550008979,-78.904037,21,24
2024-07-25,2024,7,"Frying Pan Mountain","Haywood",35.379167,-82.7925,NA,31
2024-07-25,2024,7,"Garinger High School","Mecklenburg",35.2401000008895,-80.785683,21,29
2024-07-25,2024,7,"Hattie Avenue","Forsyth",36.11094,-80.224501,26,27
2024-07-25,2024,7,"Leggett","Edgecombe",35.988278,-77.5843,NA,23
2024-07-25,2024,7,"Linville Falls","Avery",35.972347,-81.933072,NA,23
2024-07-25,2024,7,"Mendenhall School","Guilford",36.1090060008986,-79.802314,22,27
2024-07-25,2024,7,"Millbrook School","Wake",35.856111,-78.574167,23,24
2024-07-25,2024,7,"Pitt Agri. Center","Pitt",35.6412760008938,-77.360126,27,24
2024-07-25,2024,7,"West Johnston Co.","Johnston",35.59095,-78.4622,24,27
2024-07-26,2024,7,"Bryson City","Swain",35.434767,-83.442133,42,24
2024-07-26,2024,7,"Castle Hayne","New Hanover",34.364167,-77.838611,14,23
2024-07-26,2024,7,"Clemmons Middle","Forsyth",36.026612,-80.341962,50,36
2024-07-26,2024,7,"Durham Armory","Durham",36.0329550008979,-78.904037,47,30
2024-07-26,2024,7,"Frying Pan Mountain","Haywood",35.379167,-82.7925,46,42
2024-07-26,2024,7,"Garinger High School","Mecklenburg",35.2401000008895,-80.785683,39.5,36
2024-07-26,2024,7,"Hattie Avenue","Forsyth",36.11094,-80.224501,50.5,38
2024-07-26,2024,7,"Leggett","Edgecombe",35.988278,-77.5843,NA,30
2024-07-26,2024,7,"Linville Falls","Avery",35.972347,-81.933072,56,31
2024-07-26,2024,7,"Mendenhall School","Guilford",36.1090060008986,-79.802314,51,33
2024-07-26,2024,7,"Millbrook School","Wake",35.856111,-78.574167,40.5,30
2024-07-26,2024,7,"Pitt Agri. Center","Pitt",35.6412760008938,-77.360126,20,24
2024-07-26,2024,7,"West Johnston Co.","Johnston",35.59095,-78.4622,32,26
2024-07-27,2024,7,"Bryson City","Swain",35.434767,-83.442133,55,31
2024-07-27,2024,7,"Castle Hayne","New Hanover",34.364167,-77.838611,32,41
2024-07-27,2024,7,"Clemmons Middle","Forsyth",36.026612,-80.341962,59,49
2024-07-27,2024,7,"Durham Armory","Durham",36.0329550008979,-78.904037,59,42
2024-07-27,2024,7,"Frying Pan Mountain","Haywood",35.379167,-82.7925,NA,32
2024-07-27,2024,7,"Garinger High School","Mecklenburg",35.2401000008895,-80.785683,56,42
2024-07-27,2024,7,"Hattie Avenue","Forsyth",36.11094,-80.224501,63,49
2024-07-27,2024,7,"Leggett","Edgecombe",35.988278,-77.5843,NA,38
2024-07-27,2024,7,"Linville Falls","Avery",35.972347,-81.933072,NA,35
2024-07-27,2024,7,"Mendenhall School","Guilford",36.1090060008986,-79.802314,60,47
2024-07-27,2024,7,"Millbrook School","Wake",35.856111,-78.574167,53,40
2024-07-27,2024,7,"Pitt Agri. Center","Pitt",35.6412760008938,-77.360126,25,43
2024-07-27,2024,7,"West Johnston Co.","Johnston",35.59095,-78.4622,49,42
2024-07-28,2024,7,"Bryson City","Swain",35.434767,-83.442133,52,25
2024-07-28,2024,7,"Castle Hayne","New Hanover",34.364167,-77.838611,42.5,45
2024-07-28,2024,7,"Clemmons Middle","Forsyth",36.026612,-80.341962,59,43
2024-07-28,2024,7,"Durham Armory","Durham",36.0329550008979,-78.904037,56,47
2024-07-28,2024,7,"Frying Pan Mountain","Haywood",35.379167,-82.7925,NA,28
2024-07-28,2024,7,"Garinger High School","Mecklenburg",35.2401000008895,-80.785683,57,44
2024-07-28,2024,7,"Hattie Avenue","Forsyth",36.11094,-80.224501,62,47
2024-07-28,2024,7,"Leggett","Edgecombe",35.988278,-77.5843,NA,44
2024-07-28,2024,7,"Linville Falls","Avery",35.972347,-81.933072,NA,31
2024-07-28,2024,7,"Mendenhall School","Guilford",36.1090060008986,-79.802314,61,46
2024-07-28,2024,7,"Millbrook School","Wake",35.856111,-78.574167,50,49
2024-07-28,2024,7,"Pitt Agri. Center","Pitt",35.6412760008938,-77.360126,42,46
2024-07-28,2024,7,"West Johnston Co.","Johnston",35.59095,-78.4622,52,50
2024-07-29,2024,7,"Bryson City","Swain",35.434767,-83.442133,29,26
2024-07-29,2024,7,"Castle Hayne","New Hanover",34.364167,-77.838611,53,38
2024-07-29,2024,7,"Clemmons Middle","Forsyth",36.026612,-80.341962,48.5,31
2024-07-29,2024,7,"Durham Armory","Durham",36.0329550008979,-78.904037,57,32
2024-07-29,2024,7,"Frying Pan Mountain","Haywood",35.379167,-82.7925,18,35
2024-07-29,2024,7,"Garinger High School","Mecklenburg",35.2401000008895,-80.785683,48,NA
2024-07-29,2024,7,"Hattie Avenue","Forsyth",36.11094,-80.224501,54,33
2024-07-29,2024,7,"Leggett","Edgecombe",35.988278,-77.5843,NA,38
2024-07-29,2024,7,"Linville Falls","Avery",35.972347,-81.933072,24,26
2024-07-29,2024,7,"Mendenhall School","Guilford",36.1090060008986,-79.802314,53,33
2024-07-29,2024,7,"Millbrook School","Wake",35.856111,-78.574167,54.5,29
2024-07-29,2024,7,"Pitt Agri. Center","Pitt",35.6412760008938,-77.360126,55,40
2024-07-29,2024,7,"West Johnston Co.","Johnston",35.59095,-78.4622,53,29
2024-07-30,2024,7,"Bryson City","Swain",35.434767,-83.442133,28,24
2024-07-30,2024,7,"Castle Hayne","New Hanover",34.364167,-77.838611,36.5,40
2024-07-30,2024,7,"Clemmons Middle","Forsyth",36.026612,-80.341962,34,44
2024-07-30,2024,7,"Durham Armory","Durham",36.0329550008979,-78.904037,55,30
2024-07-30,2024,7,"Frying Pan Mountain","Haywood",35.379167,-82.7925,NA,51
2024-07-30,2024,7,"Garinger High School","Mecklenburg",35.2401000008895,-80.785683,21,34
2024-07-30,2024,7,"Hattie Avenue","Forsyth",36.11094,-80.224501,43,47
2024-07-30,2024,7,"Leggett","Edgecombe",35.988278,-77.5843,52,35
2024-07-30,2024,7,"Linville Falls","Avery",35.972347,-81.933072,NA,35
2024-07-30,2024,7,"Mendenhall School","Guilford",36.1090060008986,-79.802314,39,48
2024-07-30,2024,7,"Millbrook School","Wake",35.856111,-78.574167,55,37
2024-07-30,2024,7,"Pitt Agri. Center","Pitt",35.6412760008938,-77.360126,52,38
2024-07-30,2024,7,"West Johnston Co.","Johnston",35.59095,-78.4622,49,38
2024-07-31,2024,7,"Bryson City","Swain",35.434767,-83.442133,26,28
2024-07-31,2024,7,"Castle Hayne","New Hanover",34.364167,-77.838611,29,44
2024-07-31,2024,7,"Clemmons Middle","Forsyth",36.026612,-80.341962,37,43
2024-07-31,2024,7,"Durham Armory","Durham",36.0329550008979,-78.904037,46,47
2024-07-31,2024,7,"Frying Pan Mountain","Haywood",35.379167,-82.7925,NA,44
2024-07-31,2024,7,"Garinger High School","Mecklenburg",35.2401000008895,-80.785683,22,54
2024-07-31,2024,7,"Hattie Avenue","Forsyth",36.11094,-80.224501,44,47
2024-07-31,2024,7,"Leggett","Edgecombe",35.988278,-77.5843,46,41
2024-07-31,2024,7,"Linville Falls","Avery",35.972347,-81.933072,NA,39
2024-07-31,2024,7,"Mendenhall School","Guilford",36.1090060008986,-79.802314,37,51
2024-07-31,2024,7,"Millbrook School","Wake",35.856111,-78.574167,50,50
2024-07-31,2024,7,"Pitt Agri. Center","Pitt",35.6412760008938,-77.360126,41,42
2024-07-31,2024,7,"West Johnston Co.","Johnston",35.59095,-78.4622,52,43
2024-08-01,2024,8,"Bryson City","Swain",35.434767,-83.442133,37,21
2024-08-01,2024,8,"Castle Hayne","New Hanover",34.364167,-77.838611,46.5,41
2024-08-01,2024,8,"Clemmons Middle","Forsyth",36.026612,-80.341962,38,43
2024-08-01,2024,8,"Durham Armory","Durham",36.0329550008979,-78.904037,52,42
2024-08-01,2024,8,"Frying Pan Mountain","Haywood",35.379167,-82.7925,31,27
2024-08-01,2024,8,"Garinger High School","Mecklenburg",35.2401000008895,-80.785683,40,77
2024-08-01,2024,8,"Hattie Avenue","Forsyth",36.11094,-80.224501,42,46
2024-08-01,2024,8,"Leggett","Edgecombe",35.988278,-77.5843,53,44
2024-08-01,2024,8,"Linville Falls","Avery",35.972347,-81.933072,31,26
2024-08-01,2024,8,"Mendenhall School","Guilford",36.1090060008986,-79.802314,47,45
2024-08-01,2024,8,"Millbrook School","Wake",35.856111,-78.574167,52.5,54
2024-08-01,2024,8,"Pitt Agri. Center","Pitt",35.6412760008938,-77.360126,55,44
2024-08-01,2024,8,"West Johnston Co.","Johnston",35.59095,-78.4622,56,47
2024-08-02,2024,8,"Bryson City","Swain",35.434767,-83.442133,70,27
2024-08-02,2024,8,"Castle Hayne","New Hanover",34.364167,-77.838611,41,33
2024-08-02,2024,8,"Clemmons Middle","Forsyth",36.026612,-80.341962,50,35
2024-08-02,2024,8,"Durham Armory","Durham",36.0329550008979,-78.904037,55,36
2024-08-02,2024,8,"Frying Pan Mountain","Haywood",35.379167,-82.7925,NA,43
2024-08-02,2024,8,"Garinger High School","Mecklenburg",35.2401000008895,-80.785683,60,31
2024-08-02,2024,8,"Hattie Avenue","Forsyth",36.11094,-80.224501,54,37
2024-08-02,2024,8,"Leggett","Edgecombe",35.988278,-77.5843,57,35
2024-08-02,2024,8,"Linville Falls","Avery",35.972347,-81.933072,NA,27
2024-08-02,2024,8,"Mendenhall School","Guilford",36.1090060008986,-79.802314,56,38
2024-08-02,2024,8,"Millbrook School","Wake",35.856111,-78.574167,54,39
2024-08-02,2024,8,"Pitt Agri. Center","Pitt",35.6412760008938,-77.360126,53,33
2024-08-02,2024,8,"West Johnston Co.","Johnston",35.59095,-78.4622,54,33
2024-08-03,2024,8,"Bryson City","Swain",35.434767,-83.442133,54,42
2024-08-03,2024,8,"Castle Hayne","New Hanover",34.364167,-77.838611,42,19
2024-08-03,2024,8,"Clemmons Middle","Forsyth",36.026612,-80.341962,56,36
2024-08-03,2024,8,"Durham Armory","Durham",36.0329550008979,-78.904037,57,34
2024-08-03,2024,8,"Frying Pan Mountain","Haywood",35.379167,-82.7925,NA,42
2024-08-03,2024,8,"Garinger High School","Mecklenburg",35.2401000008895,-80.785683,58,32
2024-08-03,2024,8,"Hattie Avenue","Forsyth",36.11094,-80.224501,62,38
2024-08-03,2024,8,"Leggett","Edgecombe",35.988278,-77.5843,54,29
2024-08-03,2024,8,"Linville Falls","Avery",35.972347,-81.933072,NA,34
2024-08-03,2024,8,"Mendenhall School","Guilford",36.1090060008986,-79.802314,59,34
2024-08-03,2024,8,"Millbrook School","Wake",35.856111,-78.574167,55,31
2024-08-03,2024,8,"Pitt Agri. Center","Pitt",35.6412760008938,-77.360126,48,27
2024-08-04,2024,8,"Bryson City","Swain",35.434767,-83.442133,31,37
2024-08-04,2024,8,"Castle Hayne","New Hanover",34.364167,-77.838611,21.5,23
2024-08-04,2024,8,"Clemmons Middle","Forsyth",36.026612,-80.341962,38.5,42
2024-08-04,2024,8,"Durham Armory","Durham",36.0329550008979,-78.904037,43,35
2024-08-04,2024,8,"Frying Pan Mountain","Haywood",35.379167,-82.7925,22,41
2024-08-04,2024,8,"Garinger High School","Mecklenburg",35.2401000008895,-80.785683,44,44
2024-08-04,2024,8,"Hattie Avenue","Forsyth",36.11094,-80.224501,41,41
2024-08-04,2024,8,"Leggett","Edgecombe",35.988278,-77.5843,31,31
2024-08-04,2024,8,"Linville Falls","Avery",35.972347,-81.933072,29,38
2024-08-04,2024,8,"Mendenhall School","Guilford",36.1090060008986,-79.802314,43,44
2024-08-04,2024,8,"Millbrook School","Wake",35.856111,-78.574167,37.5,31
2024-08-04,2024,8,"Pitt Agri. Center","Pitt",35.6412760008938,-77.360126,18,30
2024-08-04,2024,8,"West Johnston Co.","Johnston",35.59095,-78.4622,26,32
2024-08-05,2024,8,"Bryson City","Swain",35.434767,-83.442133,44,42
2024-08-05,2024,8,"Clemmons Middle","Forsyth",36.026612,-80.341962,34,44
2024-08-05,2024,8,"Durham Armory","Durham",36.0329550008979,-78.904037,36,40
2024-08-05,2024,8,"Frying Pan Mountain","Haywood",35.379167,-82.7925,NA,37
2024-08-05,2024,8,"Garinger High School","Mecklenburg",35.2401000008895,-80.785683,17,24
2024-08-05,2024,8,"Hattie Avenue","Forsyth",36.11094,-80.224501,46,47
2024-08-05,2024,8,"Leggett","Edgecombe",35.988278,-77.5843,14,22
2024-08-05,2024,8,"Linville Falls","Avery",35.972347,-81.933072,NA,40
2024-08-05,2024,8,"Mendenhall School","Guilford",36.1090060008986,-79.802314,41,42
2024-08-05,2024,8,"Millbrook School","Wake",35.856111,-78.574167,32,30
2024-08-05,2024,8,"Pitt Agri. Center","Pitt",35.6412760008938,-77.360126,17,19
2024-08-05,2024,8,"West Johnston Co.","Johnston",35.59095,-78.4622,24,24
2024-08-06,2024,8,"Bryson City","Swain",35.434767,-83.442133,39,31
2024-08-06,2024,8,"Castle Hayne","New Hanover",34.364167,-77.838611,25,24
2024-08-06,2024,8,"Clemmons Middle","Forsyth",36.026612,-80.341962,19,24
2024-08-06,2024,8,"Durham Armory","Durham",36.0329550008979,-78.904037,18,17
2024-08-06,2024,8,"Frying Pan Mountain","Haywood",35.379167,-82.7925,NA,27
2024-08-06,2024,8,"Garinger High School","Mecklenburg",35.2401000008895,-80.785683,14,17
2024-08-06,2024,8,"Hattie Avenue","Forsyth",36.11094,-80.224501,22,26
2024-08-06,2024,8,"Leggett","Edgecombe",35.988278,-77.5843,12,15
2024-08-06,2024,8,"Linville Falls","Avery",35.972347,-81.933072,NA,25
2024-08-06,2024,8,"Mendenhall School","Guilford",36.1090060008986,-79.802314,18,20
2024-08-06,2024,8,"Millbrook School","Wake",35.856111,-78.574167,23,15
2024-08-06,2024,8,"Pitt Agri. Center","Pitt",35.6412760008938,-77.360126,12,14
2024-08-06,2024,8,"West Johnston Co.","Johnston",35.59095,-78.4622,17,17
2024-08-07,2024,8,"Bryson City","Swain",35.434767,-83.442133,38,35
2024-08-07,2024,8,"Castle Hayne","New Hanover",34.364167,-77.838611,33,37
2024-08-07,2024,8,"Clemmons Middle","Forsyth",36.026612,-80.341962,21,24
2024-08-07,2024,8,"Durham Armory","Durham",36.0329550008979,-78.904037,18,24
2024-08-07,2024,8,"Frying Pan Mountain","Haywood",35.379167,-82.7925,19,31
2024-08-07,2024,8,"Garinger High School","Mecklenburg",35.2401000008895,-80.785683,12.5,28
2024-08-07,2024,8,"Hattie Avenue","Forsyth",36.11094,-80.224501,31.5,26
2024-08-07,2024,8,"Leggett","Edgecombe",35.988278,-77.5843,17,19
2024-08-07,2024,8,"Linville Falls","Avery",35.972347,-81.933072,12,28
2024-08-07,2024,8,"Mendenhall School","Guilford",36.1090060008986,-79.802314,26,22
2024-08-07,2024,8,"Millbrook School","Wake",35.856111,-78.574167,25.5,25
2024-08-07,2024,8,"Pitt Agri. Center","Pitt",35.6412760008938,-77.360126,11,19
2024-08-07,2024,8,"West Johnston Co.","Johnston",35.59095,-78.4622,14,28
2024-08-08,2024,8,"Bryson City","Swain",35.434767,-83.442133,24,22
2024-08-08,2024,8,"Castle Hayne","New Hanover",34.364167,-77.838611,44,39
2024-08-08,2024,8,"Clemmons Middle","Forsyth",36.026612,-80.341962,13,28
2024-08-08,2024,8,"Durham Armory","Durham",36.0329550008979,-78.904037,16,27
2024-08-08,2024,8,"Frying Pan Mountain","Haywood",35.379167,-82.7925,NA,31
2024-08-08,2024,8,"Garinger High School","Mecklenburg",35.2401000008895,-80.785683,0,27
2024-08-08,2024,8,"Hattie Avenue","Forsyth",36.11094,-80.224501,15,30
2024-08-08,2024,8,"Leggett","Edgecombe",35.988278,-77.5843,27,33
2024-08-08,2024,8,"Linville Falls","Avery",35.972347,-81.933072,NA,26
2024-08-08,2024,8,"Mendenhall School","Guilford",36.1090060008986,-79.802314,14,27
2024-08-08,2024,8,"Millbrook School","Wake",35.856111,-78.574167,20,27
2024-08-08,2024,8,"Pitt Agri. Center","Pitt",35.6412760008938,-77.360126,32,33
2024-08-08,2024,8,"West Johnston Co.","Johnston",35.59095,-78.4622,14,30
2024-08-09,2024,8,"Bryson City","Swain",35.434767,-83.442133,41,42
2024-08-09,2024,8,"Castle Hayne","New Hanover",34.364167,-77.838611,23,36
2024-08-09,2024,8,"Clemmons Middle","Forsyth",36.026612,-80.341962,22,31
2024-08-09,2024,8,"Durham Armory","Durham",36.0329550008979,-78.904037,21,28
2024-08-09,2024,8,"Frying Pan Mountain","Haywood",35.379167,-82.7925,NA,37
2024-08-09,2024,8,"Garinger High School","Mecklenburg",35.2401000008895,-80.785683,22,47
2024-08-09,2024,8,"Hattie Avenue","Forsyth",36.11094,-80.224501,28,32
2024-08-09,2024,8,"Leggett","Edgecombe",35.988278,-77.5843,27,30
2024-08-09,2024,8,"Linville Falls","Avery",35.972347,-81.933072,NA,35
2024-08-09,2024,8,"Mendenhall School","Guilford",36.1090060008986,-79.802314,25,34
2024-08-09,2024,8,"Millbrook School","Wake",35.856111,-78.574167,23,27
2024-08-09,2024,8,"Pitt Agri. Center","Pitt",35.6412760008938,-77.360126,28,31
2024-08-09,2024,8,"West Johnston Co.","Johnston",35.59095,-78.4622,22,31
2024-08-10,2024,8,"Bryson City","Swain",35.434767,-83.442133,48,38
2024-08-10,2024,8,"Castle Hayne","New Hanover",34.364167,-77.838611,56.5,37
2024-08-10,2024,8,"Clemmons Middle","Forsyth",36.026612,-80.341962,43,39
2024-08-10,2024,8,"Durham Armory","Durham",36.0329550008979,-78.904037,52,42
2024-08-10,2024,8,"Frying Pan Mountain","Haywood",35.379167,-82.7925,37,41
2024-08-10,2024,8,"Garinger High School","Mecklenburg",35.2401000008895,-80.785683,46.5,47
2024-08-10,2024,8,"Hattie Avenue","Forsyth",36.11094,-80.224501,53.5,44
2024-08-10,2024,8,"Leggett","Edgecombe",35.988278,-77.5843,47,32
2024-08-10,2024,8,"Linville Falls","Avery",35.972347,-81.933072,43,40
2024-08-10,2024,8,"Mendenhall School","Guilford",36.1090060008986,-79.802314,46,43
2024-08-10,2024,8,"Millbrook School","Wake",35.856111,-78.574167,53,40
2024-08-10,2024,8,"Pitt Agri. Center","Pitt",35.6412760008938,-77.360126,44,27
2024-08-10,2024,8,"West Johnston Co.","Johnston",35.59095,-78.4622,55,38
2024-08-11,2024,8,"Bryson City","Swain",35.434767,-83.442133,43,36
2024-08-11,2024,8,"Castle Hayne","New Hanover",34.364167,-77.838611,37,30
2024-08-11,2024,8,"Clemmons Middle","Forsyth",36.026612,-80.341962,51,67
2024-08-11,2024,8,"Durham Armory","Durham",36.0329550008979,-78.904037,53,31
2024-08-11,2024,8,"Frying Pan Mountain","Haywood",35.379167,-82.7925,NA,44
2024-08-11,2024,8,"Garinger High School","Mecklenburg",35.2401000008895,-80.785683,49,43
2024-08-11,2024,8,"Hattie Avenue","Forsyth",36.11094,-80.224501,53,77
2024-08-11,2024,8,"Leggett","Edgecombe",35.988278,-77.5843,52,26
2024-08-11,2024,8,"Linville Falls","Avery",35.972347,-81.933072,NA,37
2024-08-11,2024,8,"Mendenhall School","Guilford",36.1090060008986,-79.802314,51,38
2024-08-11,2024,8,"Millbrook School","Wake",35.856111,-78.574167,55,33
2024-08-11,2024,8,"Pitt Agri. Center","Pitt",35.6412760008938,-77.360126,42,31
2024-08-11,2024,8,"West Johnston Co.","Johnston",35.59095,-78.4622,52,31
2024-08-12,2024,8,"Bryson City","Swain",35.434767,-83.442133,33,32
2024-08-12,2024,8,"Castle Hayne","New Hanover",34.364167,-77.838611,39.5,31
2024-08-12,2024,8,"Clemmons Middle","Forsyth",36.026612,-80.341962,43,44
2024-08-12,2024,8,"Durham Armory","Durham",36.0329550008979,-78.904037,54,36
2024-08-12,2024,8,"Frying Pan Mountain","Haywood",35.379167,-82.7925,NA,32
2024-08-12,2024,8,"Garinger High School","Mecklenburg",35.2401000008895,-80.785683,48,42
2024-08-12,2024,8,"Hattie Avenue","Forsyth",36.11094,-80.224501,47,44
2024-08-12,2024,8,"Leggett","Edgecombe",35.988278,-77.5843,52,29
2024-08-12,2024,8,"Linville Falls","Avery",35.972347,-81.933072,NA,34
2024-08-12,2024,8,"Mendenhall School","Guilford",36.1090060008986,-79.802314,44,36
2024-08-12,2024,8,"Millbrook School","Wake",35.856111,-78.574167,56,33
2024-08-12,2024,8,"Pitt Agri. Center","Pitt",35.6412760008938,-77.360126,51,31
2024-08-12,2024,8,"West Johnston Co.","Johnston",35.59095,-78.4622,52,32
2024-08-13,2024,8,"Bryson City","Swain",35.434767,-83.442133,33,39
2024-08-13,2024,8,"Castle Hayne","New Hanover",34.364167,-77.838611,36,43
2024-08-13,2024,8,"Clemmons Middle","Forsyth",36.026612,-80.341962,41,20
2024-08-13,2024,8,"Durham Armory","Durham",36.0329550008979,-78.904037,57,26
2024-08-13,2024,8,"Frying Pan Mountain","Haywood",35.379167,-82.7925,34,45
2024-08-13,2024,8,"Garinger High School","Mecklenburg",35.2401000008895,-80.785683,53.5,32
2024-08-13,2024,8,"Hattie Avenue","Forsyth",36.11094,-80.224501,43,28
2024-08-13,2024,8,"Leggett","Edgecombe",35.988278,-77.5843,47,37
2024-08-13,2024,8,"Linville Falls","Avery",35.972347,-81.933072,36,31
2024-08-13,2024,8,"Mendenhall School","Guilford",36.1090060008986,-79.802314,48,21
2024-08-13,2024,8,"Millbrook School","Wake",35.856111,-78.574167,53.5,37
2024-08-13,2024,8,"Pitt Agri. Center","Pitt",35.6412760008938,-77.360126,47,41
2024-08-13,2024,8,"West Johnston Co.","Johnston",35.59095,-78.4622,49,37
2024-08-14,2024,8,"Bryson City","Swain",35.434767,-83.442133,34,36
2024-08-14,2024,8,"Clemmons Middle","Forsyth",36.026612,-80.341962,43,48
2024-08-14,2024,8,"Durham Armory","Durham",36.0329550008979,-78.904037,53,42
2024-08-14,2024,8,"Frying Pan Mountain","Haywood",35.379167,-82.7925,NA,34
2024-08-14,2024,8,"Garinger High School","Mecklenburg",35.2401000008895,-80.785683,46,51
2024-08-14,2024,8,"Hattie Avenue","Forsyth",36.11094,-80.224501,52,46
2024-08-14,2024,8,"Leggett","Edgecombe",35.988278,-77.5843,39,35
2024-08-14,2024,8,"Linville Falls","Avery",35.972347,-81.933072,NA,35
2024-08-14,2024,8,"Mendenhall School","Guilford",36.1090060008986,-79.802314,44,37
2024-08-14,2024,8,"Millbrook School","Wake",35.856111,-78.574167,52,43
2024-08-14,2024,8,"Pitt Agri. Center","Pitt",35.6412760008938,-77.360126,49,36
2024-08-14,2024,8,"West Johnston Co.","Johnston",35.59095,-78.4622,47,46
2024-08-15,2024,8,"Bryson City","Swain",35.434767,-83.442133,44,39
2024-08-15,2024,8,"Castle Hayne","New Hanover",34.364167,-77.838611,51,44
2024-08-15,2024,8,"Clemmons Middle","Forsyth",36.026612,-80.341962,52,44
2024-08-15,2024,8,"Durham Armory","Durham",36.0329550008979,-78.904037,55,40
2024-08-15,2024,8,"Frying Pan Mountain","Haywood",35.379167,-82.7925,NA,42
2024-08-15,2024,8,"Garinger High School","Mecklenburg",35.2401000008895,-80.785683,52,44
2024-08-15,2024,8,"Hattie Avenue","Forsyth",36.11094,-80.224501,54,47
2024-08-15,2024,8,"Leggett","Edgecombe",35.988278,-77.5843,56,45
2024-08-15,2024,8,"Linville Falls","Avery",35.972347,-81.933072,NA,44
2024-08-15,2024,8,"Mendenhall School","Guilford",36.1090060008986,-79.802314,50,45
2024-08-15,2024,8,"Millbrook School","Wake",35.856111,-78.574167,55,40
2024-08-15,2024,8,"Pitt Agri. Center","Pitt",35.6412760008938,-77.360126,60,48
2024-08-15,2024,8,"West Johnston Co.","Johnston",35.59095,-78.4622,52,42
2024-08-16,2024,8,"Bryson City","Swain",35.434767,-83.442133,42,34
2024-08-16,2024,8,"Castle Hayne","New Hanover",34.364167,-77.838611,61,49
2024-08-16,2024,8,"Clemmons Middle","Forsyth",36.026612,-80.341962,53,50
2024-08-16,2024,8,"Durham Armory","Durham",36.0329550008979,-78.904037,59,48
2024-08-16,2024,8,"Frying Pan Mountain","Haywood",35.379167,-82.7925,39,41
2024-08-16,2024,8,"Garinger High School","Mecklenburg",35.2401000008895,-80.785683,55.5,42
2024-08-16,2024,8,"Hattie Avenue","Forsyth",36.11094,-80.224501,58,51
2024-08-16,2024,8,"Leggett","Edgecombe",35.988278,-77.5843,63,46
2024-08-16,2024,8,"Linville Falls","Avery",35.972347,-81.933072,41,32
2024-08-16,2024,8,"Mendenhall School","Guilford",36.1090060008986,-79.802314,59,47
2024-08-16,2024,8,"Millbrook School","Wake",35.856111,-78.574167,62.5,61
2024-08-16,2024,8,"Pitt Agri. Center","Pitt",35.6412760008938,-77.360126,68,46
2024-08-16,2024,8,"West Johnston Co.","Johnston",35.59095,-78.4622,57,46
2024-08-17,2024,8,"Bryson City","Swain",35.434767,-83.442133,24,36
2024-08-17,2024,8,"Castle Hayne","New Hanover",34.364167,-77.838611,61,44
2024-08-17,2024,8,"Clemmons Middle","Forsyth",36.026612,-80.341962,32,35
2024-08-17,2024,8,"Durham Armory","Durham",36.0329550008979,-78.904037,62,39
2024-08-17,2024,8,"Frying Pan Mountain","Haywood",35.379167,-82.7925,NA,44
2024-08-17,2024,8,"Garinger High School","Mecklenburg",35.2401000008895,-80.785683,46,41
2024-08-17,2024,8,"Hattie Avenue","Forsyth",36.11094,-80.224501,42,39
2024-08-17,2024,8,"Leggett","Edgecombe",35.988278,-77.5843,62,37
2024-08-17,2024,8,"Linville Falls","Avery",35.972347,-81.933072,NA,37
2024-08-17,2024,8,"Mendenhall School","Guilford",36.1090060008986,-79.802314,54,41
2024-08-17,2024,8,"Millbrook School","Wake",35.856111,-78.574167,65,42
2024-08-17,2024,8,"Pitt Agri. Center","Pitt",35.6412760008938,-77.360126,65,41
2024-08-17,2024,8,"West Johnston Co.","Johnston",35.59095,-78.4622,63,43
2024-08-18,2024,8,"Bryson City","Swain",35.434767,-83.442133,21,34
2024-08-18,2024,8,"Castle Hayne","New Hanover",34.364167,-77.838611,53,40
2024-08-18,2024,8,"Clemmons Middle","Forsyth",36.026612,-80.341962,33,37
2024-08-18,2024,8,"Durham Armory","Durham",36.0329550008979,-78.904037,53,36
2024-08-18,2024,8,"Frying Pan Mountain","Haywood",35.379167,-82.7925,NA,43
2024-08-18,2024,8,"Garinger High School","Mecklenburg",35.2401000008895,-80.785683,28,44
2024-08-18,2024,8,"Hattie Avenue","Forsyth",36.11094,-80.224501,39,40
2024-08-18,2024,8,"Leggett","Edgecombe",35.988278,-77.5843,55,39
2024-08-18,2024,8,"Linville Falls","Avery",35.972347,-81.933072,NA,40
2024-08-18,2024,8,"Mendenhall School","Guilford",36.1090060008986,-79.802314,34,43
2024-08-18,2024,8,"Millbrook School","Wake",35.856111,-78.574167,52,41
2024-08-18,2024,8,"Pitt Agri. Center","Pitt",35.6412760008938,-77.360126,54,41
2024-08-18,2024,8,"West Johnston Co.","Johnston",35.59095,-78.4622,44,44
2024-08-19,2024,8,"Bryson City","Swain",35.434767,-83.442133,14,29
2024-08-19,2024,8,"Castle Hayne","New Hanover",34.364167,-77.838611,37,37
2024-08-19,2024,8,"Clemmons Middle","Forsyth",36.026612,-80.341962,25,29
2024-08-19,2024,8,"Durham Armory","Durham",36.0329550008979,-78.904037,31,36
2024-08-19,2024,8,"Frying Pan Mountain","Haywood",35.379167,-82.7925,8,33
2024-08-19,2024,8,"Garinger High School","Mecklenburg",35.2401000008895,-80.785683,28.5,40
2024-08-19,2024,8,"Hattie Avenue","Forsyth",36.11094,-80.224501,27,32
2024-08-19,2024,8,"Leggett","Edgecombe",35.988278,-77.5843,32,33
2024-08-19,2024,8,"Linville Falls","Avery",35.972347,-81.933072,18,32
2024-08-19,2024,8,"Mendenhall School","Guilford",36.1090060008986,-79.802314,23,34
2024-08-19,2024,8,"Millbrook School","Wake",35.856111,-78.574167,29,41
2024-08-19,2024,8,"Pitt Agri. Center","Pitt",35.6412760008938,-77.360126,26,36
2024-08-19,2024,8,"West Johnston Co.","Johnston",35.59095,-78.4622,33,43
2024-08-20,2024,8,"Bryson City","Swain",35.434767,-83.442133,33,37
2024-08-20,2024,8,"Castle Hayne","New Hanover",34.364167,-77.838611,18,32
2024-08-20,2024,8,"Clemmons Middle","Forsyth",36.026612,-80.341962,43,37
2024-08-20,2024,8,"Durham Armory","Durham",36.0329550008979,-78.904037,49,31
2024-08-20,2024,8,"Frying Pan Mountain","Haywood",35.379167,-82.7925,NA,40
2024-08-20,2024,8,"Garinger High School","Mecklenburg",35.2401000008895,-80.785683,34,44
2024-08-20,2024,8,"Hattie Avenue","Forsyth",36.11094,-80.224501,47,38
2024-08-20,2024,8,"Leggett","Edgecombe",35.988278,-77.5843,32,32
2024-08-20,2024,8,"Linville Falls","Avery",35.972347,-81.933072,NA,36
2024-08-20,2024,8,"Mendenhall School","Guilford",36.1090060008986,-79.802314,41,36
2024-08-20,2024,8,"Millbrook School","Wake",35.856111,-78.574167,33,31
2024-08-20,2024,8,"Pitt Agri. Center","Pitt",35.6412760008938,-77.360126,18,30
2024-08-20,2024,8,"West Johnston Co.","Johnston",35.59095,-78.4622,28,32
2024-08-21,2024,8,"Bryson City","Swain",35.434767,-83.442133,40,37
2024-08-21,2024,8,"Castle Hayne","New Hanover",34.364167,-77.838611,33,39
2024-08-21,2024,8,"Clemmons Middle","Forsyth",36.026612,-80.341962,43,45
2024-08-21,2024,8,"Durham Armory","Durham",36.0329550008979,-78.904037,52,39
2024-08-21,2024,8,"Frying Pan Mountain","Haywood",35.379167,-82.7925,NA,32
2024-08-21,2024,8,"Garinger High School","Mecklenburg",35.2401000008895,-80.785683,37,44
2024-08-21,2024,8,"Hattie Avenue","Forsyth",36.11094,-80.224501,43,43
2024-08-21,2024,8,"Leggett","Edgecombe",35.988278,-77.5843,24,36
2024-08-21,2024,8,"Linville Falls","Avery",35.972347,-81.933072,NA,36
2024-08-21,2024,8,"Mendenhall School","Guilford",36.1090060008986,-79.802314,37,41
2024-08-21,2024,8,"Millbrook School","Wake",35.856111,-78.574167,32,38
2024-08-21,2024,8,"Pitt Agri. Center","Pitt",35.6412760008938,-77.360126,26,37
2024-08-21,2024,8,"West Johnston Co.","Johnston",35.59095,-78.4622,25,41
2024-08-22,2024,8,"Bryson City","Swain",35.434767,-83.442133,48,43
2024-08-22,2024,8,"Castle Hayne","New Hanover",34.364167,-77.838611,24,40
2024-08-22,2024,8,"Clemmons Middle","Forsyth",36.026612,-80.341962,47,48
2024-08-22,2024,8,"Durham Armory","Durham",36.0329550008979,-78.904037,46,40
2024-08-22,2024,8,"Frying Pan Mountain","Haywood",35.379167,-82.7925,32,44
2024-08-22,2024,8,"Garinger High School","Mecklenburg",35.2401000008895,-80.785683,40.5,42
2024-08-22,2024,8,"Hattie Avenue","Forsyth",36.11094,-80.224501,52,54
2024-08-22,2024,8,"Leggett","Edgecombe",35.988278,-77.5843,24,38
2024-08-22,2024,8,"Linville Falls","Avery",35.972347,-81.933072,38,40
2024-08-22,2024,8,"Mendenhall School","Guilford",36.1090060008986,-79.802314,41,43
2024-08-22,2024,8,"Millbrook School","Wake",35.856111,-78.574167,37.5,41
2024-08-22,2024,8,"Pitt Agri. Center","Pitt",35.6412760008938,-77.360126,30,39
2024-08-22,2024,8,"West Johnston Co.","Johnston",35.59095,-78.4622,32,43
2024-08-23,2024,8,"Bryson City","Swain",35.434767,-83.442133,52,46
2024-08-23,2024,8,"Castle Hayne","New Hanover",34.364167,-77.838611,31,35
2024-08-23,2024,8,"Clemmons Middle","Forsyth",36.026612,-80.341962,50,54
2024-08-23,2024,8,"Durham Armory","Durham",36.0329550008979,-78.904037,54,42
2024-08-23,2024,8,"Frying Pan Mountain","Haywood",35.379167,-82.7925,NA,49
2024-08-23,2024,8,"Garinger High School","Mecklenburg",35.2401000008895,-80.785683,52,42
2024-08-23,2024,8,"Hattie Avenue","Forsyth",36.11094,-80.224501,52,48
2024-08-23,2024,8,"Leggett","Edgecombe",35.988278,-77.5843,33,41
2024-08-23,2024,8,"Linville Falls","Avery",35.972347,-81.933072,NA,43
2024-08-23,2024,8,"Mendenhall School","Guilford",36.1090060008986,-79.802314,53,42
2024-08-23,2024,8,"Millbrook School","Wake",35.856111,-78.574167,46,42
2024-08-23,2024,8,"Pitt Agri. Center","Pitt",35.6412760008938,-77.360126,39,43
2024-08-23,2024,8,"West Johnston Co.","Johnston",35.59095,-78.4622,38,44
2024-08-24,2024,8,"Bryson City","Swain",35.434767,-83.442133,52,37
2024-08-24,2024,8,"Castle Hayne","New Hanover",34.364167,-77.838611,30,34
2024-08-24,2024,8,"Clemmons Middle","Forsyth",36.026612,-80.341962,54,49
2024-08-24,2024,8,"Durham Armory","Durham",36.0329550008979,-78.904037,55,51
2024-08-24,2024,8,"Frying Pan Mountain","Haywood",35.379167,-82.7925,NA,50
2024-08-24,2024,8,"Garinger High School","Mecklenburg",35.2401000008895,-80.785683,55,47
2024-08-24,2024,8,"Hattie Avenue","Forsyth",36.11094,-80.224501,56,45
2024-08-24,2024,8,"Leggett","Edgecombe",35.988278,-77.5843,32,41
2024-08-24,2024,8,"Linville Falls","Avery",35.972347,-81.933072,NA,40
2024-08-24,2024,8,"Mendenhall School","Guilford",36.1090060008986,-79.802314,54,45
2024-08-24,2024,8,"Millbrook School","Wake",35.856111,-78.574167,42,43
2024-08-24,2024,8,"Pitt Agri. Center","Pitt",35.6412760008938,-77.360126,31,36
2024-08-24,2024,8,"West Johnston Co.","Johnston",35.59095,-78.4622,49,46
2024-08-25,2024,8,"Bryson City","Swain",35.434767,-83.442133,49,41
2024-08-25,2024,8,"Castle Hayne","New Hanover",34.364167,-77.838611,20.5,27
2024-08-25,2024,8,"Clemmons Middle","Forsyth",36.026612,-80.341962,56,51
2024-08-25,2024,8,"Durham Armory","Durham",36.0329550008979,-78.904037,57,48
2024-08-25,2024,8,"Frying Pan Mountain","Haywood",35.379167,-82.7925,47,74
2024-08-25,2024,8,"Garinger High School","Mecklenburg",35.2401000008895,-80.785683,56,48
2024-08-25,2024,8,"Hattie Avenue","Forsyth",36.11094,-80.224501,57,49
2024-08-25,2024,8,"Leggett","Edgecombe",35.988278,-77.5843,34,33
2024-08-25,2024,8,"Linville Falls","Avery",35.972347,-81.933072,48,44
2024-08-25,2024,8,"Mendenhall School","Guilford",36.1090060008986,-79.802314,54,46
2024-08-25,2024,8,"Millbrook School","Wake",35.856111,-78.574167,55.5,45
2024-08-25,2024,8,"Pitt Agri. Center","Pitt",35.6412760008938,-77.360126,32,32
2024-08-25,2024,8,"West Johnston Co.","Johnston",35.59095,-78.4622,41,44
2024-08-26,2024,8,"Bryson City","Swain",35.434767,-83.442133,55,44
2024-08-26,2024,8,"Castle Hayne","New Hanover",34.364167,-77.838611,13.5,23
2024-08-26,2024,8,"Clemmons Middle","Forsyth",36.026612,-80.341962,59,54
2024-08-26,2024,8,"Durham Armory","Durham",36.0329550008979,-78.904037,60,97
2024-08-26,2024,8,"Frying Pan Mountain","Haywood",35.379167,-82.7925,NA,54
2024-08-26,2024,8,"Garinger High School","Mecklenburg",35.2401000008895,-80.785683,59,71
2024-08-26,2024,8,"Hattie Avenue","Forsyth",36.11094,-80.224501,64,105
2024-08-26,2024,8,"Leggett","Edgecombe",35.988278,-77.5843,48,42
2024-08-26,2024,8,"Linville Falls","Avery",35.972347,-81.933072,NA,39
2024-08-26,2024,8,"Mendenhall School","Guilford",36.1090060008986,-79.802314,59,122
2024-08-26,2024,8,"Millbrook School","Wake",35.856111,-78.574167,60,61
2024-08-26,2024,8,"Pitt Agri. Center","Pitt",35.6412760008938,-77.360126,43,41
2024-08-26,2024,8,"West Johnston Co.","Johnston",35.59095,-78.4622,52,46
2024-08-27,2024,8,"Bryson City","Swain",35.434767,-83.442133,56,44
2024-08-27,2024,8,"Castle Hayne","New Hanover",34.364167,-77.838611,14,28
2024-08-27,2024,8,"Clemmons Middle","Forsyth",36.026612,-80.341962,63,97
2024-08-27,2024,8,"Durham Armory","Durham",36.0329550008979,-78.904037,69,58
2024-08-27,2024,8,"Frying Pan Mountain","Haywood",35.379167,-82.7925,NA,61
2024-08-27,2024,8,"Garinger High School","Mecklenburg",35.2401000008895,-80.785683,60,136
2024-08-27,2024,8,"Hattie Avenue","Forsyth",36.11094,-80.224501,69,112
2024-08-27,2024,8,"Leggett","Edgecombe",35.988278,-77.5843,57,49
2024-08-27,2024,8,"Linville Falls","Avery",35.972347,-81.933072,NA,41
2024-08-27,2024,8,"Mendenhall School","Guilford",36.1090060008986,-79.802314,64,54
2024-08-27,2024,8,"Millbrook School","Wake",35.856111,-78.574167,66,112
2024-08-27,2024,8,"Pitt Agri. Center","Pitt",35.6412760008938,-77.360126,50,47
2024-08-27,2024,8,"West Johnston Co.","Johnston",35.59095,-78.4622,58,NA
2024-08-28,2024,8,"Bryson City","Swain",35.434767,-83.442133,55,42
2024-08-28,2024,8,"Castle Hayne","New Hanover",34.364167,-77.838611,22.5,34
2024-08-28,2024,8,"Clemmons Middle","Forsyth",36.026612,-80.341962,64,58
2024-08-28,2024,8,"Durham Armory","Durham",36.0329550008979,-78.904037,73,58
2024-08-28,2024,8,"Frying Pan Mountain","Haywood",35.379167,-82.7925,54,48
2024-08-28,2024,8,"Garinger High School","Mecklenburg",35.2401000008895,-80.785683,60.5,71
2024-08-28,2024,8,"Hattie Avenue","Forsyth",36.11094,-80.224501,68,71
2024-08-28,2024,8,"Leggett","Edgecombe",35.988278,-77.5843,64,80
2024-08-28,2024,8,"Linville Falls","Avery",35.972347,-81.933072,54,46
2024-08-28,2024,8,"Mendenhall School","Guilford",36.1090060008986,-79.802314,67,87
2024-08-28,2024,8,"Millbrook School","Wake",35.856111,-78.574167,71,97
2024-08-28,2024,8,"Pitt Agri. Center","Pitt",35.6412760008938,-77.360126,62,67
2024-08-28,2024,8,"West Johnston Co.","Johnston",35.59095,-78.4622,62,48
2024-08-29,2024,8,"Bryson City","Swain",35.434767,-83.442133,55,46
2024-08-29,2024,8,"Castle Hayne","New Hanover",34.364167,-77.838611,20.5,34
2024-08-29,2024,8,"Clemmons Middle","Forsyth",36.026612,-80.341962,60,50
2024-08-29,2024,8,"Durham Armory","Durham",36.0329550008979,-78.904037,66,54
2024-08-29,2024,8,"Frying Pan Mountain","Haywood",35.379167,-82.7925,NA,50
2024-08-29,2024,8,"Garinger High School","Mecklenburg",35.2401000008895,-80.785683,58,93
2024-08-29,2024,8,"Hattie Avenue","Forsyth",36.11094,-80.224501,66,67
2024-08-29,2024,8,"Leggett","Edgecombe",35.988278,-77.5843,63,49
2024-08-29,2024,8,"Linville Falls","Avery",35.972347,-81.933072,NA,39
2024-08-29,2024,8,"Mendenhall School","Guilford",36.1090060008986,-79.802314,63,67
2024-08-29,2024,8,"Millbrook School","Wake",35.856111,-78.574167,67,51
2024-08-29,2024,8,"Pitt Agri. Center","Pitt",35.6412760008938,-77.360126,57,45
2024-08-29,2024,8,"West Johnston Co.","Johnston",35.59095,-78.4622,60,49
2024-08-30,2024,8,"Bryson City","Swain",35.434767,-83.442133,57,39
2024-08-30,2024,8,"Castle Hayne","New Hanover",34.364167,-77.838611,15.5,24
2024-08-30,2024,8,"Clemmons Middle","Forsyth",36.026612,-80.341962,52,46
2024-08-30,2024,8,"Durham Armory","Durham",36.0329550008979,-78.904037,58,43
2024-08-30,2024,8,"Frying Pan Mountain","Haywood",35.379167,-82.7925,NA,42
2024-08-30,2024,8,"Garinger High School","Mecklenburg",35.2401000008895,-80.785683,44,44
2024-08-30,2024,8,"Hattie Avenue","Forsyth",36.11094,-80.224501,55,64
2024-08-30,2024,8,"Leggett","Edgecombe",35.988278,-77.5843,34,35
2024-08-30,2024,8,"Linville Falls","Avery",35.972347,-81.933072,NA,30
2024-08-30,2024,8,"Mendenhall School","Guilford",36.1090060008986,-79.802314,54,51
2024-08-30,2024,8,"Millbrook School","Wake",35.856111,-78.574167,56,43
2024-08-30,2024,8,"Pitt Agri. Center","Pitt",35.6412760008938,-77.360126,53,35
2024-08-30,2024,8,"West Johnston Co.","Johnston",35.59095,-78.4622,46,35
2024-08-31,2024,8,"Bryson City","Swain",35.434767,-83.442133,52,32
2024-08-31,2024,8,"Castle Hayne","New Hanover",34.364167,-77.838611,20,34
2024-08-31,2024,8,"Clemmons Middle","Forsyth",36.026612,-80.341962,43,42
2024-08-31,2024,8,"Durham Armory","Durham",36.0329550008979,-78.904037,51,40
2024-08-31,2024,8,"Frying Pan Mountain","Haywood",35.379167,-82.7925,39,40
2024-08-31,2024,8,"Garinger High School","Mecklenburg",35.2401000008895,-80.785683,45,51
2024-08-31,2024,8,"Hattie Avenue","Forsyth",36.11094,-80.224501,54.5,46
2024-08-31,2024,8,"Leggett","Edgecombe",35.988278,-77.5843,47,32
2024-08-31,2024,8,"Linville Falls","Avery",35.972347,-81.933072,45,34
2024-08-31,2024,8,"Mendenhall School","Guilford",36.1090060008986,-79.802314,52,45
2024-08-31,2024,8,"Millbrook School","Wake",35.856111,-78.574167,55.5,49
2024-08-31,2024,8,"Pitt Agri. Center","Pitt",35.6412760008938,-77.360126,39,38
2024-08-31,2024,8,"West Johnston Co.","Johnston",35.59095,-78.4622,54,43
2024-09-01,2024,9,"Bryson City","Swain",35.434767,-83.442133,29,30
2024-09-01,2024,9,"Castle Hayne","New Hanover",34.364167,-77.838611,13.5,26
2024-09-01,2024,9,"Clemmons Middle","Forsyth",36.026612,-80.341962,31,35
2024-09-01,2024,9,"Durham Armory","Durham",36.0329550008979,-78.904037,42,34
2024-09-01,2024,9,"Frying Pan Mountain","Haywood",35.379167,-82.7925,NA,36
2024-09-01,2024,9,"Garinger High School","Mecklenburg",35.2401000008895,-80.785683,34,31
2024-09-01,2024,9,"Hattie Avenue","Forsyth",36.11094,-80.224501,37,39
2024-09-01,2024,9,"Leggett","Edgecombe",35.988278,-77.5843,47,24
2024-09-01,2024,9,"Linville Falls","Avery",35.972347,-81.933072,NA,31
2024-09-01,2024,9,"Mendenhall School","Guilford",36.1090060008986,-79.802314,39,39
2024-09-01,2024,9,"Millbrook School","Wake",35.856111,-78.574167,54,32
2024-09-01,2024,9,"Pitt Agri. Center","Pitt",35.6412760008938,-77.360126,43,33
2024-09-01,2024,9,"West Johnston Co.","Johnston",35.59095,-78.4622,43,31
2024-09-02,2024,9,"Bryson City","Swain",35.434767,-83.442133,19,29
2024-09-02,2024,9,"Castle Hayne","New Hanover",34.364167,-77.838611,11.5,22
2024-09-02,2024,9,"Clemmons Middle","Forsyth",36.026612,-80.341962,35,39
2024-09-02,2024,9,"Durham Armory","Durham",36.0329550008979,-78.904037,42,31
2024-09-02,2024,9,"Frying Pan Mountain","Haywood",35.379167,-82.7925,NA,39
2024-09-02,2024,9,"Garinger High School","Mecklenburg",35.2401000008895,-80.785683,32,40
2024-09-02,2024,9,"Hattie Avenue","Forsyth",36.11094,-80.224501,43,37
2024-09-02,2024,9,"Leggett","Edgecombe",35.988278,-77.5843,33,20
2024-09-02,2024,9,"Linville Falls","Avery",35.972347,-81.933072,NA,32
2024-09-02,2024,9,"Mendenhall School","Guilford",36.1090060008986,-79.802314,40,33
2024-09-02,2024,9,"Millbrook School","Wake",35.856111,-78.574167,44,30
2024-09-02,2024,9,"Pitt Agri. Center","Pitt",35.6412760008938,-77.360126,26,26
2024-09-02,2024,9,"West Johnston Co.","Johnston",35.59095,-78.4622,32,29
2024-09-03,2024,9,"Bryson City","Swain",35.434767,-83.442133,28,31
2024-09-03,2024,9,"Castle Hayne","New Hanover",34.364167,-77.838611,34,32
2024-09-03,2024,9,"Clemmons Middle","Forsyth",36.026612,-80.341962,20,33
2024-09-03,2024,9,"Durham Armory","Durham",36.0329550008979,-78.904037,36,31
2024-09-03,2024,9,"Frying Pan Mountain","Haywood",35.379167,-82.7925,13,30
2024-09-03,2024,9,"Garinger High School","Mecklenburg",35.2401000008895,-80.785683,24.5,38
2024-09-03,2024,9,"Hattie Avenue","Forsyth",36.11094,-80.224501,21,33
2024-09-03,2024,9,"Leggett","Edgecombe",35.988278,-77.5843,21,31
2024-09-03,2024,9,"Linville Falls","Avery",35.972347,-81.933072,17,31
2024-09-03,2024,9,"Mendenhall School","Guilford",36.1090060008986,-79.802314,16,30
2024-09-03,2024,9,"Millbrook School","Wake",35.856111,-78.574167,21.5,34
2024-09-03,2024,9,"Pitt Agri. Center","Pitt",35.6412760008938,-77.360126,23,33
2024-09-03,2024,9,"West Johnston Co.","Johnston",35.59095,-78.4622,19,35
2024-09-04,2024,9,"Bryson City","Swain",35.434767,-83.442133,22,30
2024-09-04,2024,9,"Castle Hayne","New Hanover",34.364167,-77.838611,22.5,32
2024-09-04,2024,9,"Clemmons Middle","Forsyth",36.026612,-80.341962,23,41
2024-09-04,2024,9,"Durham Armory","Durham",36.0329550008979,-78.904037,39,31
2024-09-04,2024,9,"Frying Pan Mountain","Haywood",35.379167,-82.7925,NA,32
2024-09-04,2024,9,"Garinger High School","Mecklenburg",35.2401000008895,-80.785683,24,38
2024-09-04,2024,9,"Hattie Avenue","Forsyth",36.11094,-80.224501,24,41
2024-09-04,2024,9,"Leggett","Edgecombe",35.988278,-77.5843,23,32
2024-09-04,2024,9,"Linville Falls","Avery",35.972347,-81.933072,NA,37
2024-09-04,2024,9,"Mendenhall School","Guilford",36.1090060008986,-79.802314,27,32
2024-09-04,2024,9,"Millbrook School","Wake",35.856111,-78.574167,26,31
2024-09-04,2024,9,"Pitt Agri. Center","Pitt",35.6412760008938,-77.360126,21,30
2024-09-04,2024,9,"West Johnston Co.","Johnston",35.59095,-78.4622,18,35
2024-09-05,2024,9,"Bryson City","Swain",35.434767,-83.442133,32,34
2024-09-05,2024,9,"Castle Hayne","New Hanover",34.364167,-77.838611,23.5,29
2024-09-05,2024,9,"Clemmons Middle","Forsyth",36.026612,-80.341962,28,40
2024-09-05,2024,9,"Durham Armory","Durham",36.0329550008979,-78.904037,36,36
2024-09-05,2024,9,"Frying Pan Mountain","Haywood",35.379167,-82.7925,NA,43
2024-09-05,2024,9,"Garinger High School","Mecklenburg",35.2401000008895,-80.785683,29,44
2024-09-05,2024,9,"Hattie Avenue","Forsyth",36.11094,-80.224501,31,41
2024-09-05,2024,9,"Leggett","Edgecombe",35.988278,-77.5843,23,31
2024-09-05,2024,9,"Linville Falls","Avery",35.972347,-81.933072,NA,30
2024-09-05,2024,9,"Mendenhall School","Guilford",36.1090060008986,-79.802314,26,37
2024-09-05,2024,9,"Millbrook School","Wake",35.856111,-78.574167,31,33
2024-09-05,2024,9,"Pitt Agri. Center","Pitt",35.6412760008938,-77.360126,26,32
2024-09-05,2024,9,"West Johnston Co.","Johnston",35.59095,-78.4622,27,33
2024-09-06,2024,9,"Bryson City","Swain",35.434767,-83.442133,31,30
2024-09-06,2024,9,"Castle Hayne","New Hanover",34.364167,-77.838611,24,25
2024-09-06,2024,9,"Clemmons Middle","Forsyth",36.026612,-80.341962,33,51
2024-09-06,2024,9,"Durham Armory","Durham",36.0329550008979,-78.904037,47,36
2024-09-06,2024,9,"Frying Pan Mountain","Haywood",35.379167,-82.7925,21,38
2024-09-06,2024,9,"Garinger High School","Mecklenburg",35.2401000008895,-80.785683,40,43
2024-09-06,2024,9,"Hattie Avenue","Forsyth",36.11094,-80.224501,34.5,48
2024-09-06,2024,9,"Leggett","Edgecombe",35.988278,-77.5843,32,32
2024-09-06,2024,9,"Linville Falls","Avery",35.972347,-81.933072,26,32
2024-09-06,2024,9,"Mendenhall School","Guilford",36.1090060008986,-79.802314,34,45
2024-09-06,2024,9,"Millbrook School","Wake",35.856111,-78.574167,41,38
2024-09-06,2024,9,"Pitt Agri. Center","Pitt",35.6412760008938,-77.360126,23,31
2024-09-06,2024,9,"West Johnston Co.","Johnston",35.59095,-78.4622,30,38
2024-09-07,2024,9,"Bryson City","Swain",35.434767,-83.442133,24,33
2024-09-07,2024,9,"Castle Hayne","New Hanover",34.364167,-77.838611,11.5,22
2024-09-07,2024,9,"Clemmons Middle","Forsyth",36.026612,-80.341962,31,36
2024-09-07,2024,9,"Durham Armory","Durham",36.0329550008979,-78.904037,52,39
2024-09-07,2024,9,"Frying Pan Mountain","Haywood",35.379167,-82.7925,NA,33
2024-09-07,2024,9,"Garinger High School","Mecklenburg",35.2401000008895,-80.785683,36,42
2024-09-07,2024,9,"Hattie Avenue","Forsyth",36.11094,-80.224501,34,36
2024-09-07,2024,9,"Leggett","Edgecombe",35.988278,-77.5843,31,21
2024-09-07,2024,9,"Linville Falls","Avery",35.972347,-81.933072,NA,32
2024-09-07,2024,9,"Mendenhall School","Guilford",36.1090060008986,-79.802314,33,36
2024-09-07,2024,9,"Millbrook School","Wake",35.856111,-78.574167,46,38
2024-09-07,2024,9,"Pitt Agri. Center","Pitt",35.6412760008938,-77.360126,21,23
2024-09-07,2024,9,"West Johnston Co.","Johnston",35.59095,-78.4622,41,37
2024-09-08,2024,9,"Bryson City","Swain",35.434767,-83.442133,13,31
2024-09-08,2024,9,"Castle Hayne","New Hanover",34.364167,-77.838611,19.5,19
2024-09-08,2024,9,"Clemmons Middle","Forsyth",36.026612,-80.341962,18,38
2024-09-08,2024,9,"Durham Armory","Durham",36.0329550008979,-78.904037,40,36
2024-09-08,2024,9,"Frying Pan Mountain","Haywood",35.379167,-82.7925,NA,31
2024-09-08,2024,9,"Garinger High School","Mecklenburg",35.2401000008895,-80.785683,21,33
2024-09-08,2024,9,"Hattie Avenue","Forsyth",36.11094,-80.224501,20,41
2024-09-08,2024,9,"Leggett","Edgecombe",35.988278,-77.5843,17,31
2024-09-08,2024,9,"Linville Falls","Avery",35.972347,-81.933072,NA,32
2024-09-08,2024,9,"Mendenhall School","Guilford",36.1090060008986,-79.802314,21,37
2024-09-08,2024,9,"Millbrook School","Wake",35.856111,-78.574167,24,33
2024-09-08,2024,9,"Pitt Agri. Center","Pitt",35.6412760008938,-77.360126,12,28
2024-09-08,2024,9,"West Johnston Co.","Johnston",35.59095,-78.4622,20,34
2024-09-09,2024,9,"Bryson City","Swain",35.434767,-83.442133,28,31
2024-09-09,2024,9,"Castle Hayne","New Hanover",34.364167,-77.838611,14.5,37
2024-09-09,2024,9,"Clemmons Middle","Forsyth",36.026612,-80.341962,29,42
2024-09-09,2024,9,"Durham Armory","Durham",36.0329550008979,-78.904037,51,40
2024-09-09,2024,9,"Frying Pan Mountain","Haywood",35.379167,-82.7925,17,37
2024-09-09,2024,9,"Garinger High School","Mecklenburg",35.2401000008895,-80.785683,35.5,42
2024-09-09,2024,9,"Hattie Avenue","Forsyth",36.11094,-80.224501,34.5,47
2024-09-09,2024,9,"Leggett","Edgecombe",35.988278,-77.5843,10,33
2024-09-09,2024,9,"Linville Falls","Avery",35.972347,-81.933072,18,35
2024-09-09,2024,9,"Mendenhall School","Guilford",36.1090060008986,-79.802314,31,44
2024-09-09,2024,9,"Millbrook School","Wake",35.856111,-78.574167,35.5,35
2024-09-09,2024,9,"Pitt Agri. Center","Pitt",35.6412760008938,-77.360126,18,34
2024-09-09,2024,9,"West Johnston Co.","Johnston",35.59095,-78.4622,31,36
2024-09-10,2024,9,"Bryson City","Swain",35.434767,-83.442133,28,33
2024-09-10,2024,9,"Castle Hayne","New Hanover",34.364167,-77.838611,18,40
2024-09-10,2024,9,"Clemmons Middle","Forsyth",36.026612,-80.341962,29,64
2024-09-10,2024,9,"Durham Armory","Durham",36.0329550008979,-78.904037,52,41
2024-09-10,2024,9,"Frying Pan Mountain","Haywood",35.379167,-82.7925,NA,58
2024-09-10,2024,9,"Garinger High School","Mecklenburg",35.2401000008895,-80.785683,47,51
2024-09-10,2024,9,"Hattie Avenue","Forsyth",36.11094,-80.224501,32,47
2024-09-10,2024,9,"Leggett","Edgecombe",35.988278,-77.5843,28,38
2024-09-10,2024,9,"Linville Falls","Avery",35.972347,-81.933072,NA,39
2024-09-10,2024,9,"Mendenhall School","Guilford",36.1090060008986,-79.802314,36,45
2024-09-10,2024,9,"Millbrook School","Wake",35.856111,-78.574167,52,54
2024-09-10,2024,9,"Pitt Agri. Center","Pitt",35.6412760008938,-77.360126,26,38
2024-09-10,2024,9,"West Johnston Co.","Johnston",35.59095,-78.4622,44,48
2024-09-11,2024,9,"Bryson City","Swain",35.434767,-83.442133,36,44
2024-09-11,2024,9,"Castle Hayne","New Hanover",34.364167,-77.838611,25,42
2024-09-11,2024,9,"Clemmons Middle","Forsyth",36.026612,-80.341962,38,50
2024-09-11,2024,9,"Durham Armory","Durham",36.0329550008979,-78.904037,55,45
2024-09-11,2024,9,"Frying Pan Mountain","Haywood",35.379167,-82.7925,NA,46
2024-09-11,2024,9,"Garinger High School","Mecklenburg",35.2401000008895,-80.785683,55,42
2024-09-11,2024,9,"Hattie Avenue","Forsyth",36.11094,-80.224501,43,64
2024-09-11,2024,9,"Leggett","Edgecombe",35.988278,-77.5843,30,44
2024-09-11,2024,9,"Linville Falls","Avery",35.972347,-81.933072,NA,54
2024-09-11,2024,9,"Mendenhall School","Guilford",36.1090060008986,-79.802314,43,49
2024-09-11,2024,9,"Millbrook School","Wake",35.856111,-78.574167,52,46
2024-09-11,2024,9,"Pitt Agri. Center","Pitt",35.6412760008938,-77.360126,36,42
2024-09-11,2024,9,"West Johnston Co.","Johnston",35.59095,-78.4622,45,46
2024-09-12,2024,9,"Bryson City","Swain",35.434767,-83.442133,37,38
2024-09-12,2024,9,"Castle Hayne","New Hanover",34.364167,-77.838611,28.5,40
2024-09-12,2024,9,"Clemmons Middle","Forsyth",36.026612,-80.341962,47,51
2024-09-12,2024,9,"Durham Armory","Durham",36.0329550008979,-78.904037,56,42
2024-09-12,2024,9,"Frying Pan Mountain","Haywood",35.379167,-82.7925,26,42
2024-09-12,2024,9,"Garinger High School","Mecklenburg",35.2401000008895,-80.785683,48,45
2024-09-12,2024,9,"Hattie Avenue","Forsyth",36.11094,-80.224501,48,46
2024-09-12,2024,9,"Leggett","Edgecombe",35.988278,-77.5843,37,38
2024-09-12,2024,9,"Linville Falls","Avery",35.972347,-81.933072,38,50
2024-09-12,2024,9,"Mendenhall School","Guilford",36.1090060008986,-79.802314,50,45
2024-09-12,2024,9,"Millbrook School","Wake",35.856111,-78.574167,42.5,42
2024-09-12,2024,9,"Pitt Agri. Center","Pitt",35.6412760008938,-77.360126,32,38
2024-09-12,2024,9,"West Johnston Co.","Johnston",35.59095,-78.4622,39,43
2024-09-13,2024,9,"Bryson City","Swain",35.434767,-83.442133,22,31
2024-09-13,2024,9,"Castle Hayne","New Hanover",34.364167,-77.838611,12,24
2024-09-13,2024,9,"Clemmons Middle","Forsyth",36.026612,-80.341962,37,29
2024-09-13,2024,9,"Durham Armory","Durham",36.0329550008979,-78.904037,45,20
2024-09-13,2024,9,"Frying Pan Mountain","Haywood",35.379167,-82.7925,NA,31
2024-09-13,2024,9,"Garinger High School","Mecklenburg",35.2401000008895,-80.785683,27,31
2024-09-13,2024,9,"Hattie Avenue","Forsyth",36.11094,-80.224501,41,29
2024-09-13,2024,9,"Leggett","Edgecombe",35.988278,-77.5843,27,25
2024-09-13,2024,9,"Linville Falls","Avery",35.972347,-81.933072,NA,35
2024-09-13,2024,9,"Mendenhall School","Guilford",36.1090060008986,-79.802314,34,24
2024-09-13,2024,9,"Millbrook School","Wake",35.856111,-78.574167,30,24
2024-09-13,2024,9,"Pitt Agri. Center","Pitt",35.6412760008938,-77.360126,15,23
2024-09-13,2024,9,"West Johnston Co.","Johnston",35.59095,-78.4622,19,27
2024-09-14,2024,9,"Bryson City","Swain",35.434767,-83.442133,27,31
2024-09-14,2024,9,"Castle Hayne","New Hanover",34.364167,-77.838611,15.5,24
2024-09-14,2024,9,"Clemmons Middle","Forsyth",36.026612,-80.341962,27,31
2024-09-14,2024,9,"Durham Armory","Durham",36.0329550008979,-78.904037,34,29
2024-09-14,2024,9,"Frying Pan Mountain","Haywood",35.379167,-82.7925,NA,30
2024-09-14,2024,9,"Garinger High School","Mecklenburg",35.2401000008895,-80.785683,26,32
2024-09-14,2024,9,"Hattie Avenue","Forsyth",36.11094,-80.224501,31,31
2024-09-14,2024,9,"Leggett","Edgecombe",35.988278,-77.5843,32,28
2024-09-14,2024,9,"Linville Falls","Avery",35.972347,-81.933072,NA,33
2024-09-14,2024,9,"Mendenhall School","Guilford",36.1090060008986,-79.802314,28,29
2024-09-14,2024,9,"Millbrook School","Wake",35.856111,-78.574167,41,31
2024-09-14,2024,9,"Pitt Agri. Center","Pitt",35.6412760008938,-77.360126,24,27
2024-09-14,2024,9,"West Johnston Co.","Johnston",35.59095,-78.4622,27,32
2024-09-15,2024,9,"Bryson City","Swain",35.434767,-83.442133,29,30
2024-09-15,2024,9,"Castle Hayne","New Hanover",34.364167,-77.838611,35.5,27
2024-09-15,2024,9,"Clemmons Middle","Forsyth",36.026612,-80.341962,33,29
2024-09-15,2024,9,"Durham Armory","Durham",36.0329550008979,-78.904037,43,26
2024-09-15,2024,9,"Frying Pan Mountain","Haywood",35.379167,-82.7925,6,31
2024-09-15,2024,9,"Garinger High School","Mecklenburg",35.2401000008895,-80.785683,33.5,28
2024-09-15,2024,9,"Hattie Avenue","Forsyth",36.11094,-80.224501,35.5,29
2024-09-15,2024,9,"Leggett","Edgecombe",35.988278,-77.5843,37,26
2024-09-15,2024,9,"Linville Falls","Avery",35.972347,-81.933072,19,31
2024-09-15,2024,9,"Mendenhall School","Guilford",36.1090060008986,-79.802314,34,25
2024-09-15,2024,9,"Millbrook School","Wake",35.856111,-78.574167,45.5,29
2024-09-15,2024,9,"Pitt Agri. Center","Pitt",35.6412760008938,-77.360126,38,28
2024-09-15,2024,9,"West Johnston Co.","Johnston",35.59095,-78.4622,36,30
2024-09-16,2024,9,"Bryson City","Swain",35.434767,-83.442133,28,NA
2024-09-16,2024,9,"Castle Hayne","New Hanover",34.364167,-77.838611,2,32
2024-09-16,2024,9,"Clemmons Middle","Forsyth",36.026612,-80.341962,34,28
2024-09-16,2024,9,"Durham Armory","Durham",36.0329550008979,-78.904037,38,27
2024-09-16,2024,9,"Frying Pan Mountain","Haywood",35.379167,-82.7925,NA,37
2024-09-16,2024,9,"Garinger High School","Mecklenburg",35.2401000008895,-80.785683,28,27
2024-09-16,2024,9,"Hattie Avenue","Forsyth",36.11094,-80.224501,37,29
2024-09-16,2024,9,"Leggett","Edgecombe",35.988278,-77.5843,29,25
2024-09-16,2024,9,"Linville Falls","Avery",35.972347,-81.933072,NA,31
2024-09-16,2024,9,"Mendenhall School","Guilford",36.1090060008986,-79.802314,29,26
2024-09-16,2024,9,"Millbrook School","Wake",35.856111,-78.574167,35,28
2024-09-16,2024,9,"Pitt Agri. Center","Pitt",35.6412760008938,-77.360126,29,27
2024-09-16,2024,9,"West Johnston Co.","Johnston",35.59095,-78.4622,24,30
2024-09-17,2024,9,"Bryson City","Swain",35.434767,-83.442133,22,NA
2024-09-17,2024,9,"Castle Hayne","New Hanover",34.364167,-77.838611,2,31
2024-09-17,2024,9,"Clemmons Middle","Forsyth",36.026612,-80.341962,20,20
2024-09-17,2024,9,"Durham Armory","Durham",36.0329550008979,-78.904037,12,21
2024-09-17,2024,9,"Frying Pan Mountain","Haywood",35.379167,-82.7925,NA,27
2024-09-17,2024,9,"Garinger High School","Mecklenburg",35.2401000008895,-80.785683,11,19
2024-09-17,2024,9,"Hattie Avenue","Forsyth",36.11094,-80.224501,20,21
2024-09-17,2024,9,"Leggett","Edgecombe",35.988278,-77.5843,8,24
2024-09-17,2024,9,"Linville Falls","Avery",35.972347,-81.933072,NA,30
2024-09-17,2024,9,"Mendenhall School","Guilford",36.1090060008986,-79.802314,18,21
2024-09-17,2024,9,"Millbrook School","Wake",35.856111,-78.574167,22,21
2024-09-17,2024,9,"Pitt Agri. Center","Pitt",35.6412760008938,-77.360126,16,24
2024-09-17,2024,9,"West Johnston Co.","Johnston",35.59095,-78.4622,20,25
2024-09-18,2024,9,"Bryson City","Swain",35.434767,-83.442133,11,19
2024-09-18,2024,9,"Castle Hayne","New Hanover",34.364167,-77.838611,27,NA
2024-09-18,2024,9,"Clemmons Middle","Forsyth",36.026612,-80.341962,41,40
2024-09-18,2024,9,"Durham Armory","Durham",36.0329550008979,-78.904037,28,27
2024-09-18,2024,9,"Frying Pan Mountain","Haywood",35.379167,-82.7925,4,35
2024-09-18,2024,9,"Garinger High School","Mecklenburg",35.2401000008895,-80.785683,48,30
2024-09-18,2024,9,"Hattie Avenue","Forsyth",36.11094,-80.224501,32.5,36
2024-09-18,2024,9,"Leggett","Edgecombe",35.988278,-77.5843,19,23
2024-09-18,2024,9,"Linville Falls","Avery",35.972347,-81.933072,26,28
2024-09-18,2024,9,"Mendenhall School","Guilford",36.1090060008986,-79.802314,34,33
2024-09-18,2024,9,"Millbrook School","Wake",35.856111,-78.574167,32,36
2024-09-18,2024,9,"Pitt Agri. Center","Pitt",35.6412760008938,-77.360126,14,28
2024-09-18,2024,9,"West Johnston Co.","Johnston",35.59095,-78.4622,37,NA
2024-09-19,2024,9,"Bryson City","Swain",35.434767,-83.442133,18,24
2024-09-19,2024,9,"Castle Hayne","New Hanover",34.364167,-77.838611,26,28
2024-09-19,2024,9,"Clemmons Middle","Forsyth",36.026612,-80.341962,17,27
2024-09-19,2024,9,"Durham Armory","Durham",36.0329550008979,-78.904037,17,21
2024-09-19,2024,9,"Frying Pan Mountain","Haywood",35.379167,-82.7925,NA,35
2024-09-19,2024,9,"Garinger High School","Mecklenburg",35.2401000008895,-80.785683,30,31
2024-09-19,2024,9,"Hattie Avenue","Forsyth",36.11094,-80.224501,18,23
2024-09-19,2024,9,"Leggett","Edgecombe",35.988278,-77.5843,22,21
2024-09-19,2024,9,"Linville Falls","Avery",35.972347,-81.933072,NA,22
2024-09-19,2024,9,"Mendenhall School","Guilford",36.1090060008986,-79.802314,16,25
2024-09-19,2024,9,"Millbrook School","Wake",35.856111,-78.574167,26,21
2024-09-19,2024,9,"Pitt Agri. Center","Pitt",35.6412760008938,-77.360126,17,24
2024-09-19,2024,9,"West Johnston Co.","Johnston",35.59095,-78.4622,16,NA
2024-09-20,2024,9,"Bryson City","Swain",35.434767,-83.442133,26,32
2024-09-20,2024,9,"Castle Hayne","New Hanover",34.364167,-77.838611,20.5,35
2024-09-20,2024,9,"Clemmons Middle","Forsyth",36.026612,-80.341962,27,36
2024-09-20,2024,9,"Durham Armory","Durham",36.0329550008979,-78.904037,38,33
2024-09-20,2024,9,"Frying Pan Mountain","Haywood",35.379167,-82.7925,NA,50
2024-09-20,2024,9,"Garinger High School","Mecklenburg",35.2401000008895,-80.785683,34,44
2024-09-20,2024,9,"Hattie Avenue","Forsyth",36.11094,-80.224501,32,32
2024-09-20,2024,9,"Leggett","Edgecombe",35.988278,-77.5843,37,42
2024-09-20,2024,9,"Linville Falls","Avery",35.972347,-81.933072,NA,37
2024-09-20,2024,9,"Mendenhall School","Guilford",36.1090060008986,-79.802314,24,30
2024-09-20,2024,9,"Millbrook School","Wake",35.856111,-78.574167,42,40
2024-09-20,2024,9,"Pitt Agri. Center","Pitt",35.6412760008938,-77.360126,28,41
2024-09-20,2024,9,"West Johnston Co.","Johnston",35.59095,-78.4622,35,39
2024-09-21,2024,9,"Bryson City","Swain",35.434767,-83.442133,41,40
2024-09-21,2024,9,"Castle Hayne","New Hanover",34.364167,-77.838611,14.5,37
2024-09-21,2024,9,"Clemmons Middle","Forsyth",36.026612,-80.341962,44.5,44
2024-09-21,2024,9,"Durham Armory","Durham",36.0329550008979,-78.904037,53,37
2024-09-21,2024,9,"Frying Pan Mountain","Haywood",35.379167,-82.7925,28,47
2024-09-21,2024,9,"Garinger High School","Mecklenburg",35.2401000008895,-80.785683,50,46
2024-09-21,2024,9,"Hattie Avenue","Forsyth",36.11094,-80.224501,51,45
2024-09-21,2024,9,"Leggett","Edgecombe",35.988278,-77.5843,23,38
2024-09-21,2024,9,"Linville Falls","Avery",35.972347,-81.933072,33,35
2024-09-21,2024,9,"Mendenhall School","Guilford",36.1090060008986,-79.802314,53,44
2024-09-21,2024,9,"Millbrook School","Wake",35.856111,-78.574167,39.5,42
2024-09-21,2024,9,"Pitt Agri. Center","Pitt",35.6412760008938,-77.360126,21,39
2024-09-21,2024,9,"West Johnston Co.","Johnston",35.59095,-78.4622,42,41
2024-09-22,2024,9,"Bryson City","Swain",35.434767,-83.442133,30,39
2024-09-22,2024,9,"Castle Hayne","New Hanover",34.364167,-77.838611,24,31
2024-09-22,2024,9,"Clemmons Middle","Forsyth",36.026612,-80.341962,46,54
2024-09-22,2024,9,"Durham Armory","Durham",36.0329550008979,-78.904037,43,30
2024-09-22,2024,9,"Frying Pan Mountain","Haywood",35.379167,-82.7925,NA,45
2024-09-22,2024,9,"Garinger High School","Mecklenburg",35.2401000008895,-80.785683,52,48
2024-09-22,2024,9,"Hattie Avenue","Forsyth",36.11094,-80.224501,52,49
2024-09-22,2024,9,"Leggett","Edgecombe",35.988278,-77.5843,34,30
2024-09-22,2024,9,"Linville Falls","Avery",35.972347,-81.933072,NA,37
2024-09-22,2024,9,"Mendenhall School","Guilford",36.1090060008986,-79.802314,49,39
2024-09-22,2024,9,"Millbrook School","Wake",35.856111,-78.574167,46,30
2024-09-22,2024,9,"Pitt Agri. Center","Pitt",35.6412760008938,-77.360126,26,32
2024-09-22,2024,9,"West Johnston Co.","Johnston",35.59095,-78.4622,44,33
2024-09-23,2024,9,"Bryson City","Swain",35.434767,-83.442133,42,38
2024-09-23,2024,9,"Castle Hayne","New Hanover",34.364167,-77.838611,21,35
2024-09-23,2024,9,"Clemmons Middle","Forsyth",36.026612,-80.341962,53,19
2024-09-23,2024,9,"Durham Armory","Durham",36.0329550008979,-78.904037,53,31
2024-09-23,2024,9,"Frying Pan Mountain","Haywood",35.379167,-82.7925,NA,41
2024-09-23,2024,9,"Garinger High School","Mecklenburg",35.2401000008895,-80.785683,52,19
2024-09-23,2024,9,"Hattie Avenue","Forsyth",36.11094,-80.224501,56,19
2024-09-23,2024,9,"Leggett","Edgecombe",35.988278,-77.5843,23,31
2024-09-23,2024,9,"Linville Falls","Avery",35.972347,-81.933072,NA,34
2024-09-23,2024,9,"Mendenhall School","Guilford",36.1090060008986,-79.802314,53,19
2024-09-23,2024,9,"Millbrook School","Wake",35.856111,-78.574167,48,35
2024-09-23,2024,9,"Pitt Agri. Center","Pitt",35.6412760008938,-77.360126,25,33
2024-09-23,2024,9,"West Johnston Co.","Johnston",35.59095,-78.4622,40,33
2024-09-24,2024,9,"Bryson City","Swain",35.434767,-83.442133,51,30
2024-09-24,2024,9,"Castle Hayne","New Hanover",34.364167,-77.838611,23.5,32
2024-09-24,2024,9,"Clemmons Middle","Forsyth",36.026612,-80.341962,53,24
2024-09-24,2024,9,"Durham Armory","Durham",36.0329550008979,-78.904037,56,24
2024-09-24,2024,9,"Frying Pan Mountain","Haywood",35.379167,-82.7925,51,37
2024-09-24,2024,9,"Garinger High School","Mecklenburg",35.2401000008895,-80.785683,56,33
2024-09-24,2024,9,"Hattie Avenue","Forsyth",36.11094,-80.224501,55.5,24
2024-09-24,2024,9,"Leggett","Edgecombe",35.988278,-77.5843,27,20
2024-09-24,2024,9,"Linville Falls","Avery",35.972347,-81.933072,38,31
2024-09-24,2024,9,"Mendenhall School","Guilford",36.1090060008986,-79.802314,57,22
2024-09-24,2024,9,"Millbrook School","Wake",35.856111,-78.574167,47.5,24
2024-09-24,2024,9,"Pitt Agri. Center","Pitt",35.6412760008938,-77.360126,25,26
2024-09-24,2024,9,"West Johnston Co.","Johnston",35.59095,-78.4622,41,24
2024-09-25,2024,9,"Bryson City","Swain",35.434767,-83.442133,36,26
2024-09-25,2024,9,"Castle Hayne","New Hanover",34.364167,-77.838611,18.5,36
2024-09-25,2024,9,"Clemmons Middle","Forsyth",36.026612,-80.341962,34,33
2024-09-25,2024,9,"Durham Armory","Durham",36.0329550008979,-78.904037,50,32
2024-09-25,2024,9,"Garinger High School","Mecklenburg",35.2401000008895,-80.785683,32,37
2024-09-25,2024,9,"Hattie Avenue","Forsyth",36.11094,-80.224501,37,35
2024-09-25,2024,9,"Leggett","Edgecombe",35.988278,-77.5843,29,26
2024-09-25,2024,9,"Linville Falls","Avery",35.972347,-81.933072,NA,36
2024-09-25,2024,9,"Mendenhall School","Guilford",36.1090060008986,-79.802314,39,34
2024-09-25,2024,9,"Millbrook School","Wake",35.856111,-78.574167,44,32
2024-09-25,2024,9,"Pitt Agri. Center","Pitt",35.6412760008938,-77.360126,26,30
2024-09-25,2024,9,"West Johnston Co.","Johnston",35.59095,-78.4622,34,33
2024-09-26,2024,9,"Bryson City","Swain",35.434767,-83.442133,3,22
2024-09-26,2024,9,"Castle Hayne","New Hanover",34.364167,-77.838611,11.5,28
2024-09-26,2024,9,"Clemmons Middle","Forsyth",36.026612,-80.341962,23,23
2024-09-26,2024,9,"Durham Armory","Durham",36.0329550008979,-78.904037,30,20
2024-09-26,2024,9,"Garinger High School","Mecklenburg",35.2401000008895,-80.785683,13,26
2024-09-26,2024,9,"Hattie Avenue","Forsyth",36.11094,-80.224501,29,23
2024-09-26,2024,9,"Leggett","Edgecombe",35.988278,-77.5843,17,19
2024-09-26,2024,9,"Linville Falls","Avery",35.972347,-81.933072,NA,37
2024-09-26,2024,9,"Mendenhall School","Guilford",36.1090060008986,-79.802314,23,19
2024-09-26,2024,9,"Millbrook School","Wake",35.856111,-78.574167,28,20
2024-09-26,2024,9,"Pitt Agri. Center","Pitt",35.6412760008938,-77.360126,17,24
2024-09-26,2024,9,"West Johnston Co.","Johnston",35.59095,-78.4622,23,19
2024-09-27,2024,9,"Castle Hayne","New Hanover",34.364167,-77.838611,26.5,NA
2024-09-27,2024,9,"Clemmons Middle","Forsyth",36.026612,-80.341962,20,25
2024-09-27,2024,9,"Durham Armory","Durham",36.0329550008979,-78.904037,32,21
2024-09-27,2024,9,"Hattie Avenue","Forsyth",36.11094,-80.224501,27,23
2024-09-27,2024,9,"Leggett","Edgecombe",35.988278,-77.5843,19,20
2024-09-27,2024,9,"Mendenhall School","Guilford",36.1090060008986,-79.802314,26,24
2024-09-27,2024,9,"Millbrook School","Wake",35.856111,-78.574167,31,22
2024-09-27,2024,9,"Pitt Agri. Center","Pitt",35.6412760008938,-77.360126,22,22
2024-09-27,2024,9,"West Johnston Co.","Johnston",35.59095,-78.4622,24,24
2024-09-28,2024,9,"Bryson City","Swain",35.434767,-83.442133,23,28
2024-09-28,2024,9,"Castle Hayne","New Hanover",34.364167,-77.838611,20.5,41
2024-09-28,2024,9,"Clemmons Middle","Forsyth",36.026612,-80.341962,43,38
2024-09-28,2024,9,"Durham Armory","Durham",36.0329550008979,-78.904037,54,39
2024-09-28,2024,9,"Garinger High School","Mecklenburg",35.2401000008895,-80.785683,56,36
2024-09-28,2024,9,"Hattie Avenue","Forsyth",36.11094,-80.224501,56,39
2024-09-28,2024,9,"Leggett","Edgecombe",35.988278,-77.5843,32,34
2024-09-28,2024,9,"Mendenhall School","Guilford",36.1090060008986,-79.802314,52,40
2024-09-28,2024,9,"Millbrook School","Wake",35.856111,-78.574167,51,40
2024-09-28,2024,9,"Pitt Agri. Center","Pitt",35.6412760008938,-77.360126,32,36
2024-09-28,2024,9,"West Johnston Co.","Johnston",35.59095,-78.4622,40,40
2024-09-29,2024,9,"Bryson City","Swain",35.434767,-83.442133,7,18
2024-09-29,2024,9,"Castle Hayne","New Hanover",34.364167,-77.838611,33,36
2024-09-29,2024,9,"Clemmons Middle","Forsyth",36.026612,-80.341962,43,38
2024-09-29,2024,9,"Durham Armory","Durham",36.0329550008979,-78.904037,56,36
2024-09-29,2024,9,"Garinger High School","Mecklenburg",35.2401000008895,-80.785683,54,34
2024-09-29,2024,9,"Hattie Avenue","Forsyth",36.11094,-80.224501,58,38
2024-09-29,2024,9,"Leggett","Edgecombe",35.988278,-77.5843,NA,33
2024-09-29,2024,9,"Mendenhall School","Guilford",36.1090060008986,-79.802314,57,32
2024-09-29,2024,9,"Millbrook School","Wake",35.856111,-78.574167,55,34
2024-09-29,2024,9,"Pitt Agri. Center","Pitt",35.6412760008938,-77.360126,34,31
2024-09-29,2024,9,"West Johnston Co.","Johnston",35.59095,-78.4622,47,31
2024-09-30,2024,9,"Bryson City","Swain",35.434767,-83.442133,11,19
2024-09-30,2024,9,"Castle Hayne","New Hanover",34.364167,-77.838611,26.5,36
2024-09-30,2024,9,"Clemmons Middle","Forsyth",36.026612,-80.341962,46,31
2024-09-30,2024,9,"Durham Armory","Durham",36.0329550008979,-78.904037,57,22
2024-09-30,2024,9,"Garinger High School","Mecklenburg",35.2401000008895,-80.785683,56.5,34
2024-09-30,2024,9,"Hattie Avenue","Forsyth",36.11094,-80.224501,59,32
2024-09-30,2024,9,"Leggett","Edgecombe",35.988278,-77.5843,NA,24
2024-09-30,2024,9,"Mendenhall School","Guilford",36.1090060008986,-79.802314,59,25
2024-09-30,2024,9,"Millbrook School","Wake",35.856111,-78.574167,55,27
2024-09-30,2024,9,"Pitt Agri. Center","Pitt",35.6412760008938,-77.360126,50,25
2024-09-30,2024,9,"West Johnston Co.","Johnston",35.59095,-78.4622,49,31
2024-10-01,2024,10,"Bryson City","Swain",35.434767,-83.442133,7,21
2024-10-01,2024,10,"Castle Hayne","New Hanover",34.364167,-77.838611,44.5,33
2024-10-01,2024,10,"Clemmons Middle","Forsyth",36.026612,-80.341962,18,22
2024-10-01,2024,10,"Durham Armory","Durham",36.0329550008979,-78.904037,31,18
2024-10-01,2024,10,"Garinger High School","Mecklenburg",35.2401000008895,-80.785683,43,28
2024-10-01,2024,10,"Hattie Avenue","Forsyth",36.11094,-80.224501,22,22
2024-10-01,2024,10,"Leggett","Edgecombe",35.988278,-77.5843,19,23
2024-10-01,2024,10,"Mendenhall School","Guilford",36.1090060008986,-79.802314,11,21
2024-10-01,2024,10,"Millbrook School","Wake",35.856111,-78.574167,25,20
2024-10-01,2024,10,"Pitt Agri. Center","Pitt",35.6412760008938,-77.360126,19,26
2024-10-01,2024,10,"West Johnston Co.","Johnston",35.59095,-78.4622,16,20
2024-10-02,2024,10,"Bryson City","Swain",35.434767,-83.442133,15,28
2024-10-02,2024,10,"Castle Hayne","New Hanover",34.364167,-77.838611,13.5,23
2024-10-02,2024,10,"Clemmons Middle","Forsyth",36.026612,-80.341962,20,31
2024-10-02,2024,10,"Durham Armory","Durham",36.0329550008979,-78.904037,33,23
2024-10-02,2024,10,"Garinger High School","Mecklenburg",35.2401000008895,-80.785683,24,35
2024-10-02,2024,10,"Hattie Avenue","Forsyth",36.11094,-80.224501,24,32
2024-10-02,2024,10,"Leggett","Edgecombe",35.988278,-77.5843,26,21
2024-10-02,2024,10,"Mendenhall School","Guilford",36.1090060008986,-79.802314,18,29
2024-10-02,2024,10,"Millbrook School","Wake",35.856111,-78.574167,31,23
2024-10-02,2024,10,"Pitt Agri. Center","Pitt",35.6412760008938,-77.360126,17,22
2024-10-02,2024,10,"West Johnston Co.","Johnston",35.59095,-78.4622,19,23
2024-10-03,2024,10,"Bryson City","Swain",35.434767,-83.442133,24,26
2024-10-03,2024,10,"Castle Hayne","New Hanover",34.364167,-77.838611,13.5,28
2024-10-03,2024,10,"Clemmons Middle","Forsyth",36.026612,-80.341962,36,32
2024-10-03,2024,10,"Durham Armory","Durham",36.0329550008979,-78.904037,37,28
2024-10-03,2024,10,"Garinger High School","Mecklenburg",35.2401000008895,-80.785683,42.5,36
2024-10-03,2024,10,"Hattie Avenue","Forsyth",36.11094,-80.224501,44,33
2024-10-03,2024,10,"Leggett","Edgecombe",35.988278,-77.5843,16,29
2024-10-03,2024,10,"Mendenhall School","Guilford",36.1090060008986,-79.802314,37,29
2024-10-03,2024,10,"Millbrook School","Wake",35.856111,-78.574167,33,27
2024-10-03,2024,10,"Pitt Agri. Center","Pitt",35.6412760008938,-77.360126,19,28
2024-10-03,2024,10,"West Johnston Co.","Johnston",35.59095,-78.4622,22,30
2024-10-04,2024,10,"Bryson City","Swain",35.434767,-83.442133,37,27
2024-10-04,2024,10,"Castle Hayne","New Hanover",34.364167,-77.838611,17.5,35
2024-10-04,2024,10,"Clemmons Middle","Forsyth",36.026612,-80.341962,40,31
2024-10-04,2024,10,"Durham Armory","Durham",36.0329550008979,-78.904037,52,37
2024-10-04,2024,10,"Garinger High School","Mecklenburg",35.2401000008895,-80.785683,41,36
2024-10-04,2024,10,"Hattie Avenue","Forsyth",36.11094,-80.224501,44,32
2024-10-04,2024,10,"Leggett","Edgecombe",35.988278,-77.5843,18,31
2024-10-04,2024,10,"Mendenhall School","Guilford",36.1090060008986,-79.802314,39,31
2024-10-04,2024,10,"Millbrook School","Wake",35.856111,-78.574167,40,35
2024-10-04,2024,10,"Pitt Agri. Center","Pitt",35.6412760008938,-77.360126,28,31
2024-10-04,2024,10,"West Johnston Co.","Johnston",35.59095,-78.4622,32,34
2024-10-05,2024,10,"Bryson City","Swain",35.434767,-83.442133,34,33
2024-10-05,2024,10,"Castle Hayne","New Hanover",34.364167,-77.838611,27,33
2024-10-05,2024,10,"Clemmons Middle","Forsyth",36.026612,-80.341962,46,54
2024-10-05,2024,10,"Durham Armory","Durham",36.0329550008979,-78.904037,53,39
2024-10-05,2024,10,"Garinger High School","Mecklenburg",35.2401000008895,-80.785683,52,50
2024-10-05,2024,10,"Hattie Avenue","Forsyth",36.11094,-80.224501,48,54
2024-10-05,2024,10,"Leggett","Edgecombe",35.988278,-77.5843,46,30
2024-10-05,2024,10,"Mendenhall School","Guilford",36.1090060008986,-79.802314,46,50
2024-10-05,2024,10,"Millbrook School","Wake",35.856111,-78.574167,53,30
2024-10-05,2024,10,"Pitt Agri. Center","Pitt",35.6412760008938,-77.360126,42,31
2024-10-05,2024,10,"West Johnston Co.","Johnston",35.59095,-78.4622,52,31
2024-10-06,2024,10,"Bryson City","Swain",35.434767,-83.442133,39,38
2024-10-06,2024,10,"Castle Hayne","New Hanover",34.364167,-77.838611,36.5,44
2024-10-06,2024,10,"Clemmons Middle","Forsyth",36.026612,-80.341962,53,32
2024-10-06,2024,10,"Durham Armory","Durham",36.0329550008979,-78.904037,57,44
2024-10-06,2024,10,"Garinger High School","Mecklenburg",35.2401000008895,-80.785683,57,36
2024-10-06,2024,10,"Hattie Avenue","Forsyth",36.11094,-80.224501,56,36
2024-10-06,2024,10,"Leggett","Edgecombe",35.988278,-77.5843,40,38
2024-10-06,2024,10,"Mendenhall School","Guilford",36.1090060008986,-79.802314,54,39
2024-10-06,2024,10,"Millbrook School","Wake",35.856111,-78.574167,54.5,44
2024-10-06,2024,10,"Pitt Agri. Center","Pitt",35.6412760008938,-77.360126,37,43
2024-10-06,2024,10,"West Johnston Co.","Johnston",35.59095,-78.4622,51,45
2024-10-07,2024,10,"Bryson City","Swain",35.434767,-83.442133,33,37
2024-10-07,2024,10,"Castle Hayne","New Hanover",34.364167,-77.838611,41.5,48
2024-10-07,2024,10,"Clemmons Middle","Forsyth",36.026612,-80.341962,54,39
2024-10-07,2024,10,"Durham Armory","Durham",36.0329550008979,-78.904037,54,38
2024-10-07,2024,10,"Garinger High School","Mecklenburg",35.2401000008895,-80.785683,57,47
2024-10-07,2024,10,"Hattie Avenue","Forsyth",36.11094,-80.224501,55,44
2024-10-07,2024,10,"Leggett","Edgecombe",35.988278,-77.5843,42,40
2024-10-07,2024,10,"Mendenhall School","Guilford",36.1090060008986,-79.802314,51,42
2024-10-07,2024,10,"Millbrook School","Wake",35.856111,-78.574167,54,43
2024-10-07,2024,10,"Pitt Agri. Center","Pitt",35.6412760008938,-77.360126,43,43
2024-10-07,2024,10,"West Johnston Co.","Johnston",35.59095,-78.4622,49,42
2024-10-08,2024,10,"Bryson City","Swain",35.434767,-83.442133,38,38
2024-10-08,2024,10,"Castle Hayne","New Hanover",34.364167,-77.838611,52.5,35
2024-10-08,2024,10,"Clemmons Middle","Forsyth",36.026612,-80.341962,51,38
2024-10-08,2024,10,"Durham Armory","Durham",36.0329550008979,-78.904037,53,33
2024-10-08,2024,10,"Garinger High School","Mecklenburg",35.2401000008895,-80.785683,48,41
2024-10-08,2024,10,"Hattie Avenue","Forsyth",36.11094,-80.224501,52,37
2024-10-08,2024,10,"Leggett","Edgecombe",35.988278,-77.5843,32,32
2024-10-08,2024,10,"Mendenhall School","Guilford",36.1090060008986,-79.802314,42,34
2024-10-08,2024,10,"Millbrook School","Wake",35.856111,-78.574167,45,33
2024-10-08,2024,10,"Pitt Agri. Center","Pitt",35.6412760008938,-77.360126,28,31
2024-10-08,2024,10,"West Johnston Co.","Johnston",35.59095,-78.4622,35,35
2024-10-09,2024,10,"Bryson City","Swain",35.434767,-83.442133,26,32
2024-10-09,2024,10,"Castle Hayne","New Hanover",34.364167,-77.838611,26,33
2024-10-09,2024,10,"Clemmons Middle","Forsyth",36.026612,-80.341962,35.5,44
2024-10-09,2024,10,"Durham Armory","Durham",36.0329550008979,-78.904037,52,37
2024-10-09,2024,10,"Garinger High School","Mecklenburg",35.2401000008895,-80.785683,54,43
2024-10-09,2024,10,"Hattie Avenue","Forsyth",36.11094,-80.224501,37.5,44
2024-10-09,2024,10,"Leggett","Edgecombe",35.988278,-77.5843,26,35
2024-10-09,2024,10,"Mendenhall School","Guilford",36.1090060008986,-79.802314,29,43
2024-10-09,2024,10,"Millbrook School","Wake",35.856111,-78.574167,33,38
2024-10-09,2024,10,"Pitt Agri. Center","Pitt",35.6412760008938,-77.360126,20,36
2024-10-09,2024,10,"West Johnston Co.","Johnston",35.59095,-78.4622,35,39
2024-10-10,2024,10,"Bryson City","Swain",35.434767,-83.442133,17,44
2024-10-10,2024,10,"Castle Hayne","New Hanover",34.364167,-77.838611,21.5,33
2024-10-10,2024,10,"Clemmons Middle","Forsyth",36.026612,-80.341962,21,35
2024-10-10,2024,10,"Durham Armory","Durham",36.0329550008979,-78.904037,48,32
2024-10-10,2024,10,"Garinger High School","Mecklenburg",35.2401000008895,-80.785683,29,41
2024-10-10,2024,10,"Hattie Avenue","Forsyth",36.11094,-80.224501,21,33
2024-10-10,2024,10,"Leggett","Edgecombe",35.988278,-77.5843,NA,32
2024-10-10,2024,10,"Mendenhall School","Guilford",36.1090060008986,-79.802314,24,35
2024-10-10,2024,10,"Millbrook School","Wake",35.856111,-78.574167,20,33
2024-10-10,2024,10,"Pitt Agri. Center","Pitt",35.6412760008938,-77.360126,19,32
2024-10-10,2024,10,"West Johnston Co.","Johnston",35.59095,-78.4622,27,35
2024-10-11,2024,10,"Bryson City","Swain",35.434767,-83.442133,23,36
2024-10-11,2024,10,"Castle Hayne","New Hanover",34.364167,-77.838611,13.5,27
2024-10-11,2024,10,"Clemmons Middle","Forsyth",36.026612,-80.341962,25,35
2024-10-11,2024,10,"Durham Armory","Durham",36.0329550008979,-78.904037,46,27
2024-10-11,2024,10,"Garinger High School","Mecklenburg",35.2401000008895,-80.785683,47,32
2024-10-11,2024,10,"Hattie Avenue","Forsyth",36.11094,-80.224501,24,33
2024-10-11,2024,10,"Leggett","Edgecombe",35.988278,-77.5843,NA,27
2024-10-11,2024,10,"Mendenhall School","Guilford",36.1090060008986,-79.802314,NA,34
2024-10-11,2024,10,"Millbrook School","Wake",35.856111,-78.574167,24,28
2024-10-11,2024,10,"Pitt Agri. Center","Pitt",35.6412760008938,-77.360126,13,27
2024-10-11,2024,10,"West Johnston Co.","Johnston",35.59095,-78.4622,29,31
2024-10-12,2024,10,"Bryson City","Swain",35.434767,-83.442133,39,34
2024-10-12,2024,10,"Castle Hayne","New Hanover",34.364167,-77.838611,32,38
2024-10-12,2024,10,"Clemmons Middle","Forsyth",36.026612,-80.341962,48,39
2024-10-12,2024,10,"Durham Armory","Durham",36.0329550008979,-78.904037,55,42
2024-10-12,2024,10,"Garinger High School","Mecklenburg",35.2401000008895,-80.785683,55,43
2024-10-12,2024,10,"Hattie Avenue","Forsyth",36.11094,-80.224501,36,41
2024-10-12,2024,10,"Leggett","Edgecombe",35.988278,-77.5843,34,42
2024-10-12,2024,10,"Mendenhall School","Guilford",36.1090060008986,-79.802314,NA,44
2024-10-12,2024,10,"Millbrook School","Wake",35.856111,-78.574167,44.5,41
2024-10-12,2024,10,"Pitt Agri. Center","Pitt",35.6412760008938,-77.360126,32,42
2024-10-12,2024,10,"West Johnston Co.","Johnston",35.59095,-78.4622,53,41
2024-10-13,2024,10,"Bryson City","Swain",35.434767,-83.442133,50,36
2024-10-13,2024,10,"Castle Hayne","New Hanover",34.364167,-77.838611,36.5,46
2024-10-13,2024,10,"Clemmons Middle","Forsyth",36.026612,-80.341962,51,44
2024-10-13,2024,10,"Durham Armory","Durham",36.0329550008979,-78.904037,54,44
2024-10-13,2024,10,"Garinger High School","Mecklenburg",35.2401000008895,-80.785683,56,44
2024-10-13,2024,10,"Hattie Avenue","Forsyth",36.11094,-80.224501,54,46
2024-10-13,2024,10,"Leggett","Edgecombe",35.988278,-77.5843,47,44
2024-10-13,2024,10,"Mendenhall School","Guilford",36.1090060008986,-79.802314,NA,47
2024-10-13,2024,10,"Millbrook School","Wake",35.856111,-78.574167,47,45
2024-10-13,2024,10,"Pitt Agri. Center","Pitt",35.6412760008938,-77.360126,39,44
2024-10-13,2024,10,"West Johnston Co.","Johnston",35.59095,-78.4622,53,46
2024-10-14,2024,10,"Bryson City","Swain",35.434767,-83.442133,29,34
2024-10-14,2024,10,"Castle Hayne","New Hanover",34.364167,-77.838611,48,44
2024-10-14,2024,10,"Clemmons Middle","Forsyth",36.026612,-80.341962,38,40
2024-10-14,2024,10,"Durham Armory","Durham",36.0329550008979,-78.904037,NA,41
2024-10-14,2024,10,"Garinger High School","Mecklenburg",35.2401000008895,-80.785683,44,43
2024-10-14,2024,10,"Hattie Avenue","Forsyth",36.11094,-80.224501,44,37
2024-10-14,2024,10,"Leggett","Edgecombe",35.988278,-77.5843,38,42
2024-10-14,2024,10,"Mendenhall School","Guilford",36.1090060008986,-79.802314,NA,39
2024-10-14,2024,10,"Millbrook School","Wake",35.856111,-78.574167,41,43
2024-10-14,2024,10,"Pitt Agri. Center","Pitt",35.6412760008938,-77.360126,34,44
2024-10-14,2024,10,"West Johnston Co.","Johnston",35.59095,-78.4622,42,46
2024-10-15,2024,10,"Bryson City","Swain",35.434767,-83.442133,13,29
2024-10-15,2024,10,"Castle Hayne","New Hanover",34.364167,-77.838611,25,31
2024-10-15,2024,10,"Clemmons Middle","Forsyth",36.026612,-80.341962,25,29
2024-10-15,2024,10,"Durham Armory","Durham",36.0329550008979,-78.904037,NA,30
2024-10-15,2024,10,"Garinger High School","Mecklenburg",35.2401000008895,-80.785683,18,30
2024-10-15,2024,10,"Hattie Avenue","Forsyth",36.11094,-80.224501,23.5,30
2024-10-15,2024,10,"Leggett","Edgecombe",35.988278,-77.5843,16,31
2024-10-15,2024,10,"Mendenhall School","Guilford",36.1090060008986,-79.802314,NA,29
2024-10-15,2024,10,"Millbrook School","Wake",35.856111,-78.574167,19.5,31
2024-10-15,2024,10,"Pitt Agri. Center","Pitt",35.6412760008938,-77.360126,11,31
2024-10-15,2024,10,"West Johnston Co.","Johnston",35.59095,-78.4622,48,33
2024-10-16,2024,10,"Bryson City","Swain",35.434767,-83.442133,11,30
2024-10-16,2024,10,"Castle Hayne","New Hanover",34.364167,-77.838611,21.5,23
2024-10-16,2024,10,"Clemmons Middle","Forsyth",36.026612,-80.341962,13,25
2024-10-16,2024,10,"Durham Armory","Durham",36.0329550008979,-78.904037,NA,25
2024-10-16,2024,10,"Garinger High School","Mecklenburg",35.2401000008895,-80.785683,8,26
2024-10-16,2024,10,"Hattie Avenue","Forsyth",36.11094,-80.224501,15,25
2024-10-16,2024,10,"Leggett","Edgecombe",35.988278,-77.5843,14,27
2024-10-16,2024,10,"Mendenhall School","Guilford",36.1090060008986,-79.802314,9,25
2024-10-16,2024,10,"Millbrook School","Wake",35.856111,-78.574167,15,26
2024-10-16,2024,10,"Pitt Agri. Center","Pitt",35.6412760008938,-77.360126,8,26
2024-10-16,2024,10,"West Johnston Co.","Johnston",35.59095,-78.4622,18,29
2024-10-17,2024,10,"Bryson City","Swain",35.434767,-83.442133,17,30
2024-10-17,2024,10,"Castle Hayne","New Hanover",34.364167,-77.838611,16,32
2024-10-17,2024,10,"Clemmons Middle","Forsyth",36.026612,-80.341962,23,32
2024-10-17,2024,10,"Durham Armory","Durham",36.0329550008979,-78.904037,NA,31
2024-10-17,2024,10,"Garinger High School","Mecklenburg",35.2401000008895,-80.785683,22,33
2024-10-17,2024,10,"Hattie Avenue","Forsyth",36.11094,-80.224501,33,34
2024-10-17,2024,10,"Leggett","Edgecombe",35.988278,-77.5843,19,31
2024-10-17,2024,10,"Mendenhall School","Guilford",36.1090060008986,-79.802314,24,32
2024-10-17,2024,10,"Millbrook School","Wake",35.856111,-78.574167,17,31
2024-10-17,2024,10,"Pitt Agri. Center","Pitt",35.6412760008938,-77.360126,9,31
2024-10-17,2024,10,"West Johnston Co.","Johnston",35.59095,-78.4622,21,32
2024-10-18,2024,10,"Bryson City","Swain",35.434767,-83.442133,42,32
2024-10-18,2024,10,"Castle Hayne","New Hanover",34.364167,-77.838611,23,34
2024-10-18,2024,10,"Clemmons Middle","Forsyth",36.026612,-80.341962,28,33
2024-10-18,2024,10,"Durham Armory","Durham",36.0329550008979,-78.904037,NA,33
2024-10-18,2024,10,"Frying Pan Mountain","Haywood",35.379167,-82.7925,13,47
2024-10-18,2024,10,"Garinger High School","Mecklenburg",35.2401000008895,-80.785683,47.5,35
2024-10-18,2024,10,"Hattie Avenue","Forsyth",36.11094,-80.224501,29,34
2024-10-18,2024,10,"Leggett","Edgecombe",35.988278,-77.5843,15,33
2024-10-18,2024,10,"Mendenhall School","Guilford",36.1090060008986,-79.802314,34,35
2024-10-18,2024,10,"Millbrook School","Wake",35.856111,-78.574167,27.5,34
2024-10-18,2024,10,"Pitt Agri. Center","Pitt",35.6412760008938,-77.360126,25,32
2024-10-18,2024,10,"West Johnston Co.","Johnston",35.59095,-78.4622,31,35
2024-10-19,2024,10,"Bryson City","Swain",35.434767,-83.442133,41,32
2024-10-19,2024,10,"Castle Hayne","New Hanover",34.364167,-77.838611,27,33
2024-10-19,2024,10,"Clemmons Middle","Forsyth",36.026612,-80.341962,32,40
2024-10-19,2024,10,"Durham Armory","Durham",36.0329550008979,-78.904037,44,37
2024-10-19,2024,10,"Frying Pan Mountain","Haywood",35.379167,-82.7925,NA,47
2024-10-19,2024,10,"Garinger High School","Mecklenburg",35.2401000008895,-80.785683,48,42
2024-10-19,2024,10,"Hattie Avenue","Forsyth",36.11094,-80.224501,26,38
2024-10-19,2024,10,"Leggett","Edgecombe",35.988278,-77.5843,27,35
2024-10-19,2024,10,"Mendenhall School","Guilford",36.1090060008986,-79.802314,46,40
2024-10-19,2024,10,"Millbrook School","Wake",35.856111,-78.574167,33,39
2024-10-19,2024,10,"Pitt Agri. Center","Pitt",35.6412760008938,-77.360126,28,34
2024-10-19,2024,10,"West Johnston Co.","Johnston",35.59095,-78.4622,39,39
2024-10-20,2024,10,"Bryson City","Swain",35.434767,-83.442133,27,31
2024-10-20,2024,10,"Castle Hayne","New Hanover",34.364167,-77.838611,24,30
2024-10-20,2024,10,"Clemmons Middle","Forsyth",36.026612,-80.341962,35,40
2024-10-20,2024,10,"Durham Armory","Durham",36.0329550008979,-78.904037,39,38
2024-10-20,2024,10,"Frying Pan Mountain","Haywood",35.379167,-82.7925,NA,44
2024-10-20,2024,10,"Garinger High School","Mecklenburg",35.2401000008895,-80.785683,55,44
2024-10-20,2024,10,"Hattie Avenue","Forsyth",36.11094,-80.224501,43,40
2024-10-20,2024,10,"Leggett","Edgecombe",35.988278,-77.5843,32,32
2024-10-20,2024,10,"Mendenhall School","Guilford",36.1090060008986,-79.802314,47,40
2024-10-20,2024,10,"Millbrook School","Wake",35.856111,-78.574167,43,39
2024-10-20,2024,10,"Pitt Agri. Center","Pitt",35.6412760008938,-77.360126,21,32
2024-10-20,2024,10,"West Johnston Co.","Johnston",35.59095,-78.4622,53,39
2024-10-21,2024,10,"Bryson City","Swain",35.434767,-83.442133,29,32
2024-10-21,2024,10,"Castle Hayne","New Hanover",34.364167,-77.838611,28,36
2024-10-21,2024,10,"Clemmons Middle","Forsyth",36.026612,-80.341962,44.5,42
2024-10-21,2024,10,"Durham Armory","Durham",36.0329550008979,-78.904037,NA,41
2024-10-21,2024,10,"Frying Pan Mountain","Haywood",35.379167,-82.7925,18,48
2024-10-21,2024,10,"Garinger High School","Mecklenburg",35.2401000008895,-80.785683,56.5,44
2024-10-21,2024,10,"Hattie Avenue","Forsyth",36.11094,-80.224501,42.5,44
2024-10-21,2024,10,"Leggett","Edgecombe",35.988278,-77.5843,28,43
2024-10-21,2024,10,"Mendenhall School","Guilford",36.1090060008986,-79.802314,36,41
2024-10-21,2024,10,"Millbrook School","Wake",35.856111,-78.574167,46,42
2024-10-21,2024,10,"Pitt Agri. Center","Pitt",35.6412760008938,-77.360126,27,44
2024-10-21,2024,10,"West Johnston Co.","Johnston",35.59095,-78.4622,60,45
2024-10-22,2024,10,"Bryson City","Swain",35.434767,-83.442133,39,39
2024-10-22,2024,10,"Castle Hayne","New Hanover",34.364167,-77.838611,37,35
2024-10-22,2024,10,"Clemmons Middle","Forsyth",36.026612,-80.341962,37,44
2024-10-22,2024,10,"Durham Armory","Durham",36.0329550008979,-78.904037,NA,44
2024-10-22,2024,10,"Frying Pan Mountain","Haywood",35.379167,-82.7925,NA,45
2024-10-22,2024,10,"Garinger High School","Mecklenburg",35.2401000008895,-80.785683,NA,47
2024-10-22,2024,10,"Hattie Avenue","Forsyth",36.11094,-80.224501,49,50
2024-10-22,2024,10,"Leggett","Edgecombe",35.988278,-77.5843,39,44
2024-10-22,2024,10,"Mendenhall School","Guilford",36.1090060008986,-79.802314,52,54
2024-10-22,2024,10,"Millbrook School","Wake",35.856111,-78.574167,48,46
2024-10-22,2024,10,"Pitt Agri. Center","Pitt",35.6412760008938,-77.360126,46,44
2024-10-22,2024,10,"West Johnston Co.","Johnston",35.59095,-78.4622,52,47
2024-10-23,2024,10,"Bryson City","Swain",35.434767,-83.442133,50,36
2024-10-23,2024,10,"Castle Hayne","New Hanover",34.364167,-77.838611,36,33
2024-10-23,2024,10,"Clemmons Middle","Forsyth",36.026612,-80.341962,43,47
2024-10-23,2024,10,"Durham Armory","Durham",36.0329550008979,-78.904037,NA,44
2024-10-23,2024,10,"Frying Pan Mountain","Haywood",35.379167,-82.7925,NA,48
2024-10-23,2024,10,"Garinger High School","Mecklenburg",35.2401000008895,-80.785683,NA,44
2024-10-23,2024,10,"Hattie Avenue","Forsyth",36.11094,-80.224501,51,45
2024-10-23,2024,10,"Leggett","Edgecombe",35.988278,-77.5843,46,39
2024-10-23,2024,10,"Mendenhall School","Guilford",36.1090060008986,-79.802314,47,51
2024-10-23,2024,10,"Millbrook School","Wake",35.856111,-78.574167,54,43
2024-10-23,2024,10,"Pitt Agri. Center","Pitt",35.6412760008938,-77.360126,43,35
2024-10-23,2024,10,"West Johnston Co.","Johnston",35.59095,-78.4622,55,44
2024-10-24,2024,10,"Bryson City","Swain",35.434767,-83.442133,NA,42
2024-10-24,2024,10,"Castle Hayne","New Hanover",34.364167,-77.838611,58,47
2024-10-24,2024,10,"Clemmons Middle","Forsyth",36.026612,-80.341962,52,44
2024-10-24,2024,10,"Durham Armory","Durham",36.0329550008979,-78.904037,52,44
2024-10-24,2024,10,"Frying Pan Mountain","Haywood",35.379167,-82.7925,NA,64
2024-10-24,2024,10,"Garinger High School","Mecklenburg",35.2401000008895,-80.785683,55,50
2024-10-24,2024,10,"Hattie Avenue","Forsyth",36.11094,-80.224501,54,45
2024-10-24,2024,10,"Leggett","Edgecombe",35.988278,-77.5843,43,40
2024-10-24,2024,10,"Mendenhall School","Guilford",36.1090060008986,-79.802314,50,44
2024-10-24,2024,10,"Millbrook School","Wake",35.856111,-78.574167,54.5,43
2024-10-24,2024,10,"Pitt Agri. Center","Pitt",35.6412760008938,-77.360126,44,41
2024-10-24,2024,10,"West Johnston Co.","Johnston",35.59095,-78.4622,NA,45
2024-10-25,2024,10,"Bryson City","Swain",35.434767,-83.442133,NA,41
2024-10-25,2024,10,"Castle Hayne","New Hanover",34.364167,-77.838611,46,42
2024-10-25,2024,10,"Clemmons Middle","Forsyth",36.026612,-80.341962,57,51
2024-10-25,2024,10,"Durham Armory","Durham",36.0329550008979,-78.904037,51,40
2024-10-25,2024,10,"Frying Pan Mountain","Haywood",35.379167,-82.7925,NA,49
2024-10-25,2024,10,"Garinger High School","Mecklenburg",35.2401000008895,-80.785683,NA,49
2024-10-25,2024,10,"Hattie Avenue","Forsyth",36.11094,-80.224501,60,51
2024-10-25,2024,10,"Leggett","Edgecombe",35.988278,-77.5843,34,39
2024-10-25,2024,10,"Mendenhall School","Guilford",36.1090060008986,-79.802314,56,50
2024-10-25,2024,10,"Millbrook School","Wake",35.856111,-78.574167,53,40
2024-10-25,2024,10,"Pitt Agri. Center","Pitt",35.6412760008938,-77.360126,46,42
2024-10-25,2024,10,"West Johnston Co.","Johnston",35.59095,-78.4622,NA,43
2024-10-26,2024,10,"Bryson City","Swain",35.434767,-83.442133,59,42
2024-10-26,2024,10,"Castle Hayne","New Hanover",34.364167,-77.838611,58,44
2024-10-26,2024,10,"Clemmons Middle","Forsyth",36.026612,-80.341962,57,42
2024-10-26,2024,10,"Durham Armory","Durham",36.0329550008979,-78.904037,49,43
2024-10-26,2024,10,"Frying Pan Mountain","Haywood",35.379167,-82.7925,NA,48
2024-10-26,2024,10,"Garinger High School","Mecklenburg",35.2401000008895,-80.785683,61,50
2024-10-26,2024,10,"Hattie Avenue","Forsyth",36.11094,-80.224501,58,45
2024-10-26,2024,10,"Leggett","Edgecombe",35.988278,-77.5843,53,39
2024-10-26,2024,10,"Mendenhall School","Guilford",36.1090060008986,-79.802314,55,43
2024-10-26,2024,10,"Millbrook School","Wake",35.856111,-78.574167,58,42
2024-10-26,2024,10,"Pitt Agri. Center","Pitt",35.6412760008938,-77.360126,51,41
2024-10-26,2024,10,"West Johnston Co.","Johnston",35.59095,-78.4622,57,43
2024-10-27,2024,10,"Bryson City","Swain",35.434767,-83.442133,52,31
2024-10-27,2024,10,"Castle Hayne","New Hanover",34.364167,-77.838611,31,29
2024-10-27,2024,10,"Clemmons Middle","Forsyth",36.026612,-80.341962,35,29
2024-10-27,2024,10,"Durham Armory","Durham",36.0329550008979,-78.904037,36,27
2024-10-27,2024,10,"Frying Pan Mountain","Haywood",35.379167,-82.7925,NA,38
2024-10-27,2024,10,"Garinger High School","Mecklenburg",35.2401000008895,-80.785683,44,30
2024-10-27,2024,10,"Hattie Avenue","Forsyth",36.11094,-80.224501,35.5,30
2024-10-27,2024,10,"Leggett","Edgecombe",35.988278,-77.5843,36,25
2024-10-27,2024,10,"Mendenhall School","Guilford",36.1090060008986,-79.802314,40,26
2024-10-27,2024,10,"Millbrook School","Wake",35.856111,-78.574167,34.5,27
2024-10-27,2024,10,"Pitt Agri. Center","Pitt",35.6412760008938,-77.360126,24,25
2024-10-27,2024,10,"West Johnston Co.","Johnston",35.59095,-78.4622,38,30
2024-10-28,2024,10,"Bryson City","Swain",35.434767,-83.442133,34,37
2024-10-28,2024,10,"Castle Hayne","New Hanover",34.364167,-77.838611,28,35
2024-10-28,2024,10,"Clemmons Middle","Forsyth",36.026612,-80.341962,47,36
2024-10-28,2024,10,"Durham Armory","Durham",36.0329550008979,-78.904037,47,35
2024-10-28,2024,10,"Frying Pan Mountain","Haywood",35.379167,-82.7925,NA,58
2024-10-28,2024,10,"Garinger High School","Mecklenburg",35.2401000008895,-80.785683,54,41
2024-10-28,2024,10,"Hattie Avenue","Forsyth",36.11094,-80.224501,53,38
2024-10-28,2024,10,"Leggett","Edgecombe",35.988278,-77.5843,26,36
2024-10-28,2024,10,"Mendenhall School","Guilford",36.1090060008986,-79.802314,48,36
2024-10-28,2024,10,"Millbrook School","Wake",35.856111,-78.574167,48,36
2024-10-28,2024,10,"Pitt Agri. Center","Pitt",35.6412760008938,-77.360126,22,37
2024-10-28,2024,10,"West Johnston Co.","Johnston",35.59095,-78.4622,37,39
2024-10-29,2024,10,"Bryson City","Swain",35.434767,-83.442133,42,37
2024-10-29,2024,10,"Castle Hayne","New Hanover",34.364167,-77.838611,25,31
2024-10-29,2024,10,"Clemmons Middle","Forsyth",36.026612,-80.341962,54,44
2024-10-29,2024,10,"Durham Armory","Durham",36.0329550008979,-78.904037,52,38
2024-10-29,2024,10,"Frying Pan Mountain","Haywood",35.379167,-82.7925,NA,44
2024-10-29,2024,10,"Garinger High School","Mecklenburg",35.2401000008895,-80.785683,54,37
2024-10-29,2024,10,"Hattie Avenue","Forsyth",36.11094,-80.224501,58,44
2024-10-29,2024,10,"Leggett","Edgecombe",35.988278,-77.5843,34,35
2024-10-29,2024,10,"Mendenhall School","Guilford",36.1090060008986,-79.802314,52,42
2024-10-29,2024,10,"Millbrook School","Wake",35.856111,-78.574167,51,36
2024-10-29,2024,10,"Pitt Agri. Center","Pitt",35.6412760008938,-77.360126,36,33
2024-10-29,2024,10,"West Johnston Co.","Johnston",35.59095,-78.4622,56,35
2024-10-30,2024,10,"Bryson City","Swain",35.434767,-83.442133,33,35
2024-10-30,2024,10,"Castle Hayne","New Hanover",34.364167,-77.838611,27,40
2024-10-30,2024,10,"Clemmons Middle","Forsyth",36.026612,-80.341962,52,41
2024-10-30,2024,10,"Durham Armory","Durham",36.0329550008979,-78.904037,48,34
2024-10-30,2024,10,"Frying Pan Mountain","Haywood",35.379167,-82.7925,7,33
2024-10-30,2024,10,"Garinger High School","Mecklenburg",35.2401000008895,-80.785683,55,37
2024-10-30,2024,10,"Hattie Avenue","Forsyth",36.11094,-80.224501,56,39
2024-10-30,2024,10,"Leggett","Edgecombe",35.988278,-77.5843,37,31
2024-10-30,2024,10,"Mendenhall School","Guilford",36.1090060008986,-79.802314,52,38
2024-10-30,2024,10,"Millbrook School","Wake",35.856111,-78.574167,53.5,33
2024-10-30,2024,10,"Pitt Agri. Center","Pitt",35.6412760008938,-77.360126,40,31
2024-10-30,2024,10,"West Johnston Co.","Johnston",35.59095,-78.4622,53,37
2024-10-31,2024,10,"Bryson City","Swain",35.434767,-83.442133,28,36
2024-10-31,2024,10,"Castle Hayne","New Hanover",34.364167,-77.838611,17.5,36
2024-10-31,2024,10,"Clemmons Middle","Forsyth",36.026612,-80.341962,46,NA
2024-10-31,2024,10,"Durham Armory","Durham",36.0329550008979,-78.904037,42,33
2024-10-31,2024,10,"Frying Pan Mountain","Haywood",35.379167,-82.7925,NA,38
2024-10-31,2024,10,"Garinger High School","Mecklenburg",35.2401000008895,-80.785683,47,35
2024-10-31,2024,10,"Hattie Avenue","Forsyth",36.11094,-80.224501,49,NA
2024-10-31,2024,10,"Leggett","Edgecombe",35.988278,-77.5843,32,34
2024-10-31,2024,10,"Mendenhall School","Guilford",36.1090060008986,-79.802314,49,38
2024-10-31,2024,10,"Millbrook School","Wake",35.856111,-78.574167,38,34
2024-10-31,2024,10,"Pitt Agri. Center","Pitt",35.6412760008938,-77.360126,19,34
2024-10-31,2024,10,"West Johnston Co.","Johnston",35.59095,-78.4622,31,37
2024-11-01,2024,11,"Bryson City","Swain",35.434767,-83.442133,29,NA
2024-11-01,2024,11,"Castle Hayne","New Hanover",34.364167,-77.838611,16,NA
2024-11-01,2024,11,"Clemmons Middle","Forsyth",36.026612,-80.341962,44,NA
2024-11-01,2024,11,"Durham Armory","Durham",36.0329550008979,-78.904037,26,NA
2024-11-01,2024,11,"Frying Pan Mountain","Haywood",35.379167,-82.7925,NA,33
2024-11-01,2024,11,"Garinger High School","Mecklenburg",35.2401000008895,-80.785683,48,27
2024-11-01,2024,11,"Hattie Avenue","Forsyth",36.11094,-80.224501,50,NA
2024-11-01,2024,11,"Leggett","Edgecombe",35.988278,-77.5843,34,NA
2024-11-01,2024,11,"Mendenhall School","Guilford",36.1090060008986,-79.802314,42,NA
2024-11-01,2024,11,"Millbrook School","Wake",35.856111,-78.574167,36,31
2024-11-01,2024,11,"Pitt Agri. Center","Pitt",35.6412760008938,-77.360126,21,34
2024-11-01,2024,11,"West Johnston Co.","Johnston",35.59095,-78.4622,38,NA
2024-11-02,2024,11,"Bryson City","Swain",35.434767,-83.442133,24,NA
2024-11-02,2024,11,"Castle Hayne","New Hanover",34.364167,-77.838611,38,NA
2024-11-02,2024,11,"Clemmons Middle","Forsyth",36.026612,-80.341962,35.5,NA
2024-11-02,2024,11,"Durham Armory","Durham",36.0329550008979,-78.904037,37,NA
2024-11-02,2024,11,"Frying Pan Mountain","Haywood",35.379167,-82.7925,15,30
2024-11-02,2024,11,"Garinger High School","Mecklenburg",35.2401000008895,-80.785683,52.5,31
2024-11-02,2024,11,"Hattie Avenue","Forsyth",36.11094,-80.224501,37.5,NA
2024-11-02,2024,11,"Leggett","Edgecombe",35.988278,-77.5843,35,NA
2024-11-02,2024,11,"Mendenhall School","Guilford",36.1090060008986,-79.802314,37,NA
2024-11-02,2024,11,"Millbrook School","Wake",35.856111,-78.574167,43,34
2024-11-02,2024,11,"Pitt Agri. Center","Pitt",35.6412760008938,-77.360126,29,31
2024-11-02,2024,11,"West Johnston Co.","Johnston",35.59095,-78.4622,53,NA
2024-11-03,2024,11,"Bryson City","Swain",35.434767,-83.442133,38,NA
2024-11-03,2024,11,"Castle Hayne","New Hanover",34.364167,-77.838611,24.5,NA
2024-11-03,2024,11,"Clemmons Middle","Forsyth",36.026612,-80.341962,37,NA
2024-11-03,2024,11,"Durham Armory","Durham",36.0329550008979,-78.904037,44,NA
2024-11-03,2024,11,"Frying Pan Mountain","Haywood",35.379167,-82.7925,NA,38
2024-11-03,2024,11,"Garinger High School","Mecklenburg",35.2401000008895,-80.785683,52,36
2024-11-03,2024,11,"Hattie Avenue","Forsyth",36.11094,-80.224501,37,NA
2024-11-03,2024,11,"Leggett","Edgecombe",35.988278,-77.5843,38,NA
2024-11-03,2024,11,"Mendenhall School","Guilford",36.1090060008986,-79.802314,44,NA
2024-11-03,2024,11,"Millbrook School","Wake",35.856111,-78.574167,37,37
2024-11-03,2024,11,"Pitt Agri. Center","Pitt",35.6412760008938,-77.360126,22,36
2024-11-03,2024,11,"West Johnston Co.","Johnston",35.59095,-78.4622,37,NA
2024-11-04,2024,11,"Bryson City","Swain",35.434767,-83.442133,23,NA
2024-11-04,2024,11,"Castle Hayne","New Hanover",34.364167,-77.838611,25,NA
2024-11-04,2024,11,"Clemmons Middle","Forsyth",36.026612,-80.341962,33,NA
2024-11-04,2024,11,"Durham Armory","Durham",36.0329550008979,-78.904037,28,NA
2024-11-04,2024,11,"Frying Pan Mountain","Haywood",35.379167,-82.7925,NA,35
2024-11-04,2024,11,"Garinger High School","Mecklenburg",35.2401000008895,-80.785683,37,30
2024-11-04,2024,11,"Hattie Avenue","Forsyth",36.11094,-80.224501,33,NA
2024-11-04,2024,11,"Leggett","Edgecombe",35.988278,-77.5843,28,NA
2024-11-04,2024,11,"Mendenhall School","Guilford",36.1090060008986,-79.802314,37,NA
2024-11-04,2024,11,"Millbrook School","Wake",35.856111,-78.574167,34,31
2024-11-04,2024,11,"Pitt Agri. Center","Pitt",35.6412760008938,-77.360126,23,NA
2024-11-04,2024,11,"West Johnston Co.","Johnston",35.59095,-78.4622,26,NA
2024-11-05,2024,11,"Bryson City","Swain",35.434767,-83.442133,22,NA
2024-11-05,2024,11,"Castle Hayne","New Hanover",34.364167,-77.838611,27,NA
2024-11-05,2024,11,"Clemmons Middle","Forsyth",36.026612,-80.341962,41,NA
2024-11-05,2024,11,"Durham Armory","Durham",36.0329550008979,-78.904037,41,NA
2024-11-05,2024,11,"Frying Pan Mountain","Haywood",35.379167,-82.7925,1,29
2024-11-05,2024,11,"Garinger High School","Mecklenburg",35.2401000008895,-80.785683,44,20
2024-11-05,2024,11,"Hattie Avenue","Forsyth",36.11094,-80.224501,43.5,NA
2024-11-05,2024,11,"Leggett","Edgecombe",35.988278,-77.5843,26,NA
2024-11-05,2024,11,"Mendenhall School","Guilford",36.1090060008986,-79.802314,47,NA
2024-11-05,2024,11,"Millbrook School","Wake",35.856111,-78.574167,40.5,31
2024-11-05,2024,11,"Pitt Agri. Center","Pitt",35.6412760008938,-77.360126,17,NA
2024-11-05,2024,11,"West Johnston Co.","Johnston",35.59095,-78.4622,31,NA
2024-11-06,2024,11,"Bryson City","Swain",35.434767,-83.442133,23,NA
2024-11-06,2024,11,"Castle Hayne","New Hanover",34.364167,-77.838611,28,NA
2024-11-06,2024,11,"Clemmons Middle","Forsyth",36.026612,-80.341962,44,NA
2024-11-06,2024,11,"Durham Armory","Durham",36.0329550008979,-78.904037,37,NA
2024-11-06,2024,11,"Frying Pan Mountain","Haywood",35.379167,-82.7925,NA,28
2024-11-06,2024,11,"Garinger High School","Mecklenburg",35.2401000008895,-80.785683,31,23
2024-11-06,2024,11,"Hattie Avenue","Forsyth",36.11094,-80.224501,46,NA
2024-11-06,2024,11,"Leggett","Edgecombe",35.988278,-77.5843,35,NA
2024-11-06,2024,11,"Mendenhall School","Guilford",36.1090060008986,-79.802314,47,NA
2024-11-06,2024,11,"Millbrook School","Wake",35.856111,-78.574167,45,29
2024-11-06,2024,11,"Pitt Agri. Center","Pitt",35.6412760008938,-77.360126,32,NA
2024-11-06,2024,11,"West Johnston Co.","Johnston",35.59095,-78.4622,51,NA
2024-11-07,2024,11,"Bryson City","Swain",35.434767,-83.442133,24,NA
2024-11-07,2024,11,"Castle Hayne","New Hanover",34.364167,-77.838611,32,NA
2024-11-07,2024,11,"Clemmons Middle","Forsyth",36.026612,-80.341962,29,NA
2024-11-07,2024,11,"Durham Armory","Durham",36.0329550008979,-78.904037,52,NA
2024-11-07,2024,11,"Frying Pan Mountain","Haywood",35.379167,-82.7925,NA,31
2024-11-07,2024,11,"Garinger High School","Mecklenburg",35.2401000008895,-80.785683,24,24
2024-11-07,2024,11,"Hattie Avenue","Forsyth",36.11094,-80.224501,32,NA
2024-11-07,2024,11,"Leggett","Edgecombe",35.988278,-77.5843,44,NA
2024-11-07,2024,11,"Mendenhall School","Guilford",36.1090060008986,-79.802314,33,NA
2024-11-07,2024,11,"Millbrook School","Wake",35.856111,-78.574167,48,25
2024-11-07,2024,11,"Pitt Agri. Center","Pitt",35.6412760008938,-77.360126,40,NA
2024-11-07,2024,11,"West Johnston Co.","Johnston",35.59095,-78.4622,52,NA
2024-11-08,2024,11,"Bryson City","Swain",35.434767,-83.442133,22,NA
2024-11-08,2024,11,"Castle Hayne","New Hanover",34.364167,-77.838611,37,NA
2024-11-08,2024,11,"Clemmons Middle","Forsyth",36.026612,-80.341962,39.5,NA
2024-11-08,2024,11,"Durham Armory","Durham",36.0329550008979,-78.904037,56,NA
2024-11-08,2024,11,"Frying Pan Mountain","Haywood",35.379167,-82.7925,18,33
2024-11-08,2024,11,"Garinger High School","Mecklenburg",35.2401000008895,-80.785683,43,27
2024-11-08,2024,11,"Hattie Avenue","Forsyth",36.11094,-80.224501,47,NA
2024-11-08,2024,11,"Leggett","Edgecombe",35.988278,-77.5843,57,NA
2024-11-08,2024,11,"Linville Falls","Avery",35.972347,-81.933072,27,NA
2024-11-08,2024,11,"Mendenhall School","Guilford",36.1090060008986,-79.802314,45,NA
2024-11-08,2024,11,"Millbrook School","Wake",35.856111,-78.574167,58,27
2024-11-08,2024,11,"Pitt Agri. Center","Pitt",35.6412760008938,-77.360126,55,NA
2024-11-08,2024,11,"West Johnston Co.","Johnston",35.59095,-78.4622,56,NA
2024-11-09,2024,11,"Bryson City","Swain",35.434767,-83.442133,33,NA
2024-11-09,2024,11,"Castle Hayne","New Hanover",34.364167,-77.838611,36,NA
2024-11-09,2024,11,"Clemmons Middle","Forsyth",36.026612,-80.341962,33,NA
2024-11-09,2024,11,"Durham Armory","Durham",36.0329550008979,-78.904037,42,NA
2024-11-09,2024,11,"Frying Pan Mountain","Haywood",35.379167,-82.7925,NA,36
2024-11-09,2024,11,"Garinger High School","Mecklenburg",35.2401000008895,-80.785683,31,37
2024-11-09,2024,11,"Hattie Avenue","Forsyth",36.11094,-80.224501,26,NA
2024-11-09,2024,11,"Leggett","Edgecombe",35.988278,-77.5843,26,NA
2024-11-09,2024,11,"Mendenhall School","Guilford",36.1090060008986,-79.802314,36,NA
2024-11-09,2024,11,"Millbrook School","Wake",35.856111,-78.574167,35,34
2024-11-09,2024,11,"Pitt Agri. Center","Pitt",35.6412760008938,-77.360126,22,NA
2024-11-09,2024,11,"West Johnston Co.","Johnston",35.59095,-78.4622,33,NA
2024-11-10,2024,11,"Bryson City","Swain",35.434767,-83.442133,39,NA
2024-11-10,2024,11,"Castle Hayne","New Hanover",34.364167,-77.838611,18.5,NA
2024-11-10,2024,11,"Clemmons Middle","Forsyth",36.026612,-80.341962,44,NA
2024-11-10,2024,11,"Durham Armory","Durham",36.0329550008979,-78.904037,46,NA
2024-11-10,2024,11,"Frying Pan Mountain","Haywood",35.379167,-82.7925,NA,35
2024-11-10,2024,11,"Garinger High School","Mecklenburg",35.2401000008895,-80.785683,47,23
2024-11-10,2024,11,"Hattie Avenue","Forsyth",36.11094,-80.224501,36,NA
2024-11-10,2024,11,"Leggett","Edgecombe",35.988278,-77.5843,31,NA
2024-11-10,2024,11,"Mendenhall School","Guilford",36.1090060008986,-79.802314,46,NA
2024-11-10,2024,11,"Millbrook School","Wake",35.856111,-78.574167,47,26
2024-11-10,2024,11,"Pitt Agri. Center","Pitt",35.6412760008938,-77.360126,21,NA
2024-11-10,2024,11,"West Johnston Co.","Johnston",35.59095,-78.4622,44,NA
2024-11-11,2024,11,"Bryson City","Swain",35.434767,-83.442133,24,NA
2024-11-11,2024,11,"Castle Hayne","New Hanover",34.364167,-77.838611,22,NA
2024-11-11,2024,11,"Clemmons Middle","Forsyth",36.026612,-80.341962,46,NA
2024-11-11,2024,11,"Durham Armory","Durham",36.0329550008979,-78.904037,42,NA
2024-11-11,2024,11,"Frying Pan Mountain","Haywood",35.379167,-82.7925,10,39
2024-11-11,2024,11,"Garinger High School","Mecklenburg",35.2401000008895,-80.785683,44.5,14
2024-11-11,2024,11,"Hattie Avenue","Forsyth",36.11094,-80.224501,34,NA
2024-11-11,2024,11,"Leggett","Edgecombe",35.988278,-77.5843,29,NA
2024-11-11,2024,11,"Linville Falls","Avery",35.972347,-81.933072,13,NA
2024-11-11,2024,11,"Mendenhall School","Guilford",36.1090060008986,-79.802314,47,NA
2024-11-11,2024,11,"Millbrook School","Wake",35.856111,-78.574167,48,19
2024-11-11,2024,11,"Pitt Agri. Center","Pitt",35.6412760008938,-77.360126,26,NA
2024-11-11,2024,11,"West Johnston Co.","Johnston",35.59095,-78.4622,40,NA
2024-11-12,2024,11,"Bryson City","Swain",35.434767,-83.442133,24,NA
2024-11-12,2024,11,"Castle Hayne","New Hanover",34.364167,-77.838611,39.5,NA
2024-11-12,2024,11,"Clemmons Middle","Forsyth",36.026612,-80.341962,25,NA
2024-11-12,2024,11,"Durham Armory","Durham",36.0329550008979,-78.904037,20,NA
2024-11-12,2024,11,"Frying Pan Mountain","Haywood",35.379167,-82.7925,NA,44
2024-11-12,2024,11,"Garinger High School","Mecklenburg",35.2401000008895,-80.785683,34,35
2024-11-12,2024,11,"Hattie Avenue","Forsyth",36.11094,-80.224501,24,NA
2024-11-12,2024,11,"Leggett","Edgecombe",35.988278,-77.5843,22,NA
2024-11-12,2024,11,"Mendenhall School","Guilford",36.1090060008986,-79.802314,24,NA
2024-11-12,2024,11,"Millbrook School","Wake",35.856111,-78.574167,27,33
2024-11-12,2024,11,"Pitt Agri. Center","Pitt",35.6412760008938,-77.360126,25,NA
2024-11-12,2024,11,"West Johnston Co.","Johnston",35.59095,-78.4622,29,NA
2024-11-13,2024,11,"Bryson City","Swain",35.434767,-83.442133,16,NA
2024-11-13,2024,11,"Castle Hayne","New Hanover",34.364167,-77.838611,28.5,NA
2024-11-13,2024,11,"Clemmons Middle","Forsyth",36.026612,-80.341962,16,NA
2024-11-13,2024,11,"Durham Armory","Durham",36.0329550008979,-78.904037,19,NA
2024-11-13,2024,11,"Frying Pan Mountain","Haywood",35.379167,-82.7925,NA,31
2024-11-13,2024,11,"Garinger High School","Mecklenburg",35.2401000008895,-80.785683,27,31
2024-11-13,2024,11,"Hattie Avenue","Forsyth",36.11094,-80.224501,13,NA
2024-11-13,2024,11,"Leggett","Edgecombe",35.988278,-77.5843,27,NA
2024-11-13,2024,11,"Mendenhall School","Guilford",36.1090060008986,-79.802314,18,NA
2024-11-13,2024,11,"Millbrook School","Wake",35.856111,-78.574167,23,31
2024-11-13,2024,11,"Pitt Agri. Center","Pitt",35.6412760008938,-77.360126,11,NA
2024-11-13,2024,11,"West Johnston Co.","Johnston",35.59095,-78.4622,19,NA
2024-11-14,2024,11,"Bryson City","Swain",35.434767,-83.442133,20,NA
2024-11-14,2024,11,"Castle Hayne","New Hanover",34.364167,-77.838611,19.5,NA
2024-11-14,2024,11,"Clemmons Middle","Forsyth",36.026612,-80.341962,25,NA
2024-11-14,2024,11,"Durham Armory","Durham",36.0329550008979,-78.904037,33,NA
2024-11-14,2024,11,"Frying Pan Mountain","Haywood",35.379167,-82.7925,5,33
2024-11-14,2024,11,"Garinger High School","Mecklenburg",35.2401000008895,-80.785683,22.5,19
2024-11-14,2024,11,"Hattie Avenue","Forsyth",36.11094,-80.224501,20.5,NA
2024-11-14,2024,11,"Leggett","Edgecombe",35.988278,-77.5843,21,NA
2024-11-14,2024,11,"Linville Falls","Avery",35.972347,-81.933072,12,NA
2024-11-14,2024,11,"Mendenhall School","Guilford",36.1090060008986,-79.802314,27,NA
2024-11-14,2024,11,"Millbrook School","Wake",35.856111,-78.574167,27.5,24
2024-11-14,2024,11,"Pitt Agri. Center","Pitt",35.6412760008938,-77.360126,15,NA
2024-11-14,2024,11,"West Johnston Co.","Johnston",35.59095,-78.4622,29,NA
2024-11-15,2024,11,"Bryson City","Swain",35.434767,-83.442133,14,NA
2024-11-15,2024,11,"Castle Hayne","New Hanover",34.364167,-77.838611,17,NA
2024-11-15,2024,11,"Clemmons Middle","Forsyth",36.026612,-80.341962,20,NA
2024-11-15,2024,11,"Durham Armory","Durham",36.0329550008979,-78.904037,21,NA
2024-11-15,2024,11,"Frying Pan Mountain","Haywood",35.379167,-82.7925,NA,42
2024-11-15,2024,11,"Garinger High School","Mecklenburg",35.2401000008895,-80.785683,23,24
2024-11-15,2024,11,"Hattie Avenue","Forsyth",36.11094,-80.224501,16,NA
2024-11-15,2024,11,"Leggett","Edgecombe",35.988278,-77.5843,7,NA
2024-11-15,2024,11,"Mendenhall School","Guilford",36.1090060008986,-79.802314,13,NA
2024-11-15,2024,11,"Millbrook School","Wake",35.856111,-78.574167,22,27
2024-11-15,2024,11,"Pitt Agri. Center","Pitt",35.6412760008938,-77.360126,4,NA
2024-11-15,2024,11,"West Johnston Co.","Johnston",35.59095,-78.4622,10,NA
2024-11-16,2024,11,"Bryson City","Swain",35.434767,-83.442133,12,NA
2024-11-16,2024,11,"Castle Hayne","New Hanover",34.364167,-77.838611,28.5,NA
2024-11-16,2024,11,"Clemmons Middle","Forsyth",36.026612,-80.341962,25,NA
2024-11-16,2024,11,"Durham Armory","Durham",36.0329550008979,-78.904037,19,NA
2024-11-16,2024,11,"Frying Pan Mountain","Haywood",35.379167,-82.7925,NA,61
2024-11-16,2024,11,"Garinger High School","Mecklenburg",35.2401000008895,-80.785683,52,27
2024-11-16,2024,11,"Hattie Avenue","Forsyth",36.11094,-80.224501,28,NA
2024-11-16,2024,11,"Leggett","Edgecombe",35.988278,-77.5843,13,NA
2024-11-16,2024,11,"Mendenhall School","Guilford",36.1090060008986,-79.802314,37,NA
2024-11-16,2024,11,"Millbrook School","Wake",35.856111,-78.574167,25,28
2024-11-16,2024,11,"Pitt Agri. Center","Pitt",35.6412760008938,-77.360126,15,NA
2024-11-16,2024,11,"West Johnston Co.","Johnston",35.59095,-78.4622,38,NA
2024-11-17,2024,11,"Bryson City","Swain",35.434767,-83.442133,23,NA
2024-11-17,2024,11,"Castle Hayne","New Hanover",34.364167,-77.838611,39.5,NA
2024-11-17,2024,11,"Clemmons Middle","Forsyth",36.026612,-80.341962,56,NA
2024-11-17,2024,11,"Durham Armory","Durham",36.0329550008979,-78.904037,51,NA
2024-11-17,2024,11,"Frying Pan Mountain","Haywood",35.379167,-82.7925,6,48
2024-11-17,2024,11,"Garinger High School","Mecklenburg",35.2401000008895,-80.785683,66,33
2024-11-17,2024,11,"Hattie Avenue","Forsyth",36.11094,-80.224501,47.5,NA
2024-11-17,2024,11,"Leggett","Edgecombe",35.988278,-77.5843,27,NA
2024-11-17,2024,11,"Linville Falls","Avery",35.972347,-81.933072,19,NA
2024-11-17,2024,11,"Mendenhall School","Guilford",36.1090060008986,-79.802314,53,NA
2024-11-17,2024,11,"Millbrook School","Wake",35.856111,-78.574167,54.5,31
2024-11-17,2024,11,"Pitt Agri. Center","Pitt",35.6412760008938,-77.360126,27,NA
2024-11-17,2024,11,"West Johnston Co.","Johnston",35.59095,-78.4622,46,NA
2024-11-18,2024,11,"Bryson City","Swain",35.434767,-83.442133,51,NA
2024-11-18,2024,11,"Clemmons Middle","Forsyth",36.026612,-80.341962,58,NA
2024-11-18,2024,11,"Durham Armory","Durham",36.0329550008979,-78.904037,54,NA
2024-11-18,2024,11,"Frying Pan Mountain","Haywood",35.379167,-82.7925,NA,45
2024-11-18,2024,11,"Garinger High School","Mecklenburg",35.2401000008895,-80.785683,63,33
2024-11-18,2024,11,"Hattie Avenue","Forsyth",36.11094,-80.224501,55,NA
2024-11-18,2024,11,"Mendenhall School","Guilford",36.1090060008986,-79.802314,59,NA
2024-11-18,2024,11,"Millbrook School","Wake",35.856111,-78.574167,56,32
2024-11-18,2024,11,"Pitt Agri. Center","Pitt",35.6412760008938,-77.360126,47,NA
2024-11-18,2024,11,"West Johnston Co.","Johnston",35.59095,-78.4622,50,NA
2024-11-19,2024,11,"Bryson City","Swain",35.434767,-83.442133,60,NA
2024-11-19,2024,11,"Castle Hayne","New Hanover",34.364167,-77.838611,60.5,NA
2024-11-19,2024,11,"Clemmons Middle","Forsyth",36.026612,-80.341962,56,NA
2024-11-19,2024,11,"Durham Armory","Durham",36.0329550008979,-78.904037,60,NA
2024-11-19,2024,11,"Frying Pan Mountain","Haywood",35.379167,-82.7925,NA,40
2024-11-19,2024,11,"Garinger High School","Mecklenburg",35.2401000008895,-80.785683,59,27
2024-11-19,2024,11,"Hattie Avenue","Forsyth",36.11094,-80.224501,55,NA
2024-11-19,2024,11,"Mendenhall School","Guilford",36.1090060008986,-79.802314,58,NA
2024-11-19,2024,11,"Millbrook School","Wake",35.856111,-78.574167,66,29
2024-11-19,2024,11,"Pitt Agri. Center","Pitt",35.6412760008938,-77.360126,60,NA
2024-11-19,2024,11,"West Johnston Co.","Johnston",35.59095,-78.4622,67,NA
2024-11-20,2024,11,"Bryson City","Swain",35.434767,-83.442133,31,NA
2024-11-20,2024,11,"Castle Hayne","New Hanover",34.364167,-77.838611,39,NA
2024-11-20,2024,11,"Clemmons Middle","Forsyth",36.026612,-80.341962,42,NA
2024-11-20,2024,11,"Durham Armory","Durham",36.0329550008979,-78.904037,53,NA
2024-11-20,2024,11,"Frying Pan Mountain","Haywood",35.379167,-82.7925,NA,34
2024-11-20,2024,11,"Garinger High School","Mecklenburg",35.2401000008895,-80.785683,35,23
2024-11-20,2024,11,"Hattie Avenue","Forsyth",36.11094,-80.224501,34.5,NA
2024-11-20,2024,11,"Leggett","Edgecombe",35.988278,-77.5843,48,NA
2024-11-20,2024,11,"Mendenhall School","Guilford",36.1090060008986,-79.802314,43,NA
2024-11-20,2024,11,"Millbrook School","Wake",35.856111,-78.574167,50,31
2024-11-20,2024,11,"Pitt Agri. Center","Pitt",35.6412760008938,-77.360126,49,NA
2024-11-20,2024,11,"West Johnston Co.","Johnston",35.59095,-78.4622,52,NA
2024-11-21,2024,11,"Bryson City","Swain",35.434767,-83.442133,6,NA
2024-11-21,2024,11,"Castle Hayne","New Hanover",34.364167,-77.838611,19,NA
2024-11-21,2024,11,"Clemmons Middle","Forsyth",36.026612,-80.341962,12,NA
2024-11-21,2024,11,"Frying Pan Mountain","Haywood",35.379167,-82.7925,NA,35
2024-11-21,2024,11,"Garinger High School","Mecklenburg",35.2401000008895,-80.785683,12,31
2024-11-21,2024,11,"Hattie Avenue","Forsyth",36.11094,-80.224501,10,NA
2024-11-21,2024,11,"Leggett","Edgecombe",35.988278,-77.5843,9,NA
2024-11-21,2024,11,"Mendenhall School","Guilford",36.1090060008986,-79.802314,12,NA
2024-11-21,2024,11,"Millbrook School","Wake",35.856111,-78.574167,12,33
2024-11-21,2024,11,"Pitt Agri. Center","Pitt",35.6412760008938,-77.360126,0,NA
2024-11-21,2024,11,"West Johnston Co.","Johnston",35.59095,-78.4622,6,NA
2024-11-22,2024,11,"Bryson City","Swain",35.434767,-83.442133,8,NA
2024-11-22,2024,11,"Castle Hayne","New Hanover",34.364167,-77.838611,25,NA
2024-11-22,2024,11,"Clemmons Middle","Forsyth",36.026612,-80.341962,11,NA
2024-11-22,2024,11,"Durham Armory","Durham",36.0329550008979,-78.904037,17,NA
2024-11-22,2024,11,"Frying Pan Mountain","Haywood",35.379167,-82.7925,NA,25
2024-11-22,2024,11,"Garinger High School","Mecklenburg",35.2401000008895,-80.785683,9,18
2024-11-22,2024,11,"Hattie Avenue","Forsyth",36.11094,-80.224501,12,NA
2024-11-22,2024,11,"Leggett","Edgecombe",35.988278,-77.5843,11,NA
2024-11-22,2024,11,"Mendenhall School","Guilford",36.1090060008986,-79.802314,5,NA
2024-11-22,2024,11,"Millbrook School","Wake",35.856111,-78.574167,10,18
2024-11-22,2024,11,"Pitt Agri. Center","Pitt",35.6412760008938,-77.360126,0,NA
2024-11-22,2024,11,"West Johnston Co.","Johnston",35.59095,-78.4622,1,NA
2024-11-23,2024,11,"Bryson City","Swain",35.434767,-83.442133,7,NA
2024-11-23,2024,11,"Castle Hayne","New Hanover",34.364167,-77.838611,19.5,NA
2024-11-23,2024,11,"Clemmons Middle","Forsyth",36.026612,-80.341962,7,NA
2024-11-23,2024,11,"Durham Armory","Durham",36.0329550008979,-78.904037,18,NA
2024-11-23,2024,11,"Frying Pan Mountain","Haywood",35.379167,-82.7925,2,44
2024-11-23,2024,11,"Garinger High School","Mecklenburg",35.2401000008895,-80.785683,43,23
2024-11-23,2024,11,"Hattie Avenue","Forsyth",36.11094,-80.224501,7.5,NA
2024-11-23,2024,11,"Leggett","Edgecombe",35.988278,-77.5843,6,NA
2024-11-23,2024,11,"Mendenhall School","Guilford",36.1090060008986,-79.802314,9,NA
2024-11-23,2024,11,"Millbrook School","Wake",35.856111,-78.574167,11.5,20
2024-11-23,2024,11,"Pitt Agri. Center","Pitt",35.6412760008938,-77.360126,0,NA
2024-11-23,2024,11,"West Johnston Co.","Johnston",35.59095,-78.4622,12,NA
2024-11-24,2024,11,"Bryson City","Swain",35.434767,-83.442133,26,NA
2024-11-24,2024,11,"Castle Hayne","New Hanover",34.364167,-77.838611,32.5,NA
2024-11-24,2024,11,"Clemmons Middle","Forsyth",36.026612,-80.341962,29,NA
2024-11-24,2024,11,"Durham Armory","Durham",36.0329550008979,-78.904037,42,NA
2024-11-24,2024,11,"Frying Pan Mountain","Haywood",35.379167,-82.7925,NA,46
2024-11-24,2024,11,"Garinger High School","Mecklenburg",35.2401000008895,-80.785683,72,29
2024-11-24,2024,11,"Hattie Avenue","Forsyth",36.11094,-80.224501,44,NA
2024-11-24,2024,11,"Leggett","Edgecombe",35.988278,-77.5843,20,NA
2024-11-24,2024,11,"Mendenhall School","Guilford",36.1090060008986,-79.802314,46,NA
2024-11-24,2024,11,"Millbrook School","Wake",35.856111,-78.574167,36,24
2024-11-24,2024,11,"Pitt Agri. Center","Pitt",35.6412760008938,-77.360126,22,NA
2024-11-24,2024,11,"West Johnston Co.","Johnston",35.59095,-78.4622,18,NA
2024-11-25,2024,11,"Bryson City","Swain",35.434767,-83.442133,31,NA
2024-11-25,2024,11,"Castle Hayne","New Hanover",34.364167,-77.838611,46,NA
2024-11-25,2024,11,"Clemmons Middle","Forsyth",36.026612,-80.341962,50,NA
2024-11-25,2024,11,"Durham Armory","Durham",36.0329550008979,-78.904037,56,NA
2024-11-25,2024,11,"Frying Pan Mountain","Haywood",35.379167,-82.7925,NA,43
2024-11-25,2024,11,"Garinger High School","Mecklenburg",35.2401000008895,-80.785683,55,32
2024-11-25,2024,11,"Hattie Avenue","Forsyth",36.11094,-80.224501,55,NA
2024-11-25,2024,11,"Leggett","Edgecombe",35.988278,-77.5843,44,NA
2024-11-25,2024,11,"Mendenhall School","Guilford",36.1090060008986,-79.802314,64,NA
2024-11-25,2024,11,"Millbrook School","Wake",35.856111,-78.574167,64,27
2024-11-25,2024,11,"Pitt Agri. Center","Pitt",35.6412760008938,-77.360126,51,NA
2024-11-25,2024,11,"West Johnston Co.","Johnston",35.59095,-78.4622,55,NA
2024-11-26,2024,11,"Bryson City","Swain",35.434767,-83.442133,37,NA
2024-11-26,2024,11,"Castle Hayne","New Hanover",34.364167,-77.838611,39,NA
2024-11-26,2024,11,"Clemmons Middle","Forsyth",36.026612,-80.341962,44,NA
2024-11-26,2024,11,"Durham Armory","Durham",36.0329550008979,-78.904037,55,NA
2024-11-26,2024,11,"Frying Pan Mountain","Haywood",35.379167,-82.7925,9,40
2024-11-26,2024,11,"Garinger High School","Mecklenburg",35.2401000008895,-80.785683,37,27
2024-11-26,2024,11,"Hattie Avenue","Forsyth",36.11094,-80.224501,46,NA
2024-11-26,2024,11,"Leggett","Edgecombe",35.988278,-77.5843,41,NA
2024-11-26,2024,11,"Mendenhall School","Guilford",36.1090060008986,-79.802314,50,NA
2024-11-26,2024,11,"Millbrook School","Wake",35.856111,-78.574167,52,28
2024-11-26,2024,11,"West Johnston Co.","Johnston",35.59095,-78.4622,52,NA
2024-11-27,2024,11,"Bryson City","Swain",35.434767,-83.442133,30,NA
2024-11-27,2024,11,"Castle Hayne","New Hanover",34.364167,-77.838611,42,NA
2024-11-27,2024,11,"Clemmons Middle","Forsyth",36.026612,-80.341962,51,NA
2024-11-27,2024,11,"Durham Armory","Durham",36.0329550008979,-78.904037,48,NA
2024-11-27,2024,11,"Garinger High School","Mecklenburg",35.2401000008895,-80.785683,52,26
2024-11-27,2024,11,"Hattie Avenue","Forsyth",36.11094,-80.224501,52,NA
2024-11-27,2024,11,"Leggett","Edgecombe",35.988278,-77.5843,24,NA
2024-11-27,2024,11,"Mendenhall School","Guilford",36.1090060008986,-79.802314,40,NA
2024-11-27,2024,11,"Millbrook School","Wake",35.856111,-78.574167,36,27
2024-11-27,2024,11,"West Johnston Co.","Johnston",35.59095,-78.4622,42,NA
2024-11-28,2024,11,"Bryson City","Swain",35.434767,-83.442133,21,NA
2024-11-28,2024,11,"Castle Hayne","New Hanover",34.364167,-77.838611,35.5,NA
2024-11-28,2024,11,"Clemmons Middle","Forsyth",36.026612,-80.341962,48,NA
2024-11-28,2024,11,"Durham Armory","Durham",36.0329550008979,-78.904037,53,NA
2024-11-28,2024,11,"Frying Pan Mountain","Haywood",35.379167,-82.7925,NA,31
2024-11-28,2024,11,"Garinger High School","Mecklenburg",35.2401000008895,-80.785683,44,26
2024-11-28,2024,11,"Hattie Avenue","Forsyth",36.11094,-80.224501,52,NA
2024-11-28,2024,11,"Leggett","Edgecombe",35.988278,-77.5843,30,NA
2024-11-28,2024,11,"Mendenhall School","Guilford",36.1090060008986,-79.802314,37,NA
2024-11-28,2024,11,"Millbrook School","Wake",35.856111,-78.574167,41,28
2024-11-28,2024,11,"West Johnston Co.","Johnston",35.59095,-78.4622,36,NA
2024-11-29,2024,11,"Bryson City","Swain",35.434767,-83.442133,22,NA
2024-11-29,2024,11,"Castle Hayne","New Hanover",34.364167,-77.838611,30.5,NA
2024-11-29,2024,11,"Clemmons Middle","Forsyth",36.026612,-80.341962,29,NA
2024-11-29,2024,11,"Durham Armory","Durham",36.0329550008979,-78.904037,27,NA
2024-11-29,2024,11,"Frying Pan Mountain","Haywood",35.379167,-82.7925,13,34
2024-11-29,2024,11,"Garinger High School","Mecklenburg",35.2401000008895,-80.785683,25.5,29
2024-11-29,2024,11,"Hattie Avenue","Forsyth",36.11094,-80.224501,32,NA
2024-11-29,2024,11,"Leggett","Edgecombe",35.988278,-77.5843,15,NA
2024-11-29,2024,11,"Linville Falls","Avery",35.972347,-81.933072,20,NA
2024-11-29,2024,11,"Mendenhall School","Guilford",36.1090060008986,-79.802314,22,NA
2024-11-29,2024,11,"Millbrook School","Wake",35.856111,-78.574167,21,31
2024-11-29,2024,11,"West Johnston Co.","Johnston",35.59095,-78.4622,15,NA
2024-11-30,2024,11,"Bryson City","Swain",35.434767,-83.442133,8,NA
2024-11-30,2024,11,"Castle Hayne","New Hanover",34.364167,-77.838611,29,NA
2024-11-30,2024,11,"Clemmons Middle","Forsyth",36.026612,-80.341962,27,NA
2024-11-30,2024,11,"Durham Armory","Durham",36.0329550008979,-78.904037,35,NA
2024-11-30,2024,11,"Garinger High School","Mecklenburg",35.2401000008895,-80.785683,48,33
2024-11-30,2024,11,"Hattie Avenue","Forsyth",36.11094,-80.224501,27,NA
2024-11-30,2024,11,"Leggett","Edgecombe",35.988278,-77.5843,19,NA
2024-11-30,2024,11,"Mendenhall School","Guilford",36.1090060008986,-79.802314,28,NA
2024-11-30,2024,11,"Millbrook School","Wake",35.856111,-78.574167,37,34
2024-11-30,2024,11,"West Johnston Co.","Johnston",35.59095,-78.4622,17,NA
2024-12-01,2024,12,"Bryson City","Swain",35.434767,-83.442133,22,NA
2024-12-01,2024,12,"Castle Hayne","New Hanover",34.364167,-77.838611,38,NA
2024-12-01,2024,12,"Clemmons Middle","Forsyth",36.026612,-80.341962,38,NA
2024-12-01,2024,12,"Durham Armory","Durham",36.0329550008979,-78.904037,47,NA
2024-12-01,2024,12,"Garinger High School","Mecklenburg",35.2401000008895,-80.785683,63,30
2024-12-01,2024,12,"Hattie Avenue","Forsyth",36.11094,-80.224501,34,NA
2024-12-01,2024,12,"Leggett","Edgecombe",35.988278,-77.5843,29,NA
2024-12-01,2024,12,"Mendenhall School","Guilford",36.1090060008986,-79.802314,32,NA
2024-12-01,2024,12,"Millbrook School","Wake",35.856111,-78.574167,53,31
2024-12-01,2024,12,"West Johnston Co.","Johnston",35.59095,-78.4622,43,NA
2024-12-02,2024,12,"Bryson City","Swain",35.434767,-83.442133,12,NA
2024-12-02,2024,12,"Castle Hayne","New Hanover",34.364167,-77.838611,31,NA
2024-12-02,2024,12,"Clemmons Middle","Forsyth",36.026612,-80.341962,24,NA
2024-12-02,2024,12,"Durham Armory","Durham",36.0329550008979,-78.904037,31,NA
2024-12-02,2024,12,"Frying Pan Mountain","Haywood",35.379167,-82.7925,12,NA
2024-12-02,2024,12,"Garinger High School","Mecklenburg",35.2401000008895,-80.785683,32,32
2024-12-02,2024,12,"Hattie Avenue","Forsyth",36.11094,-80.224501,33,NA
2024-12-02,2024,12,"Leggett","Edgecombe",35.988278,-77.5843,17,NA
2024-12-02,2024,12,"Linville Falls","Avery",35.972347,-81.933072,11,NA
2024-12-02,2024,12,"Mendenhall School","Guilford",36.1090060008986,-79.802314,19,NA
2024-12-02,2024,12,"Millbrook School","Wake",35.856111,-78.574167,22,33
2024-12-02,2024,12,"West Johnston Co.","Johnston",35.59095,-78.4622,11,NA
2024-12-03,2024,12,"Bryson City","Swain",35.434767,-83.442133,19,NA
2024-12-03,2024,12,"Castle Hayne","New Hanover",34.364167,-77.838611,36,NA
2024-12-03,2024,12,"Clemmons Middle","Forsyth",36.026612,-80.341962,33,NA
2024-12-03,2024,12,"Durham Armory","Durham",36.0329550008979,-78.904037,32,NA
2024-12-03,2024,12,"Garinger High School","Mecklenburg",35.2401000008895,-80.785683,29,26
2024-12-03,2024,12,"Hattie Avenue","Forsyth",36.11094,-80.224501,33,NA
2024-12-03,2024,12,"Leggett","Edgecombe",35.988278,-77.5843,17,NA
2024-12-03,2024,12,"Mendenhall School","Guilford",36.1090060008986,-79.802314,23,NA
2024-12-03,2024,12,"Millbrook School","Wake",35.856111,-78.574167,21.5,27
2024-12-03,2024,12,"West Johnston Co.","Johnston",35.59095,-78.4622,12,NA
2024-12-04,2024,12,"Bryson City","Swain",35.434767,-83.442133,47,NA
2024-12-04,2024,12,"Castle Hayne","New Hanover",34.364167,-77.838611,40,NA
2024-12-04,2024,12,"Clemmons Middle","Forsyth",36.026612,-80.341962,53,NA
2024-12-04,2024,12,"Durham Armory","Durham",36.0329550008979,-78.904037,51,NA
2024-12-04,2024,12,"Garinger High School","Mecklenburg",35.2401000008895,-80.785683,52,32
2024-12-04,2024,12,"Hattie Avenue","Forsyth",36.11094,-80.224501,55,NA
2024-12-04,2024,12,"Leggett","Edgecombe",35.988278,-77.5843,42,NA
2024-12-04,2024,12,"Mendenhall School","Guilford",36.1090060008986,-79.802314,52,NA
2024-12-04,2024,12,"Millbrook School","Wake",35.856111,-78.574167,52,31
2024-12-04,2024,12,"West Johnston Co.","Johnston",35.59095,-78.4622,35,NA
2024-12-05,2024,12,"Bryson City","Swain",35.434767,-83.442133,37,NA
2024-12-05,2024,12,"Castle Hayne","New Hanover",34.364167,-77.838611,50.5,NA
2024-12-05,2024,12,"Clemmons Middle","Forsyth",36.026612,-80.341962,47,NA
2024-12-05,2024,12,"Durham Armory","Durham",36.0329550008979,-78.904037,59,NA
2024-12-05,2024,12,"Garinger High School","Mecklenburg",35.2401000008895,-80.785683,47.5,35
2024-12-05,2024,12,"Hattie Avenue","Forsyth",36.11094,-80.224501,49,NA
2024-12-05,2024,12,"Leggett","Edgecombe",35.988278,-77.5843,44,NA
2024-12-05,2024,12,"Linville Falls","Avery",35.972347,-81.933072,16,NA
2024-12-05,2024,12,"Mendenhall School","Guilford",36.1090060008986,-79.802314,46,NA
2024-12-05,2024,12,"Millbrook School","Wake",35.856111,-78.574167,51.5,34
2024-12-05,2024,12,"West Johnston Co.","Johnston",35.59095,-78.4622,42,NA
2024-12-06,2024,12,"Bryson City","Swain",35.434767,-83.442133,21,NA
2024-12-06,2024,12,"Castle Hayne","New Hanover",34.364167,-77.838611,36,NA
2024-12-06,2024,12,"Clemmons Middle","Forsyth",36.026612,-80.341962,29,NA
2024-12-06,2024,12,"Durham Armory","Durham",36.0329550008979,-78.904037,46,NA
2024-12-06,2024,12,"Garinger High School","Mecklenburg",35.2401000008895,-80.785683,38,30
2024-12-06,2024,12,"Hattie Avenue","Forsyth",36.11094,-80.224501,26,NA
2024-12-06,2024,12,"Leggett","Edgecombe",35.988278,-77.5843,11,NA
2024-12-06,2024,12,"Mendenhall School","Guilford",36.1090060008986,-79.802314,26,NA
2024-12-06,2024,12,"Millbrook School","Wake",35.856111,-78.574167,28,28
2024-12-06,2024,12,"West Johnston Co.","Johnston",35.59095,-78.4622,10,NA
2024-12-07,2024,12,"Bryson City","Swain",35.434767,-83.442133,28,NA
2024-12-07,2024,12,"Castle Hayne","New Hanover",34.364167,-77.838611,36.5,NA
2024-12-07,2024,12,"Clemmons Middle","Forsyth",36.026612,-80.341962,50,NA
2024-12-07,2024,12,"Durham Armory","Durham",36.0329550008979,-78.904037,42,NA
2024-12-07,2024,12,"Garinger High School","Mecklenburg",35.2401000008895,-80.785683,63,31
2024-12-07,2024,12,"Hattie Avenue","Forsyth",36.11094,-80.224501,52,NA
2024-12-07,2024,12,"Leggett","Edgecombe",35.988278,-77.5843,24,NA
2024-12-07,2024,12,"Mendenhall School","Guilford",36.1090060008986,-79.802314,46,NA
2024-12-07,2024,12,"Millbrook School","Wake",35.856111,-78.574167,56,31
2024-12-07,2024,12,"West Johnston Co.","Johnston",35.59095,-78.4622,32,NA
2024-12-08,2024,12,"Bryson City","Swain",35.434767,-83.442133,33,NA
2024-12-08,2024,12,"Castle Hayne","New Hanover",34.364167,-77.838611,41.5,NA
2024-12-08,2024,12,"Clemmons Middle","Forsyth",36.026612,-80.341962,49.5,NA
2024-12-08,2024,12,"Durham Armory","Durham",36.0329550008979,-78.904037,57,NA
2024-12-08,2024,12,"Frying Pan Mountain","Haywood",35.379167,-82.7925,5,NA
2024-12-08,2024,12,"Garinger High School","Mecklenburg",35.2401000008895,-80.785683,52.5,34
2024-12-08,2024,12,"Hattie Avenue","Forsyth",36.11094,-80.224501,51.5,NA
2024-12-08,2024,12,"Leggett","Edgecombe",35.988278,-77.5843,53,NA
2024-12-08,2024,12,"Linville Falls","Avery",35.972347,-81.933072,6,NA
2024-12-08,2024,12,"Mendenhall School","Guilford",36.1090060008986,-79.802314,52,NA
2024-12-08,2024,12,"Millbrook School","Wake",35.856111,-78.574167,54,35
2024-12-08,2024,12,"West Johnston Co.","Johnston",35.59095,-78.4622,54,NA
2024-12-09,2024,12,"Bryson City","Swain",35.434767,-83.442133,32,NA
2024-12-09,2024,12,"Castle Hayne","New Hanover",34.364167,-77.838611,44.5,NA
2024-12-09,2024,12,"Clemmons Middle","Forsyth",36.026612,-80.341962,57,NA
2024-12-09,2024,12,"Durham Armory","Durham",36.0329550008979,-78.904037,56,NA
2024-12-09,2024,12,"Garinger High School","Mecklenburg",35.2401000008895,-80.785683,53,19
2024-12-09,2024,12,"Hattie Avenue","Forsyth",36.11094,-80.224501,57,NA
2024-12-09,2024,12,"Leggett","Edgecombe",35.988278,-77.5843,47,NA
2024-12-09,2024,12,"Mendenhall School","Guilford",36.1090060008986,-79.802314,56,NA
2024-12-09,2024,12,"Millbrook School","Wake",35.856111,-78.574167,49,27
2024-12-09,2024,12,"West Johnston Co.","Johnston",35.59095,-78.4622,58,NA
2024-12-10,2024,12,"Bryson City","Swain",35.434767,-83.442133,23,NA
2024-12-10,2024,12,"Castle Hayne","New Hanover",34.364167,-77.838611,24.5,NA
2024-12-10,2024,12,"Clemmons Middle","Forsyth",36.026612,-80.341962,58,NA
2024-12-10,2024,12,"Durham Armory","Durham",36.0329550008979,-78.904037,57,NA
2024-12-10,2024,12,"Garinger High School","Mecklenburg",35.2401000008895,-80.785683,45,27
2024-12-10,2024,12,"Hattie Avenue","Forsyth",36.11094,-80.224501,57,NA
2024-12-10,2024,12,"Leggett","Edgecombe",35.988278,-77.5843,57,NA
2024-12-10,2024,12,"Mendenhall School","Guilford",36.1090060008986,-79.802314,55,NA
2024-12-10,2024,12,"Millbrook School","Wake",35.856111,-78.574167,60,26
2024-12-10,2024,12,"Pitt Agri. Center","Pitt",35.6412760008938,-77.360126,52,NA
2024-12-10,2024,12,"West Johnston Co.","Johnston",35.59095,-78.4622,57,NA
2024-12-11,2024,12,"Bryson City","Swain",35.434767,-83.442133,10,NA
2024-12-11,2024,12,"Castle Hayne","New Hanover",34.364167,-77.838611,24.5,NA
2024-12-11,2024,12,"Clemmons Middle","Forsyth",36.026612,-80.341962,14,NA
2024-12-11,2024,12,"Durham Armory","Durham",36.0329550008979,-78.904037,21,NA
2024-12-11,2024,12,"Frying Pan Mountain","Haywood",35.379167,-82.7925,6,NA
2024-12-11,2024,12,"Garinger High School","Mecklenburg",35.2401000008895,-80.785683,17.5,26
2024-12-11,2024,12,"Hattie Avenue","Forsyth",36.11094,-80.224501,18.5,NA
2024-12-11,2024,12,"Leggett","Edgecombe",35.988278,-77.5843,18,NA
2024-12-11,2024,12,"Linville Falls","Avery",35.972347,-81.933072,6,NA
2024-12-11,2024,12,"Mendenhall School","Guilford",36.1090060008986,-79.802314,13,NA
2024-12-11,2024,12,"Millbrook School","Wake",35.856111,-78.574167,19.5,NA
2024-12-11,2024,12,"Pitt Agri. Center","Pitt",35.6412760008938,-77.360126,5,NA
2024-12-11,2024,12,"West Johnston Co.","Johnston",35.59095,-78.4622,14,NA
2024-12-12,2024,12,"Bryson City","Swain",35.434767,-83.442133,19,NA
2024-12-12,2024,12,"Castle Hayne","New Hanover",34.364167,-77.838611,32,NA
2024-12-12,2024,12,"Clemmons Middle","Forsyth",36.026612,-80.341962,22,NA
2024-12-12,2024,12,"Durham Armory","Durham",36.0329550008979,-78.904037,47,NA
2024-12-12,2024,12,"Garinger High School","Mecklenburg",35.2401000008895,-80.785683,42,31
2024-12-12,2024,12,"Hattie Avenue","Forsyth",36.11094,-80.224501,36,NA
2024-12-12,2024,12,"Leggett","Edgecombe",35.988278,-77.5843,22,NA
2024-12-12,2024,12,"Mendenhall School","Guilford",36.1090060008986,-79.802314,31,NA
2024-12-12,2024,12,"Millbrook School","Wake",35.856111,-78.574167,33,NA
2024-12-12,2024,12,"Pitt Agri. Center","Pitt",35.6412760008938,-77.360126,11,NA
2024-12-12,2024,12,"West Johnston Co.","Johnston",35.59095,-78.4622,8,NA
2024-12-13,2024,12,"Bryson City","Swain",35.434767,-83.442133,41,NA
2024-12-13,2024,12,"Castle Hayne","New Hanover",34.364167,-77.838611,42,NA
2024-12-13,2024,12,"Clemmons Middle","Forsyth",36.026612,-80.341962,51,NA
2024-12-13,2024,12,"Durham Armory","Durham",36.0329550008979,-78.904037,57,NA
2024-12-13,2024,12,"Garinger High School","Mecklenburg",35.2401000008895,-80.785683,56,24
2024-12-13,2024,12,"Hattie Avenue","Forsyth",36.11094,-80.224501,57,NA
2024-12-13,2024,12,"Leggett","Edgecombe",35.988278,-77.5843,33,NA
2024-12-13,2024,12,"Mendenhall School","Guilford",36.1090060008986,-79.802314,52,NA
2024-12-13,2024,12,"Millbrook School","Wake",35.856111,-78.574167,51,24
2024-12-13,2024,12,"Pitt Agri. Center","Pitt",35.6412760008938,-77.360126,33,NA
2024-12-13,2024,12,"West Johnston Co.","Johnston",35.59095,-78.4622,31,NA
2024-12-14,2024,12,"Bryson City","Swain",35.434767,-83.442133,29,NA
2024-12-14,2024,12,"Castle Hayne","New Hanover",34.364167,-77.838611,32,NA
2024-12-14,2024,12,"Clemmons Middle","Forsyth",36.026612,-80.341962,46.5,NA
2024-12-14,2024,12,"Durham Armory","Durham",36.0329550008979,-78.904037,55,NA
2024-12-14,2024,12,"Frying Pan Mountain","Haywood",35.379167,-82.7925,23,NA
2024-12-14,2024,12,"Garinger High School","Mecklenburg",35.2401000008895,-80.785683,55,23
2024-12-14,2024,12,"Hattie Avenue","Forsyth",36.11094,-80.224501,50.5,NA
2024-12-14,2024,12,"Leggett","Edgecombe",35.988278,-77.5843,34,NA
2024-12-14,2024,12,"Linville Falls","Avery",35.972347,-81.933072,26,NA
2024-12-14,2024,12,"Mendenhall School","Guilford",36.1090060008986,-79.802314,53,NA
2024-12-14,2024,12,"Millbrook School","Wake",35.856111,-78.574167,41.5,26
2024-12-14,2024,12,"Pitt Agri. Center","Pitt",35.6412760008938,-77.360126,21,NA
2024-12-14,2024,12,"West Johnston Co.","Johnston",35.59095,-78.4622,36,NA
2024-12-15,2024,12,"Bryson City","Swain",35.434767,-83.442133,19,NA
2024-12-15,2024,12,"Castle Hayne","New Hanover",34.364167,-77.838611,21.5,NA
2024-12-15,2024,12,"Clemmons Middle","Forsyth",36.026612,-80.341962,41,NA
2024-12-15,2024,12,"Durham Armory","Durham",36.0329550008979,-78.904037,44,NA
2024-12-15,2024,12,"Garinger High School","Mecklenburg",35.2401000008895,-80.785683,40,21
2024-12-15,2024,12,"Hattie Avenue","Forsyth",36.11094,-80.224501,42,NA
2024-12-15,2024,12,"Leggett","Edgecombe",35.988278,-77.5843,26,NA
2024-12-15,2024,12,"Mendenhall School","Guilford",36.1090060008986,-79.802314,29,NA
2024-12-15,2024,12,"Millbrook School","Wake",35.856111,-78.574167,29,27
2024-12-15,2024,12,"Pitt Agri. Center","Pitt",35.6412760008938,-77.360126,14,NA
2024-12-15,2024,12,"West Johnston Co.","Johnston",35.59095,-78.4622,27,NA
2024-12-16,2024,12,"Bryson City","Swain",35.434767,-83.442133,24,NA
2024-12-16,2024,12,"Castle Hayne","New Hanover",34.364167,-77.838611,19.5,NA
2024-12-16,2024,12,"Clemmons Middle","Forsyth",36.026612,-80.341962,44,NA
2024-12-16,2024,12,"Durham Armory","Durham",36.0329550008979,-78.904037,47,NA
2024-12-16,2024,12,"Garinger High School","Mecklenburg",35.2401000008895,-80.785683,42,14
2024-12-16,2024,12,"Hattie Avenue","Forsyth",36.11094,-80.224501,45,NA
2024-12-16,2024,12,"Leggett","Edgecombe",35.988278,-77.5843,23,NA
2024-12-16,2024,12,"Mendenhall School","Guilford",36.1090060008986,-79.802314,34,NA
2024-12-16,2024,12,"Millbrook School","Wake",35.856111,-78.574167,48,9
2024-12-16,2024,12,"Pitt Agri. Center","Pitt",35.6412760008938,-77.360126,22,NA
2024-12-16,2024,12,"West Johnston Co.","Johnston",35.59095,-78.4622,39,NA
2024-12-17,2024,12,"Bryson City","Swain",35.434767,-83.442133,17,NA
2024-12-17,2024,12,"Castle Hayne","New Hanover",34.364167,-77.838611,19,NA
2024-12-17,2024,12,"Clemmons Middle","Forsyth",36.026612,-80.341962,49,NA
2024-12-17,2024,12,"Durham Armory","Durham",36.0329550008979,-78.904037,56,NA
2024-12-17,2024,12,"Frying Pan Mountain","Haywood",35.379167,-82.7925,6,NA
2024-12-17,2024,12,"Garinger High School","Mecklenburg",35.2401000008895,-80.785683,51,23
2024-12-17,2024,12,"Hattie Avenue","Forsyth",36.11094,-80.224501,45.5,NA
2024-12-17,2024,12,"Leggett","Edgecombe",35.988278,-77.5843,34,NA
2024-12-17,2024,12,"Linville Falls","Avery",35.972347,-81.933072,13,NA
2024-12-17,2024,12,"Mendenhall School","Guilford",36.1090060008986,-79.802314,46,NA
2024-12-17,2024,12,"Millbrook School","Wake",35.856111,-78.574167,55,26
2024-12-17,2024,12,"Pitt Agri. Center","Pitt",35.6412760008938,-77.360126,28,NA
2024-12-17,2024,12,"West Johnston Co.","Johnston",35.59095,-78.4622,62,NA
2024-12-18,2024,12,"Bryson City","Swain",35.434767,-83.442133,26,NA
2024-12-18,2024,12,"Castle Hayne","New Hanover",34.364167,-77.838611,17,NA
2024-12-18,2024,12,"Clemmons Middle","Forsyth",36.026612,-80.341962,54,NA
2024-12-18,2024,12,"Durham Armory","Durham",36.0329550008979,-78.904037,53,NA
2024-12-18,2024,12,"Garinger High School","Mecklenburg",35.2401000008895,-80.785683,50,25
2024-12-18,2024,12,"Hattie Avenue","Forsyth",36.11094,-80.224501,51,NA
2024-12-18,2024,12,"Leggett","Edgecombe",35.988278,-77.5843,49,NA
2024-12-18,2024,12,"Mendenhall School","Guilford",36.1090060008986,-79.802314,52,NA
2024-12-18,2024,12,"Millbrook School","Wake",35.856111,-78.574167,55,21
2024-12-18,2024,12,"Pitt Agri. Center","Pitt",35.6412760008938,-77.360126,36,NA
2024-12-18,2024,12,"West Johnston Co.","Johnston",35.59095,-78.4622,55,NA
2024-12-19,2024,12,"Bryson City","Swain",35.434767,-83.442133,9,NA
2024-12-19,2024,12,"Castle Hayne","New Hanover",34.364167,-77.838611,25.5,NA
2024-12-19,2024,12,"Clemmons Middle","Forsyth",36.026612,-80.341962,17,NA
2024-12-19,2024,12,"Durham Armory","Durham",36.0329550008979,-78.904037,28,NA
2024-12-19,2024,12,"Garinger High School","Mecklenburg",35.2401000008895,-80.785683,26,26
2024-12-19,2024,12,"Hattie Avenue","Forsyth",36.11094,-80.224501,16,NA
2024-12-19,2024,12,"Leggett","Edgecombe",35.988278,-77.5843,12,NA
2024-12-19,2024,12,"Mendenhall School","Guilford",36.1090060008986,-79.802314,9,NA
2024-12-19,2024,12,"Millbrook School","Wake",35.856111,-78.574167,21,25
2024-12-19,2024,12,"Pitt Agri. Center","Pitt",35.6412760008938,-77.360126,10,NA
2024-12-19,2024,12,"West Johnston Co.","Johnston",35.59095,-78.4622,20,NA
2024-12-20,2024,12,"Bryson City","Swain",35.434767,-83.442133,17,NA
2024-12-20,2024,12,"Castle Hayne","New Hanover",34.364167,-77.838611,37,NA
2024-12-20,2024,12,"Clemmons Middle","Forsyth",36.026612,-80.341962,29,NA
2024-12-20,2024,12,"Durham Armory","Durham",36.0329550008979,-78.904037,48,NA
2024-12-20,2024,12,"Frying Pan Mountain","Haywood",35.379167,-82.7925,7,NA
2024-12-20,2024,12,"Garinger High School","Mecklenburg",35.2401000008895,-80.785683,34.5,21
2024-12-20,2024,12,"Hattie Avenue","Forsyth",36.11094,-80.224501,27.5,NA
2024-12-20,2024,12,"Leggett","Edgecombe",35.988278,-77.5843,24,NA
2024-12-20,2024,12,"Linville Falls","Avery",35.972347,-81.933072,13,NA
2024-12-20,2024,12,"Mendenhall School","Guilford",36.1090060008986,-79.802314,21,NA
2024-12-20,2024,12,"Millbrook School","Wake",35.856111,-78.574167,39.5,19
2024-12-20,2024,12,"Pitt Agri. Center","Pitt",35.6412760008938,-77.360126,21,NA
2024-12-20,2024,12,"West Johnston Co.","Johnston",35.59095,-78.4622,32,NA
2024-12-21,2024,12,"Bryson City","Swain",35.434767,-83.442133,21,NA
2024-12-21,2024,12,"Castle Hayne","New Hanover",34.364167,-77.838611,33,NA
2024-12-21,2024,12,"Clemmons Middle","Forsyth",36.026612,-80.341962,22,NA
2024-12-21,2024,12,"Durham Armory","Durham",36.0329550008979,-78.904037,26,NA
2024-12-21,2024,12,"Garinger High School","Mecklenburg",35.2401000008895,-80.785683,21,28
2024-12-21,2024,12,"Hattie Avenue","Forsyth",36.11094,-80.224501,13,NA
2024-12-21,2024,12,"Leggett","Edgecombe",35.988278,-77.5843,15,NA
2024-12-21,2024,12,"Mendenhall School","Guilford",36.1090060008986,-79.802314,7,NA
2024-12-21,2024,12,"Millbrook School","Wake",35.856111,-78.574167,12,27
2024-12-21,2024,12,"Pitt Agri. Center","Pitt",35.6412760008938,-77.360126,17,NA
2024-12-21,2024,12,"West Johnston Co.","Johnston",35.59095,-78.4622,0,NA
2024-12-22,2024,12,"Bryson City","Swain",35.434767,-83.442133,36,NA
2024-12-22,2024,12,"Castle Hayne","New Hanover",34.364167,-77.838611,26.5,NA
2024-12-22,2024,12,"Clemmons Middle","Forsyth",36.026612,-80.341962,29,NA
2024-12-22,2024,12,"Durham Armory","Durham",36.0329550008979,-78.904037,44,NA
2024-12-22,2024,12,"Garinger High School","Mecklenburg",35.2401000008895,-80.785683,27,32
2024-12-22,2024,12,"Hattie Avenue","Forsyth",36.11094,-80.224501,41,NA
2024-12-22,2024,12,"Leggett","Edgecombe",35.988278,-77.5843,15,NA
2024-12-22,2024,12,"Mendenhall School","Guilford",36.1090060008986,-79.802314,44,NA
2024-12-22,2024,12,"Millbrook School","Wake",35.856111,-78.574167,24,33
2024-12-22,2024,12,"Pitt Agri. Center","Pitt",35.6412760008938,-77.360126,11,NA
2024-12-22,2024,12,"West Johnston Co.","Johnston",35.59095,-78.4622,3,NA
2024-12-23,2024,12,"Bryson City","Swain",35.434767,-83.442133,51,NA
2024-12-23,2024,12,"Castle Hayne","New Hanover",34.364167,-77.838611,31.5,NA
2024-12-23,2024,12,"Clemmons Middle","Forsyth",36.026612,-80.341962,59,NA
2024-12-23,2024,12,"Durham Armory","Durham",36.0329550008979,-78.904037,57,NA
2024-12-23,2024,12,"Frying Pan Mountain","Haywood",35.379167,-82.7925,11,NA
2024-12-23,2024,12,"Garinger High School","Mecklenburg",35.2401000008895,-80.785683,52.5,32
2024-12-23,2024,12,"Hattie Avenue","Forsyth",36.11094,-80.224501,57.5,NA
2024-12-23,2024,12,"Leggett","Edgecombe",35.988278,-77.5843,21,NA
2024-12-23,2024,12,"Linville Falls","Avery",35.972347,-81.933072,23,NA
2024-12-23,2024,12,"Mendenhall School","Guilford",36.1090060008986,-79.802314,60,NA
2024-12-23,2024,12,"Millbrook School","Wake",35.856111,-78.574167,39.5,32
2024-12-23,2024,12,"Pitt Agri. Center","Pitt",35.6412760008938,-77.360126,14,NA
2024-12-23,2024,12,"West Johnston Co.","Johnston",35.59095,-78.4622,18,NA
2024-12-24,2024,12,"Bryson City","Swain",35.434767,-83.442133,63,NA
2024-12-24,2024,12,"Castle Hayne","New Hanover",34.364167,-77.838611,20,NA
2024-12-24,2024,12,"Clemmons Middle","Forsyth",36.026612,-80.341962,62,NA
2024-12-24,2024,12,"Durham Armory","Durham",36.0329550008979,-78.904037,58,NA
2024-12-24,2024,12,"Garinger High School","Mecklenburg",35.2401000008895,-80.785683,68,27
2024-12-24,2024,12,"Hattie Avenue","Forsyth",36.11094,-80.224501,61,NA
2024-12-24,2024,12,"Leggett","Edgecombe",35.988278,-77.5843,26,NA
2024-12-24,2024,12,"Mendenhall School","Guilford",36.1090060008986,-79.802314,59,NA
2024-12-24,2024,12,"Millbrook School","Wake",35.856111,-78.574167,46,30
2024-12-24,2024,12,"Pitt Agri. Center","Pitt",35.6412760008938,-77.360126,19,NA
2024-12-24,2024,12,"West Johnston Co.","Johnston",35.59095,-78.4622,41,NA
2024-12-25,2024,12,"Bryson City","Swain",35.434767,-83.442133,59,NA
2024-12-25,2024,12,"Castle Hayne","New Hanover",34.364167,-77.838611,37.5,NA
2024-12-25,2024,12,"Clemmons Middle","Forsyth",36.026612,-80.341962,53,NA
2024-12-25,2024,12,"Durham Armory","Durham",36.0329550008979,-78.904037,65,NA
2024-12-25,2024,12,"Garinger High School","Mecklenburg",35.2401000008895,-80.785683,59,34
2024-12-25,2024,12,"Hattie Avenue","Forsyth",36.11094,-80.224501,47,NA
2024-12-25,2024,12,"Leggett","Edgecombe",35.988278,-77.5843,32,NA
2024-12-25,2024,12,"Mendenhall School","Guilford",36.1090060008986,-79.802314,51,NA
2024-12-25,2024,12,"Millbrook School","Wake",35.856111,-78.574167,48,29
2024-12-25,2024,12,"Pitt Agri. Center","Pitt",35.6412760008938,-77.360126,21,NA
2024-12-25,2024,12,"West Johnston Co.","Johnston",35.59095,-78.4622,38,NA
2024-12-26,2024,12,"Bryson City","Swain",35.434767,-83.442133,56,NA
2024-12-26,2024,12,"Castle Hayne","New Hanover",34.364167,-77.838611,36,NA
2024-12-26,2024,12,"Clemmons Middle","Forsyth",36.026612,-80.341962,55,NA
2024-12-26,2024,12,"Durham Armory","Durham",36.0329550008979,-78.904037,57,NA
2024-12-26,2024,12,"Frying Pan Mountain","Haywood",35.379167,-82.7925,19,NA
2024-12-26,2024,12,"Garinger High School","Mecklenburg",35.2401000008895,-80.785683,53.5,29
2024-12-26,2024,12,"Hattie Avenue","Forsyth",36.11094,-80.224501,56,NA
2024-12-26,2024,12,"Leggett","Edgecombe",35.988278,-77.5843,48,NA
2024-12-26,2024,12,"Linville Falls","Avery",35.972347,-81.933072,38,NA
2024-12-26,2024,12,"Mendenhall School","Guilford",36.1090060008986,-79.802314,51,NA
2024-12-26,2024,12,"Millbrook School","Wake",35.856111,-78.574167,52,28
2024-12-26,2024,12,"Pitt Agri. Center","Pitt",35.6412760008938,-77.360126,30,NA
2024-12-26,2024,12,"West Johnston Co.","Johnston",35.59095,-78.4622,39,NA
2024-12-27,2024,12,"Bryson City","Swain",35.434767,-83.442133,27,NA
2024-12-27,2024,12,"Castle Hayne","New Hanover",34.364167,-77.838611,31,NA
2024-12-27,2024,12,"Clemmons Middle","Forsyth",36.026612,-80.341962,59,NA
2024-12-27,2024,12,"Durham Armory","Durham",36.0329550008979,-78.904037,62,NA
2024-12-27,2024,12,"Garinger High School","Mecklenburg",35.2401000008895,-80.785683,56,20
2024-12-27,2024,12,"Hattie Avenue","Forsyth",36.11094,-80.224501,58,NA
2024-12-27,2024,12,"Leggett","Edgecombe",35.988278,-77.5843,52,NA
2024-12-27,2024,12,"Mendenhall School","Guilford",36.1090060008986,-79.802314,55,NA
2024-12-27,2024,12,"Millbrook School","Wake",35.856111,-78.574167,58,22
2024-12-27,2024,12,"Pitt Agri. Center","Pitt",35.6412760008938,-77.360126,35,NA
2024-12-27,2024,12,"West Johnston Co.","Johnston",35.59095,-78.4622,49,NA
2024-12-28,2024,12,"Bryson City","Swain",35.434767,-83.442133,18,NA
2024-12-28,2024,12,"Castle Hayne","New Hanover",34.364167,-77.838611,17,NA
2024-12-28,2024,12,"Clemmons Middle","Forsyth",36.026612,-80.341962,25,NA
2024-12-28,2024,12,"Durham Armory","Durham",36.0329550008979,-78.904037,57,NA
2024-12-28,2024,12,"Garinger High School","Mecklenburg",35.2401000008895,-80.785683,28,16
2024-12-28,2024,12,"Hattie Avenue","Forsyth",36.11094,-80.224501,27,NA
2024-12-28,2024,12,"Leggett","Edgecombe",35.988278,-77.5843,25,NA
2024-12-28,2024,12,"Mendenhall School","Guilford",36.1090060008986,-79.802314,31,NA
2024-12-28,2024,12,"Millbrook School","Wake",35.856111,-78.574167,46,30
2024-12-28,2024,12,"Pitt Agri. Center","Pitt",35.6412760008938,-77.360126,10,NA
2024-12-28,2024,12,"West Johnston Co.","Johnston",35.59095,-78.4622,36,NA
2024-12-29,2024,12,"Bryson City","Swain",35.434767,-83.442133,9,NA
2024-12-29,2024,12,"Castle Hayne","New Hanover",34.364167,-77.838611,21.5,NA
2024-12-29,2024,12,"Clemmons Middle","Forsyth",36.026612,-80.341962,19,NA
2024-12-29,2024,12,"Durham Armory","Durham",36.0329550008979,-78.904037,23,NA
2024-12-29,2024,12,"Frying Pan Mountain","Haywood",35.379167,-82.7925,2,NA
2024-12-29,2024,12,"Garinger High School","Mecklenburg",35.2401000008895,-80.785683,16,34
2024-12-29,2024,12,"Hattie Avenue","Forsyth",36.11094,-80.224501,20.5,NA
2024-12-29,2024,12,"Leggett","Edgecombe",35.988278,-77.5843,12,NA
2024-12-29,2024,12,"Linville Falls","Avery",35.972347,-81.933072,4,NA
2024-12-29,2024,12,"Mendenhall School","Guilford",36.1090060008986,-79.802314,17,NA
2024-12-29,2024,12,"Millbrook School","Wake",35.856111,-78.574167,18,36
2024-12-29,2024,12,"Pitt Agri. Center","Pitt",35.6412760008938,-77.360126,7,NA
2024-12-29,2024,12,"West Johnston Co.","Johnston",35.59095,-78.4622,8,NA
2024-12-30,2024,12,"Bryson City","Swain",35.434767,-83.442133,24,NA
2024-12-30,2024,12,"Castle Hayne","New Hanover",34.364167,-77.838611,25,NA
2024-12-30,2024,12,"Clemmons Middle","Forsyth",36.026612,-80.341962,23,NA
2024-12-30,2024,12,"Durham Armory","Durham",36.0329550008979,-78.904037,39,NA
2024-12-30,2024,12,"Garinger High School","Mecklenburg",35.2401000008895,-80.785683,32,29
2024-12-30,2024,12,"Hattie Avenue","Forsyth",36.11094,-80.224501,32,NA
2024-12-30,2024,12,"Leggett","Edgecombe",35.988278,-77.5843,9,NA
2024-12-30,2024,12,"Mendenhall School","Guilford",36.1090060008986,-79.802314,19,NA
2024-12-30,2024,12,"Millbrook School","Wake",35.856111,-78.574167,23,32
2024-12-30,2024,12,"Pitt Agri. Center","Pitt",35.6412760008938,-77.360126,8,NA
2024-12-30,2024,12,"West Johnston Co.","Johnston",35.59095,-78.4622,11,NA
2024-12-31,2024,12,"Bryson City","Swain",35.434767,-83.442133,25,NA
2024-12-31,2024,12,"Castle Hayne","New Hanover",34.364167,-77.838611,35.5,NA
2024-12-31,2024,12,"Clemmons Middle","Forsyth",36.026612,-80.341962,53,NA
2024-12-31,2024,12,"Durham Armory","Durham",36.0329550008979,-78.904037,36,NA
2024-12-31,2024,12,"Garinger High School","Mecklenburg",35.2401000008895,-80.785683,48,NA
2024-12-31,2024,12,"Hattie Avenue","Forsyth",36.11094,-80.224501,54,NA
2024-12-31,2024,12,"Leggett","Edgecombe",35.988278,-77.5843,21,NA
2024-12-31,2024,12,"Mendenhall School","Guilford",36.1090060008986,-79.802314,46,NA
2024-12-31,2024,12,"Millbrook School","Wake",35.856111,-78.574167,43,NA
2024-12-31,2024,12,"Pitt Agri. Center","Pitt",35.6412760008938,-77.360126,33,NA
2024-12-31,2024,12,"West Johnston Co.","Johnston",35.59095,-78.4622,31,NA
2025-01-01,2025,1,"Bryson City","Swain",35.434767,-83.442133,7,NA
2025-01-01,2025,1,"Castle Hayne","New Hanover",34.364167,-77.838611,23,NA
2025-01-01,2025,1,"Clemmons Middle","Forsyth",36.026612,-80.341962,6.5,NA
2025-01-01,2025,1,"Durham Armory","Durham",36.0329550008979,-78.904037,18,NA
2025-01-01,2025,1,"Garinger High School","Mecklenburg",35.2401000008895,-80.785683,13,30
2025-01-01,2025,1,"Hattie Avenue","Forsyth",36.11094,-80.224501,7,NA
2025-01-01,2025,1,"Leggett","Edgecombe",35.988278,-77.5843,4,NA
2025-01-01,2025,1,"Linville Falls","Avery",35.972347,-81.933072,4,NA
2025-01-01,2025,1,"Mendenhall School","Guilford",36.1090060008986,-79.802314,8,NA
2025-01-01,2025,1,"Millbrook School","Wake",35.856111,-78.574167,11.5,31
2025-01-01,2025,1,"Pitt Agri. Center","Pitt",35.6412760008938,-77.360126,0,NA
2025-01-01,2025,1,"West Johnston Co.","Johnston",35.59095,-78.4622,0,NA
2025-01-02,2025,1,"Bryson City","Swain",35.434767,-83.442133,11,NA
2025-01-02,2025,1,"Castle Hayne","New Hanover",34.364167,-77.838611,27,NA
2025-01-02,2025,1,"Clemmons Middle","Forsyth",36.026612,-80.341962,26,NA
2025-01-02,2025,1,"Durham Armory","Durham",36.0329550008979,-78.904037,33,NA
2025-01-02,2025,1,"Garinger High School","Mecklenburg",35.2401000008895,-80.785683,43,29
2025-01-02,2025,1,"Hattie Avenue","Forsyth",36.11094,-80.224501,22,NA
2025-01-02,2025,1,"Leggett","Edgecombe",35.988278,-77.5843,16,NA
2025-01-02,2025,1,"Mendenhall School","Guilford",36.1090060008986,-79.802314,22,NA
2025-01-02,2025,1,"Millbrook School","Wake",35.856111,-78.574167,23,29
2025-01-02,2025,1,"Pitt Agri. Center","Pitt",35.6412760008938,-77.360126,9,NA
2025-01-02,2025,1,"West Johnston Co.","Johnston",35.59095,-78.4622,3,NA
2025-01-03,2025,1,"Bryson City","Swain",35.434767,-83.442133,25,NA
2025-01-03,2025,1,"Castle Hayne","New Hanover",34.364167,-77.838611,35.5,NA
2025-01-03,2025,1,"Clemmons Middle","Forsyth",36.026612,-80.341962,25,NA
2025-01-03,2025,1,"Durham Armory","Durham",36.0329550008979,-78.904037,37,NA
2025-01-03,2025,1,"Garinger High School","Mecklenburg",35.2401000008895,-80.785683,40,30
2025-01-03,2025,1,"Hattie Avenue","Forsyth",36.11094,-80.224501,23,NA
2025-01-03,2025,1,"Leggett","Edgecombe",35.988278,-77.5843,22,NA
2025-01-03,2025,1,"Mendenhall School","Guilford",36.1090060008986,-79.802314,14,NA
2025-01-03,2025,1,"Millbrook School","Wake",35.856111,-78.574167,27,31
2025-01-03,2025,1,"Pitt Agri. Center","Pitt",35.6412760008938,-77.360126,15,NA
2025-01-03,2025,1,"West Johnston Co.","Johnston",35.59095,-78.4622,21,NA
2025-01-04,2025,1,"Bryson City","Swain",35.434767,-83.442133,3,NA
2025-01-04,2025,1,"Castle Hayne","New Hanover",34.364167,-77.838611,29,NA
2025-01-04,2025,1,"Clemmons Middle","Forsyth",36.026612,-80.341962,18,NA
2025-01-04,2025,1,"Durham Armory","Durham",36.0329550008979,-78.904037,16,NA
2025-01-04,2025,1,"Frying Pan Mountain","Haywood",35.379167,-82.7925,4,NA
2025-01-04,2025,1,"Garinger High School","Mecklenburg",35.2401000008895,-80.785683,28,31
2025-01-04,2025,1,"Hattie Avenue","Forsyth",36.11094,-80.224501,15,NA
2025-01-04,2025,1,"Leggett","Edgecombe",35.988278,-77.5843,13,NA
2025-01-04,2025,1,"Linville Falls","Avery",35.972347,-81.933072,7,NA
2025-01-04,2025,1,"Mendenhall School","Guilford",36.1090060008986,-79.802314,12,NA
2025-01-04,2025,1,"Millbrook School","Wake",35.856111,-78.574167,19.5,29
2025-01-04,2025,1,"Pitt Agri. Center","Pitt",35.6412760008938,-77.360126,8,NA
2025-01-04,2025,1,"West Johnston Co.","Johnston",35.59095,-78.4622,0,NA
2025-01-05,2025,1,"Bryson City","Swain",35.434767,-83.442133,28,NA
2025-01-05,2025,1,"Castle Hayne","New Hanover",34.364167,-77.838611,36.5,NA
2025-01-05,2025,1,"Clemmons Middle","Forsyth",36.026612,-80.341962,49,NA
2025-01-05,2025,1,"Durham Armory","Durham",36.0329550008979,-78.904037,19,NA
2025-01-05,2025,1,"Garinger High School","Mecklenburg",35.2401000008895,-80.785683,53,24
2025-01-05,2025,1,"Hattie Avenue","Forsyth",36.11094,-80.224501,28,NA
2025-01-05,2025,1,"Leggett","Edgecombe",35.988278,-77.5843,15,NA
2025-01-05,2025,1,"Mendenhall School","Guilford",36.1090060008986,-79.802314,31,NA
2025-01-05,2025,1,"Millbrook School","Wake",35.856111,-78.574167,19,33
2025-01-05,2025,1,"Pitt Agri. Center","Pitt",35.6412760008938,-77.360126,9,NA
2025-01-05,2025,1,"West Johnston Co.","Johnston",35.59095,-78.4622,9,NA
2025-01-06,2025,1,"Bryson City","Swain",35.434767,-83.442133,13,NA
2025-01-06,2025,1,"Castle Hayne","New Hanover",34.364167,-77.838611,31.5,NA
2025-01-06,2025,1,"Clemmons Middle","Forsyth",36.026612,-80.341962,42,NA
2025-01-06,2025,1,"Durham Armory","Durham",36.0329550008979,-78.904037,23,NA
2025-01-06,2025,1,"Garinger High School","Mecklenburg",35.2401000008895,-80.785683,48,22
2025-01-06,2025,1,"Hattie Avenue","Forsyth",36.11094,-80.224501,39,NA
2025-01-06,2025,1,"Leggett","Edgecombe",35.988278,-77.5843,33,NA
2025-01-06,2025,1,"Mendenhall School","Guilford",36.1090060008986,-79.802314,25,NA
2025-01-06,2025,1,"Millbrook School","Wake",35.856111,-78.574167,22,24
2025-01-06,2025,1,"Pitt Agri. Center","Pitt",35.6412760008938,-77.360126,10,NA
2025-01-06,2025,1,"West Johnston Co.","Johnston",35.59095,-78.4622,17,NA
2025-01-07,2025,1,"Bryson City","Swain",35.434767,-83.442133,11,NA
2025-01-07,2025,1,"Castle Hayne","New Hanover",34.364167,-77.838611,29.5,NA
2025-01-07,2025,1,"Clemmons Middle","Forsyth",36.026612,-80.341962,15.5,NA
2025-01-07,2025,1,"Durham Armory","Durham",36.0329550008979,-78.904037,25,NA
2025-01-07,2025,1,"Frying Pan Mountain","Haywood",35.379167,-82.7925,5,NA
2025-01-07,2025,1,"Garinger High School","Mecklenburg",35.2401000008895,-80.785683,19,27
2025-01-07,2025,1,"Hattie Avenue","Forsyth",36.11094,-80.224501,17,NA
2025-01-07,2025,1,"Leggett","Edgecombe",35.988278,-77.5843,19,NA
2025-01-07,2025,1,"Linville Falls","Avery",35.972347,-81.933072,8,NA
2025-01-07,2025,1,"Mendenhall School","Guilford",36.1090060008986,-79.802314,18,NA
2025-01-07,2025,1,"Millbrook School","Wake",35.856111,-78.574167,17.5,29
2025-01-07,2025,1,"Pitt Agri. Center","Pitt",35.6412760008938,-77.360126,14,NA
2025-01-07,2025,1,"West Johnston Co.","Johnston",35.59095,-78.4622,4,NA
2025-01-08,2025,1,"Bryson City","Swain",35.434767,-83.442133,9,NA
2025-01-08,2025,1,"Castle Hayne","New Hanover",34.364167,-77.838611,38,NA
2025-01-08,2025,1,"Clemmons Middle","Forsyth",36.026612,-80.341962,33,NA
2025-01-08,2025,1,"Durham Armory","Durham",36.0329550008979,-78.904037,27,NA
2025-01-08,2025,1,"Garinger High School","Mecklenburg",35.2401000008895,-80.785683,37,25
2025-01-08,2025,1,"Hattie Avenue","Forsyth",36.11094,-80.224501,28,NA
2025-01-08,2025,1,"Leggett","Edgecombe",35.988278,-77.5843,23,NA
2025-01-08,2025,1,"Mendenhall School","Guilford",36.1090060008986,-79.802314,21,NA
2025-01-08,2025,1,"Millbrook School","Wake",35.856111,-78.574167,25,31
2025-01-08,2025,1,"Pitt Agri. Center","Pitt",35.6412760008938,-77.360126,22,NA
2025-01-08,2025,1,"West Johnston Co.","Johnston",35.59095,-78.4622,7,NA
2025-01-09,2025,1,"Bryson City","Swain",35.434767,-83.442133,17,NA
2025-01-09,2025,1,"Castle Hayne","New Hanover",34.364167,-77.838611,43,NA
2025-01-09,2025,1,"Clemmons Middle","Forsyth",36.026612,-80.341962,33,NA
2025-01-09,2025,1,"Garinger High School","Mecklenburg",35.2401000008895,-80.785683,34,35
2025-01-09,2025,1,"Hattie Avenue","Forsyth",36.11094,-80.224501,31,NA
2025-01-09,2025,1,"Leggett","Edgecombe",35.988278,-77.5843,25,NA
2025-01-09,2025,1,"Mendenhall School","Guilford",36.1090060008986,-79.802314,19,NA
2025-01-09,2025,1,"Millbrook School","Wake",35.856111,-78.574167,26,33
2025-01-09,2025,1,"Pitt Agri. Center","Pitt",35.6412760008938,-77.360126,26,NA
2025-01-09,2025,1,"West Johnston Co.","Johnston",35.59095,-78.4622,8,NA
2025-01-10,2025,1,"Bryson City","Swain",35.434767,-83.442133,38,NA
2025-01-10,2025,1,"Castle Hayne","New Hanover",34.364167,-77.838611,58.5,NA
2025-01-10,2025,1,"Clemmons Middle","Forsyth",36.026612,-80.341962,52,NA
2025-01-10,2025,1,"Frying Pan Mountain","Haywood",35.379167,-82.7925,1,NA
2025-01-10,2025,1,"Garinger High School","Mecklenburg",35.2401000008895,-80.785683,50.5,23
2025-01-10,2025,1,"Hattie Avenue","Forsyth",36.11094,-80.224501,48,NA
2025-01-10,2025,1,"Leggett","Edgecombe",35.988278,-77.5843,33,NA
2025-01-10,2025,1,"Linville Falls","Avery",35.972347,-81.933072,23,NA
2025-01-10,2025,1,"Mendenhall School","Guilford",36.1090060008986,-79.802314,45,NA
2025-01-10,2025,1,"Millbrook School","Wake",35.856111,-78.574167,45.5,25
2025-01-10,2025,1,"Pitt Agri. Center","Pitt",35.6412760008938,-77.360126,31,NA
2025-01-10,2025,1,"West Johnston Co.","Johnston",35.59095,-78.4622,26,NA
2025-01-11,2025,1,"Bryson City","Swain",35.434767,-83.442133,19,NA
2025-01-11,2025,1,"Castle Hayne","New Hanover",34.364167,-77.838611,30.5,NA
2025-01-11,2025,1,"Clemmons Middle","Forsyth",36.026612,-80.341962,54,NA
2025-01-11,2025,1,"Durham Armory","Durham",36.0329550008979,-78.904037,42,NA
2025-01-11,2025,1,"Garinger High School","Mecklenburg",35.2401000008895,-80.785683,31,30
2025-01-11,2025,1,"Hattie Avenue","Forsyth",36.11094,-80.224501,56,NA
2025-01-11,2025,1,"Leggett","Edgecombe",35.988278,-77.5843,22,NA
2025-01-11,2025,1,"Mendenhall School","Guilford",36.1090060008986,-79.802314,49,NA
2025-01-11,2025,1,"Millbrook School","Wake",35.856111,-78.574167,34,31
2025-01-11,2025,1,"Pitt Agri. Center","Pitt",35.6412760008938,-77.360126,18,NA
2025-01-11,2025,1,"West Johnston Co.","Johnston",35.59095,-78.4622,24,NA
2025-01-12,2025,1,"Bryson City","Swain",35.434767,-83.442133,32,NA
2025-01-12,2025,1,"Castle Hayne","New Hanover",34.364167,-77.838611,39,NA
2025-01-12,2025,1,"Clemmons Middle","Forsyth",36.026612,-80.341962,45,NA
2025-01-12,2025,1,"Durham Armory","Durham",36.0329550008979,-78.904037,48,NA
2025-01-12,2025,1,"Garinger High School","Mecklenburg",35.2401000008895,-80.785683,44,33
2025-01-12,2025,1,"Hattie Avenue","Forsyth",36.11094,-80.224501,50,NA
2025-01-12,2025,1,"Leggett","Edgecombe",35.988278,-77.5843,23,NA
2025-01-12,2025,1,"Mendenhall School","Guilford",36.1090060008986,-79.802314,54,NA
2025-01-12,2025,1,"Millbrook School","Wake",35.856111,-78.574167,51,30
2025-01-12,2025,1,"Pitt Agri. Center","Pitt",35.6412760008938,-77.360126,28,NA
2025-01-12,2025,1,"West Johnston Co.","Johnston",35.59095,-78.4622,22,NA
2025-01-13,2025,1,"Bryson City","Swain",35.434767,-83.442133,38,NA
2025-01-13,2025,1,"Castle Hayne","New Hanover",34.364167,-77.838611,45.5,NA
2025-01-13,2025,1,"Clemmons Middle","Forsyth",36.026612,-80.341962,62.5,NA
2025-01-13,2025,1,"Durham Armory","Durham",36.0329550008979,-78.904037,55,NA
2025-01-13,2025,1,"Frying Pan Mountain","Haywood",35.379167,-82.7925,13,NA
2025-01-13,2025,1,"Garinger High School","Mecklenburg",35.2401000008895,-80.785683,55.5,26
2025-01-13,2025,1,"Hattie Avenue","Forsyth",36.11094,-80.224501,48.5,NA
2025-01-13,2025,1,"Leggett","Edgecombe",35.988278,-77.5843,34,NA
2025-01-13,2025,1,"Linville Falls","Avery",35.972347,-81.933072,28,NA
2025-01-13,2025,1,"Mendenhall School","Guilford",36.1090060008986,-79.802314,46,NA
2025-01-13,2025,1,"Millbrook School","Wake",35.856111,-78.574167,52.5,30
2025-01-13,2025,1,"Pitt Agri. Center","Pitt",35.6412760008938,-77.360126,43,NA
2025-01-13,2025,1,"West Johnston Co.","Johnston",35.59095,-78.4622,50,NA
2025-01-14,2025,1,"Bryson City","Swain",35.434767,-83.442133,13,NA
2025-01-14,2025,1,"Castle Hayne","New Hanover",34.364167,-77.838611,48,NA
2025-01-14,2025,1,"Clemmons Middle","Forsyth",36.026612,-80.341962,23,NA
2025-01-14,2025,1,"Durham Armory","Durham",36.0329550008979,-78.904037,30,NA
2025-01-14,2025,1,"Garinger High School","Mecklenburg",35.2401000008895,-80.785683,30,36
2025-01-14,2025,1,"Hattie Avenue","Forsyth",36.11094,-80.224501,21,NA
2025-01-14,2025,1,"Leggett","Edgecombe",35.988278,-77.5843,28,NA
2025-01-14,2025,1,"Mendenhall School","Guilford",36.1090060008986,-79.802314,17,NA
2025-01-14,2025,1,"Millbrook School","Wake",35.856111,-78.574167,24,35
2025-01-14,2025,1,"Pitt Agri. Center","Pitt",35.6412760008938,-77.360126,25,NA
2025-01-14,2025,1,"West Johnston Co.","Johnston",35.59095,-78.4622,18,NA
2025-01-15,2025,1,"Bryson City","Swain",35.434767,-83.442133,17,NA
2025-01-15,2025,1,"Castle Hayne","New Hanover",34.364167,-77.838611,42,NA
2025-01-15,2025,1,"Clemmons Middle","Forsyth",36.026612,-80.341962,38,NA
2025-01-15,2025,1,"Durham Armory","Durham",36.0329550008979,-78.904037,42,NA
2025-01-15,2025,1,"Garinger High School","Mecklenburg",35.2401000008895,-80.785683,39,32
2025-01-15,2025,1,"Hattie Avenue","Forsyth",36.11094,-80.224501,43,NA
2025-01-15,2025,1,"Leggett","Edgecombe",35.988278,-77.5843,21,NA
2025-01-15,2025,1,"Mendenhall School","Guilford",36.1090060008986,-79.802314,32,NA
2025-01-15,2025,1,"Millbrook School","Wake",35.856111,-78.574167,34,31
2025-01-15,2025,1,"Pitt Agri. Center","Pitt",35.6412760008938,-77.360126,17,NA
2025-01-15,2025,1,"West Johnston Co.","Johnston",35.59095,-78.4622,7,NA
2025-01-16,2025,1,"Bryson City","Swain",35.434767,-83.442133,24,NA
2025-01-16,2025,1,"Castle Hayne","New Hanover",34.364167,-77.838611,55,NA
2025-01-16,2025,1,"Clemmons Middle","Forsyth",36.026612,-80.341962,53,NA
2025-01-16,2025,1,"Durham Armory","Durham",36.0329550008979,-78.904037,52,NA
2025-01-16,2025,1,"Frying Pan Mountain","Haywood",35.379167,-82.7925,7,NA
2025-01-16,2025,1,"Garinger High School","Mecklenburg",35.2401000008895,-80.785683,47.5,36
2025-01-16,2025,1,"Hattie Avenue","Forsyth",36.11094,-80.224501,50.5,NA
2025-01-16,2025,1,"Leggett","Edgecombe",35.988278,-77.5843,45,NA
2025-01-16,2025,1,"Mendenhall School","Guilford",36.1090060008986,-79.802314,54,NA
2025-01-16,2025,1,"Millbrook School","Wake",35.856111,-78.574167,53,33
2025-01-16,2025,1,"Pitt Agri. Center","Pitt",35.6412760008938,-77.360126,44,NA
2025-01-16,2025,1,"West Johnston Co.","Johnston",35.59095,-78.4622,39,NA
2025-01-17,2025,1,"Bryson City","Swain",35.434767,-83.442133,27,NA
2025-01-17,2025,1,"Castle Hayne","New Hanover",34.364167,-77.838611,42,NA
2025-01-17,2025,1,"Clemmons Middle","Forsyth",36.026612,-80.341962,38,NA
2025-01-17,2025,1,"Durham Armory","Durham",36.0329550008979,-78.904037,32,NA
2025-01-17,2025,1,"Garinger High School","Mecklenburg",35.2401000008895,-80.785683,37,35
2025-01-17,2025,1,"Hattie Avenue","Forsyth",36.11094,-80.224501,41,NA
2025-01-17,2025,1,"Leggett","Edgecombe",35.988278,-77.5843,26,NA
2025-01-17,2025,1,"Mendenhall School","Guilford",36.1090060008986,-79.802314,30,NA
2025-01-17,2025,1,"Millbrook School","Wake",35.856111,-78.574167,37,33
2025-01-17,2025,1,"Pitt Agri. Center","Pitt",35.6412760008938,-77.360126,22,NA
2025-01-17,2025,1,"West Johnston Co.","Johnston",35.59095,-78.4622,23,NA
2025-01-18,2025,1,"Bryson City","Swain",35.434767,-83.442133,47,NA
2025-01-18,2025,1,"Castle Hayne","New Hanover",34.364167,-77.838611,37.5,NA
2025-01-18,2025,1,"Clemmons Middle","Forsyth",36.026612,-80.341962,52,NA
2025-01-18,2025,1,"Durham Armory","Durham",36.0329550008979,-78.904037,52,NA
2025-01-18,2025,1,"Garinger High School","Mecklenburg",35.2401000008895,-80.785683,40,29
2025-01-18,2025,1,"Hattie Avenue","Forsyth",36.11094,-80.224501,54,NA
2025-01-18,2025,1,"Leggett","Edgecombe",35.988278,-77.5843,41,NA
2025-01-18,2025,1,"Mendenhall School","Guilford",36.1090060008986,-79.802314,52,NA
2025-01-18,2025,1,"Millbrook School","Wake",35.856111,-78.574167,58,24
2025-01-18,2025,1,"Pitt Agri. Center","Pitt",35.6412760008938,-77.360126,35,NA
2025-01-18,2025,1,"West Johnston Co.","Johnston",35.59095,-78.4622,52,NA
2025-01-19,2025,1,"Bryson City","Swain",35.434767,-83.442133,11,NA
2025-01-19,2025,1,"Castle Hayne","New Hanover",34.364167,-77.838611,35,NA
2025-01-19,2025,1,"Clemmons Middle","Forsyth",36.026612,-80.341962,55,NA
2025-01-19,2025,1,"Durham Armory","Durham",36.0329550008979,-78.904037,54,NA
2025-01-19,2025,1,"Frying Pan Mountain","Haywood",35.379167,-82.7925,20,NA
2025-01-19,2025,1,"Garinger High School","Mecklenburg",35.2401000008895,-80.785683,39,26
2025-01-19,2025,1,"Hattie Avenue","Forsyth",36.11094,-80.224501,51,NA
2025-01-19,2025,1,"Leggett","Edgecombe",35.988278,-77.5843,37,NA
2025-01-19,2025,1,"Linville Falls","Avery",35.972347,-81.933072,47,NA
2025-01-19,2025,1,"Mendenhall School","Guilford",36.1090060008986,-79.802314,42,NA
2025-01-19,2025,1,"Millbrook School","Wake",35.856111,-78.574167,53.5,30
2025-01-19,2025,1,"Pitt Agri. Center","Pitt",35.6412760008938,-77.360126,21,NA
2025-01-19,2025,1,"West Johnston Co.","Johnston",35.59095,-78.4622,35,NA
2025-01-20,2025,1,"Bryson City","Swain",35.434767,-83.442133,9,NA
2025-01-20,2025,1,"Castle Hayne","New Hanover",34.364167,-77.838611,28.5,NA
2025-01-20,2025,1,"Clemmons Middle","Forsyth",36.026612,-80.341962,36,NA
2025-01-20,2025,1,"Durham Armory","Durham",36.0329550008979,-78.904037,21,NA
2025-01-20,2025,1,"Garinger High School","Mecklenburg",35.2401000008895,-80.785683,21,33
2025-01-20,2025,1,"Hattie Avenue","Forsyth",36.11094,-80.224501,21,NA
2025-01-20,2025,1,"Leggett","Edgecombe",35.988278,-77.5843,15,NA
2025-01-20,2025,1,"Mendenhall School","Guilford",36.1090060008986,-79.802314,17,NA
2025-01-20,2025,1,"Millbrook School","Wake",35.856111,-78.574167,19,34
2025-01-20,2025,1,"Pitt Agri. Center","Pitt",35.6412760008938,-77.360126,13,NA
2025-01-20,2025,1,"West Johnston Co.","Johnston",35.59095,-78.4622,4,NA
2025-01-21,2025,1,"Bryson City","Swain",35.434767,-83.442133,7,NA
2025-01-21,2025,1,"Castle Hayne","New Hanover",34.364167,-77.838611,36.5,NA
2025-01-21,2025,1,"Clemmons Middle","Forsyth",36.026612,-80.341962,35,NA
2025-01-21,2025,1,"Durham Armory","Durham",36.0329550008979,-78.904037,31,NA
2025-01-21,2025,1,"Garinger High School","Mecklenburg",35.2401000008895,-80.785683,25,28
2025-01-21,2025,1,"Hattie Avenue","Forsyth",36.11094,-80.224501,29,NA
2025-01-21,2025,1,"Leggett","Edgecombe",35.988278,-77.5843,21,NA
2025-01-21,2025,1,"Mendenhall School","Guilford",36.1090060008986,-79.802314,12,NA
2025-01-21,2025,1,"Millbrook School","Wake",35.856111,-78.574167,23,31
2025-01-21,2025,1,"Pitt Agri. Center","Pitt",35.6412760008938,-77.360126,21,NA
2025-01-21,2025,1,"West Johnston Co.","Johnston",35.59095,-78.4622,2,NA
2025-01-22,2025,1,"Bryson City","Swain",35.434767,-83.442133,27,NA
2025-01-22,2025,1,"Castle Hayne","New Hanover",34.364167,-77.838611,41.5,NA
2025-01-22,2025,1,"Clemmons Middle","Forsyth",36.026612,-80.341962,52,NA
2025-01-22,2025,1,"Durham Armory","Durham",36.0329550008979,-78.904037,40,NA
2025-01-22,2025,1,"Garinger High School","Mecklenburg",35.2401000008895,-80.785683,44.5,33
2025-01-22,2025,1,"Hattie Avenue","Forsyth",36.11094,-80.224501,41.5,NA
2025-01-22,2025,1,"Leggett","Edgecombe",35.988278,-77.5843,25,NA
2025-01-22,2025,1,"Linville Falls","Avery",35.972347,-81.933072,18,NA
2025-01-22,2025,1,"Mendenhall School","Guilford",36.1090060008986,-79.802314,44,NA
2025-01-22,2025,1,"Millbrook School","Wake",35.856111,-78.574167,42.5,31
2025-01-22,2025,1,"Pitt Agri. Center","Pitt",35.6412760008938,-77.360126,26,NA
2025-01-22,2025,1,"West Johnston Co.","Johnston",35.59095,-78.4622,15,NA
2025-01-23,2025,1,"Bryson City","Swain",35.434767,-83.442133,42,NA
2025-01-23,2025,1,"Castle Hayne","New Hanover",34.364167,-77.838611,50,NA
2025-01-23,2025,1,"Clemmons Middle","Forsyth",36.026612,-80.341962,74,NA
2025-01-23,2025,1,"Durham Armory","Durham",36.0329550008979,-78.904037,59,NA
2025-01-23,2025,1,"Garinger High School","Mecklenburg",35.2401000008895,-80.785683,57,29
2025-01-23,2025,1,"Hattie Avenue","Forsyth",36.11094,-80.224501,63,NA
2025-01-23,2025,1,"Leggett","Edgecombe",35.988278,-77.5843,44,NA
2025-01-23,2025,1,"Mendenhall School","Guilford",36.1090060008986,-79.802314,58,NA
2025-01-23,2025,1,"Millbrook School","Wake",35.856111,-78.574167,55,28
2025-01-23,2025,1,"Pitt Agri. Center","Pitt",35.6412760008938,-77.360126,48,NA
2025-01-23,2025,1,"West Johnston Co.","Johnston",35.59095,-78.4622,37,NA
2025-01-24,2025,1,"Bryson City","Swain",35.434767,-83.442133,39,NA
2025-01-24,2025,1,"Castle Hayne","New Hanover",34.364167,-77.838611,53,NA
2025-01-24,2025,1,"Clemmons Middle","Forsyth",36.026612,-80.341962,70,NA
2025-01-24,2025,1,"Durham Armory","Durham",36.0329550008979,-78.904037,55,NA
2025-01-24,2025,1,"Garinger High School","Mecklenburg",35.2401000008895,-80.785683,66,34
2025-01-24,2025,1,"Hattie Avenue","Forsyth",36.11094,-80.224501,62,NA
2025-01-24,2025,1,"Leggett","Edgecombe",35.988278,-77.5843,36,NA
2025-01-24,2025,1,"Mendenhall School","Guilford",36.1090060008986,-79.802314,57,NA
2025-01-24,2025,1,"Millbrook School","Wake",35.856111,-78.574167,57,34
2025-01-24,2025,1,"Pitt Agri. Center","Pitt",35.6412760008938,-77.360126,53,NA
2025-01-24,2025,1,"West Johnston Co.","Johnston",35.59095,-78.4622,32,NA
2025-01-25,2025,1,"Bryson City","Swain",35.434767,-83.442133,49,NA
2025-01-25,2025,1,"Castle Hayne","New Hanover",34.364167,-77.838611,46,NA
2025-01-25,2025,1,"Clemmons Middle","Forsyth",36.026612,-80.341962,55,NA
2025-01-25,2025,1,"Durham Armory","Durham",36.0329550008979,-78.904037,55,NA
2025-01-25,2025,1,"Frying Pan Mountain","Haywood",35.379167,-82.7925,6,NA
2025-01-25,2025,1,"Garinger High School","Mecklenburg",35.2401000008895,-80.785683,67.5,36
2025-01-25,2025,1,"Hattie Avenue","Forsyth",36.11094,-80.224501,55,NA
2025-01-25,2025,1,"Leggett","Edgecombe",35.988278,-77.5843,37,NA
2025-01-25,2025,1,"Linville Falls","Avery",35.972347,-81.933072,18,NA
2025-01-25,2025,1,"Mendenhall School","Guilford",36.1090060008986,-79.802314,56,NA
2025-01-25,2025,1,"Millbrook School","Wake",35.856111,-78.574167,57.5,33
2025-01-25,2025,1,"Pitt Agri. Center","Pitt",35.6412760008938,-77.360126,41,NA
2025-01-25,2025,1,"West Johnston Co.","Johnston",35.59095,-78.4622,43,NA
2025-01-26,2025,1,"Bryson City","Swain",35.434767,-83.442133,54,NA
2025-01-26,2025,1,"Castle Hayne","New Hanover",34.364167,-77.838611,39,NA
2025-01-26,2025,1,"Clemmons Middle","Forsyth",36.026612,-80.341962,61,NA
2025-01-26,2025,1,"Durham Armory","Durham",36.0329550008979,-78.904037,57,NA
2025-01-26,2025,1,"Garinger High School","Mecklenburg",35.2401000008895,-80.785683,57,36
2025-01-26,2025,1,"Hattie Avenue","Forsyth",36.11094,-80.224501,55,NA
2025-01-26,2025,1,"Leggett","Edgecombe",35.988278,-77.5843,43,NA
2025-01-26,2025,1,"Mendenhall School","Guilford",36.1090060008986,-79.802314,56,NA
2025-01-26,2025,1,"Millbrook School","Wake",35.856111,-78.574167,55,39
2025-01-26,2025,1,"Pitt Agri. Center","Pitt",35.6412760008938,-77.360126,47,NA
2025-01-26,2025,1,"West Johnston Co.","Johnston",35.59095,-78.4622,49,NA
2025-01-27,2025,1,"Bryson City","Swain",35.434767,-83.442133,43,NA
2025-01-27,2025,1,"Castle Hayne","New Hanover",34.364167,-77.838611,43.5,NA
2025-01-27,2025,1,"Clemmons Middle","Forsyth",36.026612,-80.341962,54,NA
2025-01-27,2025,1,"Durham Armory","Durham",36.0329550008979,-78.904037,52,NA
2025-01-27,2025,1,"Garinger High School","Mecklenburg",35.2401000008895,-80.785683,48,23
2025-01-27,2025,1,"Hattie Avenue","Forsyth",36.11094,-80.224501,55,NA
2025-01-27,2025,1,"Leggett","Edgecombe",35.988278,-77.5843,43,NA
2025-01-27,2025,1,"Mendenhall School","Guilford",36.1090060008986,-79.802314,55,NA
2025-01-27,2025,1,"Millbrook School","Wake",35.856111,-78.574167,52,30
2025-01-27,2025,1,"Pitt Agri. Center","Pitt",35.6412760008938,-77.360126,42,NA
2025-01-27,2025,1,"West Johnston Co.","Johnston",35.59095,-78.4622,50,NA
2025-01-28,2025,1,"Bryson City","Swain",35.434767,-83.442133,19,NA
2025-01-28,2025,1,"Castle Hayne","New Hanover",34.364167,-77.838611,33.5,NA
2025-01-28,2025,1,"Clemmons Middle","Forsyth",36.026612,-80.341962,35,NA
2025-01-28,2025,1,"Durham Armory","Durham",36.0329550008979,-78.904037,44,NA
2025-01-28,2025,1,"Frying Pan Mountain","Haywood",35.379167,-82.7925,10,NA
2025-01-28,2025,1,"Garinger High School","Mecklenburg",35.2401000008895,-80.785683,27,35
2025-01-28,2025,1,"Hattie Avenue","Forsyth",36.11094,-80.224501,28.5,NA
2025-01-28,2025,1,"Leggett","Edgecombe",35.988278,-77.5843,31,NA
2025-01-28,2025,1,"Linville Falls","Avery",35.972347,-81.933072,13,NA
2025-01-28,2025,1,"Mendenhall School","Guilford",36.1090060008986,-79.802314,34,NA
2025-01-28,2025,1,"Millbrook School","Wake",35.856111,-78.574167,42,36
2025-01-28,2025,1,"Pitt Agri. Center","Pitt",35.6412760008938,-77.360126,21,NA
2025-01-28,2025,1,"West Johnston Co.","Johnston",35.59095,-78.4622,24,NA
2025-01-29,2025,1,"Bryson City","Swain",35.434767,-83.442133,21,NA
2025-01-29,2025,1,"Castle Hayne","New Hanover",34.364167,-77.838611,37,NA
2025-01-29,2025,1,"Clemmons Middle","Forsyth",36.026612,-80.341962,29,NA
2025-01-29,2025,1,"Durham Armory","Durham",36.0329550008979,-78.904037,32,NA
2025-01-29,2025,1,"Garinger High School","Mecklenburg",35.2401000008895,-80.785683,33.5,38
2025-01-29,2025,1,"Hattie Avenue","Forsyth",36.11094,-80.224501,30,NA
2025-01-29,2025,1,"Leggett","Edgecombe",35.988278,-77.5843,27,NA
2025-01-29,2025,1,"Mendenhall School","Guilford",36.1090060008986,-79.802314,38,NA
2025-01-29,2025,1,"Millbrook School","Wake",35.856111,-78.574167,29,39
2025-01-29,2025,1,"Pitt Agri. Center","Pitt",35.6412760008938,-77.360126,26,NA
2025-01-29,2025,1,"West Johnston Co.","Johnston",35.59095,-78.4622,43,NA
2025-01-30,2025,1,"Bryson City","Swain",35.434767,-83.442133,54,NA
2025-01-30,2025,1,"Castle Hayne","New Hanover",34.364167,-77.838611,36,NA
2025-01-30,2025,1,"Clemmons Middle","Forsyth",36.026612,-80.341962,41,NA
2025-01-30,2025,1,"Durham Armory","Durham",36.0329550008979,-78.904037,31,NA
2025-01-30,2025,1,"Garinger High School","Mecklenburg",35.2401000008895,-80.785683,41,37
2025-01-30,2025,1,"Hattie Avenue","Forsyth",36.11094,-80.224501,31,NA
2025-01-30,2025,1,"Leggett","Edgecombe",35.988278,-77.5843,22,NA
2025-01-30,2025,1,"Mendenhall School","Guilford",36.1090060008986,-79.802314,34,NA
2025-01-30,2025,1,"Millbrook School","Wake",35.856111,-78.574167,27,39
2025-01-30,2025,1,"Pitt Agri. Center","Pitt",35.6412760008938,-77.360126,21,NA
2025-01-30,2025,1,"West Johnston Co.","Johnston",35.59095,-78.4622,28,NA
2025-01-31,2025,1,"Bryson City","Swain",35.434767,-83.442133,47,NA
2025-01-31,2025,1,"Castle Hayne","New Hanover",34.364167,-77.838611,33,NA
2025-01-31,2025,1,"Clemmons Middle","Forsyth",36.026612,-80.341962,53,NA
2025-01-31,2025,1,"Durham Armory","Durham",36.0329550008979,-78.904037,49,NA
2025-01-31,2025,1,"Frying Pan Mountain","Haywood",35.379167,-82.7925,20,NA
2025-01-31,2025,1,"Garinger High School","Mecklenburg",35.2401000008895,-80.785683,49,38
2025-01-31,2025,1,"Hattie Avenue","Forsyth",36.11094,-80.224501,56.5,NA
2025-01-31,2025,1,"Leggett","Edgecombe",35.988278,-77.5843,49,NA
2025-01-31,2025,1,"Linville Falls","Avery",35.972347,-81.933072,41,NA
2025-01-31,2025,1,"Mendenhall School","Guilford",36.1090060008986,-79.802314,51,NA
2025-01-31,2025,1,"Millbrook School","Wake",35.856111,-78.574167,53,40
2025-01-31,2025,1,"Pitt Agri. Center","Pitt",35.6412760008938,-77.360126,36,NA
2025-01-31,2025,1,"West Johnston Co.","Johnston",35.59095,-78.4622,52,NA
2025-02-01,2025,2,"Bryson City","Swain",35.434767,-83.442133,32,NA
2025-02-01,2025,2,"Castle Hayne","New Hanover",34.364167,-77.838611,29,NA
2025-02-01,2025,2,"Clemmons Middle","Forsyth",36.026612,-80.341962,27,NA
2025-02-01,2025,2,"Durham Armory","Durham",36.0329550008979,-78.904037,30,NA
2025-02-01,2025,2,"Garinger High School","Mecklenburg",35.2401000008895,-80.785683,23,37
2025-02-01,2025,2,"Hattie Avenue","Forsyth",36.11094,-80.224501,28,NA
2025-02-01,2025,2,"Leggett","Edgecombe",35.988278,-77.5843,13,NA
2025-02-01,2025,2,"Mendenhall School","Guilford",36.1090060008986,-79.802314,20,NA
2025-02-01,2025,2,"Millbrook School","Wake",35.856111,-78.574167,22,33
2025-02-01,2025,2,"Pitt Agri. Center","Pitt",35.6412760008938,-77.360126,10,NA
2025-02-01,2025,2,"West Johnston Co.","Johnston",35.59095,-78.4622,7,NA
2025-02-02,2025,2,"Bryson City","Swain",35.434767,-83.442133,49,NA
2025-02-02,2025,2,"Castle Hayne","New Hanover",34.364167,-77.838611,25,NA
2025-02-02,2025,2,"Clemmons Middle","Forsyth",36.026612,-80.341962,30,NA
2025-02-02,2025,2,"Durham Armory","Durham",36.0329550008979,-78.904037,27,NA
2025-02-02,2025,2,"Garinger High School","Mecklenburg",35.2401000008895,-80.785683,43,35
2025-02-02,2025,2,"Hattie Avenue","Forsyth",36.11094,-80.224501,31,NA
2025-02-02,2025,2,"Leggett","Edgecombe",35.988278,-77.5843,21,NA
2025-02-02,2025,2,"Mendenhall School","Guilford",36.1090060008986,-79.802314,32,NA
2025-02-02,2025,2,"Millbrook School","Wake",35.856111,-78.574167,23,32
2025-02-02,2025,2,"Pitt Agri. Center","Pitt",35.6412760008938,-77.360126,12,NA
2025-02-02,2025,2,"West Johnston Co.","Johnston",35.59095,-78.4622,17,NA
2025-02-03,2025,2,"Bryson City","Swain",35.434767,-83.442133,46,NA
2025-02-03,2025,2,"Castle Hayne","New Hanover",34.364167,-77.838611,34,NA
2025-02-03,2025,2,"Clemmons Middle","Forsyth",36.026612,-80.341962,57,NA
2025-02-03,2025,2,"Durham Armory","Durham",36.0329550008979,-78.904037,51,NA
2025-02-03,2025,2,"Frying Pan Mountain","Haywood",35.379167,-82.7925,18,NA
2025-02-03,2025,2,"Garinger High School","Mecklenburg",35.2401000008895,-80.785683,56.5,36
2025-02-03,2025,2,"Hattie Avenue","Forsyth",36.11094,-80.224501,55,NA
2025-02-03,2025,2,"Leggett","Edgecombe",35.988278,-77.5843,31,NA
2025-02-03,2025,2,"Linville Falls","Avery",35.972347,-81.933072,31,NA
2025-02-03,2025,2,"Mendenhall School","Guilford",36.1090060008986,-79.802314,55,NA
2025-02-03,2025,2,"Millbrook School","Wake",35.856111,-78.574167,46.5,32
2025-02-03,2025,2,"Pitt Agri. Center","Pitt",35.6412760008938,-77.360126,29,NA
2025-02-03,2025,2,"West Johnston Co.","Johnston",35.59095,-78.4622,39,NA
2025-02-04,2025,2,"Bryson City","Swain",35.434767,-83.442133,52,NA
2025-02-04,2025,2,"Castle Hayne","New Hanover",34.364167,-77.838611,49,NA
2025-02-04,2025,2,"Clemmons Middle","Forsyth",36.026612,-80.341962,38,NA
2025-02-04,2025,2,"Durham Armory","Durham",36.0329550008979,-78.904037,57,NA
2025-02-04,2025,2,"Garinger High School","Mecklenburg",35.2401000008895,-80.785683,56,41
2025-02-04,2025,2,"Hattie Avenue","Forsyth",36.11094,-80.224501,53,NA
2025-02-04,2025,2,"Leggett","Edgecombe",35.988278,-77.5843,48,NA
2025-02-04,2025,2,"Mendenhall School","Guilford",36.1090060008986,-79.802314,49,NA
2025-02-04,2025,2,"Millbrook School","Wake",35.856111,-78.574167,53,41
2025-02-04,2025,2,"Pitt Agri. Center","Pitt",35.6412760008938,-77.360126,46,NA
2025-02-04,2025,2,"West Johnston Co.","Johnston",35.59095,-78.4622,51,NA
2025-02-05,2025,2,"Bryson City","Swain",35.434767,-83.442133,49,NA
2025-02-05,2025,2,"Castle Hayne","New Hanover",34.364167,-77.838611,46,NA
2025-02-05,2025,2,"Clemmons Middle","Forsyth",36.026612,-80.341962,33,NA
2025-02-05,2025,2,"Durham Armory","Durham",36.0329550008979,-78.904037,43,NA
2025-02-05,2025,2,"Garinger High School","Mecklenburg",35.2401000008895,-80.785683,52,31
2025-02-05,2025,2,"Hattie Avenue","Forsyth",36.11094,-80.224501,32,NA
2025-02-05,2025,2,"Leggett","Edgecombe",35.988278,-77.5843,26,NA
2025-02-05,2025,2,"Mendenhall School","Guilford",36.1090060008986,-79.802314,22,NA
2025-02-05,2025,2,"Millbrook School","Wake",35.856111,-78.574167,29,31
2025-02-05,2025,2,"Pitt Agri. Center","Pitt",35.6412760008938,-77.360126,12,NA
2025-02-05,2025,2,"West Johnston Co.","Johnston",35.59095,-78.4622,20,NA
2025-02-06,2025,2,"Bryson City","Swain",35.434767,-83.442133,46,NA
2025-02-06,2025,2,"Castle Hayne","New Hanover",34.364167,-77.838611,57,NA
2025-02-06,2025,2,"Clemmons Middle","Forsyth",36.026612,-80.341962,57,NA
2025-02-06,2025,2,"Durham Armory","Durham",36.0329550008979,-78.904037,55,NA
2025-02-06,2025,2,"Frying Pan Mountain","Haywood",35.379167,-82.7925,23,NA
2025-02-06,2025,2,"Garinger High School","Mecklenburg",35.2401000008895,-80.785683,56,31
2025-02-06,2025,2,"Hattie Avenue","Forsyth",36.11094,-80.224501,58.5,NA
2025-02-06,2025,2,"Leggett","Edgecombe",35.988278,-77.5843,36,NA
2025-02-06,2025,2,"Linville Falls","Avery",35.972347,-81.933072,39,NA
2025-02-06,2025,2,"Mendenhall School","Guilford",36.1090060008986,-79.802314,55,NA
2025-02-06,2025,2,"Millbrook School","Wake",35.856111,-78.574167,58,19
2025-02-06,2025,2,"Pitt Agri. Center","Pitt",35.6412760008938,-77.360126,47,NA
2025-02-06,2025,2,"West Johnston Co.","Johnston",35.59095,-78.4622,57,NA
2025-02-07,2025,2,"Bryson City","Swain",35.434767,-83.442133,19,NA
2025-02-07,2025,2,"Castle Hayne","New Hanover",34.364167,-77.838611,56,NA
2025-02-07,2025,2,"Clemmons Middle","Forsyth",36.026612,-80.341962,38,NA
2025-02-07,2025,2,"Durham Armory","Durham",36.0329550008979,-78.904037,46,NA
2025-02-07,2025,2,"Garinger High School","Mecklenburg",35.2401000008895,-80.785683,47,34
2025-02-07,2025,2,"Hattie Avenue","Forsyth",36.11094,-80.224501,39,NA
2025-02-07,2025,2,"Leggett","Edgecombe",35.988278,-77.5843,36,NA
2025-02-07,2025,2,"Mendenhall School","Guilford",36.1090060008986,-79.802314,24,NA
2025-02-07,2025,2,"Millbrook School","Wake",35.856111,-78.574167,44,41
2025-02-07,2025,2,"Pitt Agri. Center","Pitt",35.6412760008938,-77.360126,36,NA
2025-02-07,2025,2,"West Johnston Co.","Johnston",35.59095,-78.4622,44,NA
2025-02-08,2025,2,"Bryson City","Swain",35.434767,-83.442133,32,NA
2025-02-08,2025,2,"Castle Hayne","New Hanover",34.364167,-77.838611,49,NA
2025-02-08,2025,2,"Clemmons Middle","Forsyth",36.026612,-80.341962,30,NA
2025-02-08,2025,2,"Durham Armory","Durham",36.0329550008979,-78.904037,44,NA
2025-02-08,2025,2,"Garinger High School","Mecklenburg",35.2401000008895,-80.785683,53,29
2025-02-08,2025,2,"Hattie Avenue","Forsyth",36.11094,-80.224501,35,NA
2025-02-08,2025,2,"Leggett","Edgecombe",35.988278,-77.5843,34,NA
2025-02-08,2025,2,"Mendenhall School","Guilford",36.1090060008986,-79.802314,28,NA
2025-02-08,2025,2,"Millbrook School","Wake",35.856111,-78.574167,37,25
2025-02-08,2025,2,"Pitt Agri. Center","Pitt",35.6412760008938,-77.360126,21,NA
2025-02-08,2025,2,"West Johnston Co.","Johnston",35.59095,-78.4622,34,NA
2025-02-09,2025,2,"Bryson City","Swain",35.434767,-83.442133,21,NA
2025-02-09,2025,2,"Castle Hayne","New Hanover",34.364167,-77.838611,53.5,NA
2025-02-09,2025,2,"Clemmons Middle","Forsyth",36.026612,-80.341962,38,NA
2025-02-09,2025,2,"Durham Armory","Durham",36.0329550008979,-78.904037,46,NA
2025-02-09,2025,2,"Frying Pan Mountain","Haywood",35.379167,-82.7925,14,NA
2025-02-09,2025,2,"Garinger High School","Mecklenburg",35.2401000008895,-80.785683,41,39
2025-02-09,2025,2,"Hattie Avenue","Forsyth",36.11094,-80.224501,38,NA
2025-02-09,2025,2,"Leggett","Edgecombe",35.988278,-77.5843,36,NA
2025-02-09,2025,2,"Linville Falls","Avery",35.972347,-81.933072,17,NA
2025-02-09,2025,2,"Mendenhall School","Guilford",36.1090060008986,-79.802314,38,NA
2025-02-09,2025,2,"Millbrook School","Wake",35.856111,-78.574167,46,35
2025-02-09,2025,2,"Pitt Agri. Center","Pitt",35.6412760008938,-77.360126,43,NA
2025-02-09,2025,2,"West Johnston Co.","Johnston",35.59095,-78.4622,46,NA
2025-02-10,2025,2,"Bryson City","Swain",35.434767,-83.442133,18,NA
2025-02-10,2025,2,"Castle Hayne","New Hanover",34.364167,-77.838611,25.5,NA
2025-02-10,2025,2,"Clemmons Middle","Forsyth",36.026612,-80.341962,34,NA
2025-02-10,2025,2,"Durham Armory","Durham",36.0329550008979,-78.904037,37,NA
2025-02-10,2025,2,"Garinger High School","Mecklenburg",35.2401000008895,-80.785683,28,26
2025-02-10,2025,2,"Hattie Avenue","Forsyth",36.11094,-80.224501,32,NA
2025-02-10,2025,2,"Leggett","Edgecombe",35.988278,-77.5843,26,NA
2025-02-10,2025,2,"Mendenhall School","Guilford",36.1090060008986,-79.802314,19,NA
2025-02-10,2025,2,"Millbrook School","Wake",35.856111,-78.574167,32,30
2025-02-10,2025,2,"Pitt Agri. Center","Pitt",35.6412760008938,-77.360126,16,NA
2025-02-10,2025,2,"West Johnston Co.","Johnston",35.59095,-78.4622,27,NA
2025-02-11,2025,2,"Bryson City","Swain",35.434767,-83.442133,21,NA
2025-02-11,2025,2,"Castle Hayne","New Hanover",34.364167,-77.838611,33,NA
2025-02-11,2025,2,"Clemmons Middle","Forsyth",36.026612,-80.341962,51,NA
2025-02-11,2025,2,"Durham Armory","Durham",36.0329550008979,-78.904037,45,NA
2025-02-11,2025,2,"Garinger High School","Mecklenburg",35.2401000008895,-80.785683,39,28
2025-02-11,2025,2,"Hattie Avenue","Forsyth",36.11094,-80.224501,52,NA
2025-02-11,2025,2,"Leggett","Edgecombe",35.988278,-77.5843,31,NA
2025-02-11,2025,2,"Mendenhall School","Guilford",36.1090060008986,-79.802314,40,NA
2025-02-11,2025,2,"Millbrook School","Wake",35.856111,-78.574167,39,29
2025-02-11,2025,2,"Pitt Agri. Center","Pitt",35.6412760008938,-77.360126,27,NA
2025-02-11,2025,2,"West Johnston Co.","Johnston",35.59095,-78.4622,30,NA
2025-02-12,2025,2,"Bryson City","Swain",35.434767,-83.442133,23,NA
2025-02-12,2025,2,"Castle Hayne","New Hanover",34.364167,-77.838611,18.5,NA
2025-02-12,2025,2,"Clemmons Middle","Forsyth",36.026612,-80.341962,10,NA
2025-02-12,2025,2,"Durham Armory","Durham",36.0329550008979,-78.904037,14,NA
2025-02-12,2025,2,"Frying Pan Mountain","Haywood",35.379167,-82.7925,2,NA
2025-02-12,2025,2,"Garinger High School","Mecklenburg",35.2401000008895,-80.785683,8,20
2025-02-12,2025,2,"Hattie Avenue","Forsyth",36.11094,-80.224501,8.5,NA
2025-02-12,2025,2,"Leggett","Edgecombe",35.988278,-77.5843,11,NA
2025-02-12,2025,2,"Linville Falls","Avery",35.972347,-81.933072,18,NA
2025-02-12,2025,2,"Mendenhall School","Guilford",36.1090060008986,-79.802314,2,NA
2025-02-12,2025,2,"Millbrook School","Wake",35.856111,-78.574167,10.5,27
2025-02-12,2025,2,"Pitt Agri. Center","Pitt",35.6412760008938,-77.360126,6,NA
2025-02-12,2025,2,"West Johnston Co.","Johnston",35.59095,-78.4622,16,NA
2025-02-13,2025,2,"Bryson City","Swain",35.434767,-83.442133,15,NA
2025-02-13,2025,2,"Castle Hayne","New Hanover",34.364167,-77.838611,32.5,NA
2025-02-13,2025,2,"Clemmons Middle","Forsyth",36.026612,-80.341962,21,NA
2025-02-13,2025,2,"Durham Armory","Durham",36.0329550008979,-78.904037,19,NA
2025-02-13,2025,2,"Garinger High School","Mecklenburg",35.2401000008895,-80.785683,19,NA
2025-02-13,2025,2,"Hattie Avenue","Forsyth",36.11094,-80.224501,22,NA
2025-02-13,2025,2,"Leggett","Edgecombe",35.988278,-77.5843,14,NA
2025-02-13,2025,2,"Mendenhall School","Guilford",36.1090060008986,-79.802314,10,NA
2025-02-13,2025,2,"Millbrook School","Wake",35.856111,-78.574167,21,25
2025-02-13,2025,2,"Pitt Agri. Center","Pitt",35.6412760008938,-77.360126,14,NA
2025-02-13,2025,2,"West Johnston Co.","Johnston",35.59095,-78.4622,24,NA
2025-02-14,2025,2,"Bryson City","Swain",35.434767,-83.442133,34,NA
2025-02-14,2025,2,"Castle Hayne","New Hanover",34.364167,-77.838611,30,NA
2025-02-14,2025,2,"Clemmons Middle","Forsyth",36.026612,-80.341962,33,NA
2025-02-14,2025,2,"Durham Armory","Durham",36.0329550008979,-78.904037,34,NA
2025-02-14,2025,2,"Garinger High School","Mecklenburg",35.2401000008895,-80.785683,38,35
2025-02-14,2025,2,"Hattie Avenue","Forsyth",36.11094,-80.224501,33,NA
2025-02-14,2025,2,"Leggett","Edgecombe",35.988278,-77.5843,25,NA
2025-02-14,2025,2,"Mendenhall School","Guilford",36.1090060008986,-79.802314,32,NA
2025-02-14,2025,2,"Millbrook School","Wake",35.856111,-78.574167,38,34
2025-02-14,2025,2,"Pitt Agri. Center","Pitt",35.6412760008938,-77.360126,18,NA
2025-02-14,2025,2,"West Johnston Co.","Johnston",35.59095,-78.4622,28,NA
2025-02-15,2025,2,"Bryson City","Swain",35.434767,-83.442133,46,NA
2025-02-15,2025,2,"Castle Hayne","New Hanover",34.364167,-77.838611,29,NA
2025-02-15,2025,2,"Clemmons Middle","Forsyth",36.026612,-80.341962,41,NA
2025-02-15,2025,2,"Durham Armory","Durham",36.0329550008979,-78.904037,32,NA
2025-02-15,2025,2,"Frying Pan Mountain","Haywood",35.379167,-82.7925,8,NA
2025-02-15,2025,2,"Garinger High School","Mecklenburg",35.2401000008895,-80.785683,39,23
2025-02-15,2025,2,"Hattie Avenue","Forsyth",36.11094,-80.224501,39,NA
2025-02-15,2025,2,"Leggett","Edgecombe",35.988278,-77.5843,24,NA
2025-02-15,2025,2,"Linville Falls","Avery",35.972347,-81.933072,22,NA
2025-02-15,2025,2,"Mendenhall School","Guilford",36.1090060008986,-79.802314,34,NA
2025-02-15,2025,2,"Millbrook School","Wake",35.856111,-78.574167,28,29
2025-02-15,2025,2,"Pitt Agri. Center","Pitt",35.6412760008938,-77.360126,17,NA
2025-02-15,2025,2,"West Johnston Co.","Johnston",35.59095,-78.4622,36,NA
2025-02-16,2025,2,"Bryson City","Swain",35.434767,-83.442133,19,NA
2025-02-16,2025,2,"Castle Hayne","New Hanover",34.364167,-77.838611,27,NA
2025-02-16,2025,2,"Clemmons Middle","Forsyth",36.026612,-80.341962,14,NA
2025-02-16,2025,2,"Durham Armory","Durham",36.0329550008979,-78.904037,15,NA
2025-02-16,2025,2,"Garinger High School","Mecklenburg",35.2401000008895,-80.785683,24,33
2025-02-16,2025,2,"Hattie Avenue","Forsyth",36.11094,-80.224501,16,NA
2025-02-16,2025,2,"Leggett","Edgecombe",35.988278,-77.5843,14,NA
2025-02-16,2025,2,"Mendenhall School","Guilford",36.1090060008986,-79.802314,9,NA
2025-02-16,2025,2,"Millbrook School","Wake",35.856111,-78.574167,17,33
2025-02-16,2025,2,"Pitt Agri. Center","Pitt",35.6412760008938,-77.360126,9,NA
2025-02-16,2025,2,"West Johnston Co.","Johnston",35.59095,-78.4622,24,NA
2025-02-17,2025,2,"Bryson City","Swain",35.434767,-83.442133,19,NA
2025-02-17,2025,2,"Castle Hayne","New Hanover",34.364167,-77.838611,20.5,NA
2025-02-17,2025,2,"Clemmons Middle","Forsyth",36.026612,-80.341962,20,NA
2025-02-17,2025,2,"Durham Armory","Durham",36.0329550008979,-78.904037,21,NA
2025-02-17,2025,2,"Garinger High School","Mecklenburg",35.2401000008895,-80.785683,28,39
2025-02-17,2025,2,"Hattie Avenue","Forsyth",36.11094,-80.224501,19,NA
2025-02-17,2025,2,"Leggett","Edgecombe",35.988278,-77.5843,17,NA
2025-02-17,2025,2,"Mendenhall School","Guilford",36.1090060008986,-79.802314,13,NA
2025-02-17,2025,2,"Millbrook School","Wake",35.856111,-78.574167,18,38
2025-02-17,2025,2,"Pitt Agri. Center","Pitt",35.6412760008938,-77.360126,11,NA
2025-02-17,2025,2,"West Johnston Co.","Johnston",35.59095,-78.4622,12,NA
2025-02-18,2025,2,"Bryson City","Swain",35.434767,-83.442133,34,NA
2025-02-18,2025,2,"Castle Hayne","New Hanover",34.364167,-77.838611,30.5,NA
2025-02-18,2025,2,"Clemmons Middle","Forsyth",36.026612,-80.341962,29,NA
2025-02-18,2025,2,"Durham Armory","Durham",36.0329550008979,-78.904037,19,NA
2025-02-18,2025,2,"Frying Pan Mountain","Haywood",35.379167,-82.7925,10,NA
2025-02-18,2025,2,"Garinger High School","Mecklenburg",35.2401000008895,-80.785683,47,37
2025-02-18,2025,2,"Hattie Avenue","Forsyth",36.11094,-80.224501,25,NA
2025-02-18,2025,2,"Leggett","Edgecombe",35.988278,-77.5843,13,NA
2025-02-18,2025,2,"Linville Falls","Avery",35.972347,-81.933072,14,NA
2025-02-18,2025,2,"Mendenhall School","Guilford",36.1090060008986,-79.802314,19,NA
2025-02-18,2025,2,"Millbrook School","Wake",35.856111,-78.574167,22.5,38
2025-02-18,2025,2,"Pitt Agri. Center","Pitt",35.6412760008938,-77.360126,16,NA
2025-02-18,2025,2,"West Johnston Co.","Johnston",35.59095,-78.4622,24,NA
2025-02-19,2025,2,"Bryson City","Swain",35.434767,-83.442133,42,NA
2025-02-19,2025,2,"Castle Hayne","New Hanover",34.364167,-77.838611,25.5,NA
2025-02-19,2025,2,"Clemmons Middle","Forsyth",36.026612,-80.341962,31,NA
2025-02-19,2025,2,"Durham Armory","Durham",36.0329550008979,-78.904037,37,NA
2025-02-19,2025,2,"Garinger High School","Mecklenburg",35.2401000008895,-80.785683,51,27
2025-02-19,2025,2,"Hattie Avenue","Forsyth",36.11094,-80.224501,30,NA
2025-02-19,2025,2,"Leggett","Edgecombe",35.988278,-77.5843,23,NA
2025-02-19,2025,2,"Mendenhall School","Guilford",36.1090060008986,-79.802314,29,NA
2025-02-19,2025,2,"Millbrook School","Wake",35.856111,-78.574167,28,30
2025-02-19,2025,2,"Pitt Agri. Center","Pitt",35.6412760008938,-77.360126,18,NA
2025-02-19,2025,2,"West Johnston Co.","Johnston",35.59095,-78.4622,17,NA
2025-02-20,2025,2,"Bryson City","Swain",35.434767,-83.442133,22,NA
2025-02-20,2025,2,"Castle Hayne","New Hanover",34.364167,-77.838611,47,NA
2025-02-20,2025,2,"Clemmons Middle","Forsyth",36.026612,-80.341962,33,NA
2025-02-20,2025,2,"Durham Armory","Durham",36.0329550008979,-78.904037,32,NA
2025-02-20,2025,2,"Garinger High School","Mecklenburg",35.2401000008895,-80.785683,39,35
2025-02-20,2025,2,"Hattie Avenue","Forsyth",36.11094,-80.224501,32,NA
2025-02-20,2025,2,"Leggett","Edgecombe",35.988278,-77.5843,25,NA
2025-02-20,2025,2,"Mendenhall School","Guilford",36.1090060008986,-79.802314,27,NA
2025-02-20,2025,2,"Millbrook School","Wake",35.856111,-78.574167,23,35
2025-02-20,2025,2,"Pitt Agri. Center","Pitt",35.6412760008938,-77.360126,22,NA
2025-02-20,2025,2,"West Johnston Co.","Johnston",35.59095,-78.4622,19,NA
2025-02-21,2025,2,"Bryson City","Swain",35.434767,-83.442133,16,NA
2025-02-21,2025,2,"Castle Hayne","New Hanover",34.364167,-77.838611,38.5,NA
2025-02-21,2025,2,"Clemmons Middle","Forsyth",36.026612,-80.341962,22,NA
2025-02-21,2025,2,"Durham Armory","Durham",36.0329550008979,-78.904037,28,NA
2025-02-21,2025,2,"Frying Pan Mountain","Haywood",35.379167,-82.7925,6,NA
2025-02-21,2025,2,"Garinger High School","Mecklenburg",35.2401000008895,-80.785683,33,32
2025-02-21,2025,2,"Hattie Avenue","Forsyth",36.11094,-80.224501,16.5,NA
2025-02-21,2025,2,"Leggett","Edgecombe",35.988278,-77.5843,22,NA
2025-02-21,2025,2,"Linville Falls","Avery",35.972347,-81.933072,9,NA
2025-02-21,2025,2,"Mendenhall School","Guilford",36.1090060008986,-79.802314,24,NA
2025-02-21,2025,2,"Millbrook School","Wake",35.856111,-78.574167,22,35
2025-02-21,2025,2,"Pitt Agri. Center","Pitt",35.6412760008938,-77.360126,19,NA
2025-02-21,2025,2,"West Johnston Co.","Johnston",35.59095,-78.4622,16,NA
2025-02-22,2025,2,"Bryson City","Swain",35.434767,-83.442133,51,NA
2025-02-22,2025,2,"Castle Hayne","New Hanover",34.364167,-77.838611,56,NA
2025-02-22,2025,2,"Clemmons Middle","Forsyth",36.026612,-80.341962,31,NA
2025-02-22,2025,2,"Durham Armory","Durham",36.0329550008979,-78.904037,36,NA
2025-02-22,2025,2,"Garinger High School","Mecklenburg",35.2401000008895,-80.785683,42,40
2025-02-22,2025,2,"Hattie Avenue","Forsyth",36.11094,-80.224501,30,NA
2025-02-22,2025,2,"Leggett","Edgecombe",35.988278,-77.5843,25,NA
2025-02-22,2025,2,"Mendenhall School","Guilford",36.1090060008986,-79.802314,29,NA
2025-02-22,2025,2,"Millbrook School","Wake",35.856111,-78.574167,31,33
2025-02-22,2025,2,"Pitt Agri. Center","Pitt",35.6412760008938,-77.360126,32,NA
2025-02-22,2025,2,"West Johnston Co.","Johnston",35.59095,-78.4622,27,NA
2025-02-23,2025,2,"Bryson City","Swain",35.434767,-83.442133,51,NA
2025-02-23,2025,2,"Castle Hayne","New Hanover",34.364167,-77.838611,46.5,NA
2025-02-23,2025,2,"Clemmons Middle","Forsyth",36.026612,-80.341962,44,NA
2025-02-23,2025,2,"Durham Armory","Durham",36.0329550008979,-78.904037,44,NA
2025-02-23,2025,2,"Garinger High School","Mecklenburg",35.2401000008895,-80.785683,55,44
2025-02-23,2025,2,"Hattie Avenue","Forsyth",36.11094,-80.224501,33,NA
2025-02-23,2025,2,"Leggett","Edgecombe",35.988278,-77.5843,32,NA
2025-02-23,2025,2,"Mendenhall School","Guilford",36.1090060008986,-79.802314,46,NA
2025-02-23,2025,2,"Millbrook School","Wake",35.856111,-78.574167,43,41
2025-02-23,2025,2,"Pitt Agri. Center","Pitt",35.6412760008938,-77.360126,42,NA
2025-02-23,2025,2,"West Johnston Co.","Johnston",35.59095,-78.4622,47,NA
2025-02-24,2025,2,"Bryson City","Swain",35.434767,-83.442133,35,NA
2025-02-24,2025,2,"Castle Hayne","New Hanover",34.364167,-77.838611,61.5,NA
2025-02-24,2025,2,"Clemmons Middle","Forsyth",36.026612,-80.341962,52.5,NA
2025-02-24,2025,2,"Durham Armory","Durham",36.0329550008979,-78.904037,40,NA
2025-02-24,2025,2,"Frying Pan Mountain","Haywood",35.379167,-82.7925,15,NA
2025-02-24,2025,2,"Garinger High School","Mecklenburg",35.2401000008895,-80.785683,66,50
2025-02-24,2025,2,"Hattie Avenue","Forsyth",36.11094,-80.224501,42,NA
2025-02-24,2025,2,"Leggett","Edgecombe",35.988278,-77.5843,31,NA
2025-02-24,2025,2,"Linville Falls","Avery",35.972347,-81.933072,14,NA
2025-02-24,2025,2,"Mendenhall School","Guilford",36.1090060008986,-79.802314,43,NA
2025-02-24,2025,2,"Millbrook School","Wake",35.856111,-78.574167,52,43
2025-02-24,2025,2,"Pitt Agri. Center","Pitt",35.6412760008938,-77.360126,38,NA
2025-02-24,2025,2,"West Johnston Co.","Johnston",35.59095,-78.4622,53,NA
2025-02-25,2025,2,"Bryson City","Swain",35.434767,-83.442133,41,NA
2025-02-25,2025,2,"Castle Hayne","New Hanover",34.364167,-77.838611,69,NA
2025-02-25,2025,2,"Clemmons Middle","Forsyth",36.026612,-80.341962,52,NA
2025-02-25,2025,2,"Durham Armory","Durham",36.0329550008979,-78.904037,55,NA
2025-02-25,2025,2,"Garinger High School","Mecklenburg",35.2401000008895,-80.785683,62,49
2025-02-25,2025,2,"Hattie Avenue","Forsyth",36.11094,-80.224501,58,46
2025-02-25,2025,2,"Leggett","Edgecombe",35.988278,-77.5843,51,NA
2025-02-25,2025,2,"Mendenhall School","Guilford",36.1090060008986,-79.802314,48,NA
2025-02-25,2025,2,"Millbrook School","Wake",35.856111,-78.574167,61,47
2025-02-25,2025,2,"Pitt Agri. Center","Pitt",35.6412760008938,-77.360126,58,NA
2025-02-25,2025,2,"West Johnston Co.","Johnston",35.59095,-78.4622,60,NA
2025-02-26,2025,2,"Bryson City","Swain",35.434767,-83.442133,29,NA
2025-02-26,2025,2,"Castle Hayne","New Hanover",34.364167,-77.838611,78,NA
2025-02-26,2025,2,"Clemmons Middle","Forsyth",36.026612,-80.341962,39,NA
2025-02-26,2025,2,"Durham Armory","Durham",36.0329550008979,-78.904037,49,NA
2025-02-26,2025,2,"Garinger High School","Mecklenburg",35.2401000008895,-80.785683,59,51
2025-02-26,2025,2,"Hattie Avenue","Forsyth",36.11094,-80.224501,33,54
2025-02-26,2025,2,"Leggett","Edgecombe",35.988278,-77.5843,46,NA
2025-02-26,2025,2,"Mendenhall School","Guilford",36.1090060008986,-79.802314,33,NA
2025-02-26,2025,2,"Millbrook School","Wake",35.856111,-78.574167,53,42
2025-02-26,2025,2,"Pitt Agri. Center","Pitt",35.6412760008938,-77.360126,51,NA
2025-02-26,2025,2,"West Johnston Co.","Johnston",35.59095,-78.4622,57,NA
2025-02-27,2025,2,"Bryson City","Swain",35.434767,-83.442133,34,NA
2025-02-27,2025,2,"Castle Hayne","New Hanover",34.364167,-77.838611,69,NA
2025-02-27,2025,2,"Clemmons Middle","Forsyth",36.026612,-80.341962,55,45
2025-02-27,2025,2,"Durham Armory","Durham",36.0329550008979,-78.904037,65,NA
2025-02-27,2025,2,"Frying Pan Mountain","Haywood",35.379167,-82.7925,25,NA
2025-02-27,2025,2,"Garinger High School","Mecklenburg",35.2401000008895,-80.785683,57.5,46
2025-02-27,2025,2,"Hattie Avenue","Forsyth",36.11094,-80.224501,55.5,44
2025-02-27,2025,2,"Leggett","Edgecombe",35.988278,-77.5843,62,NA
2025-02-27,2025,2,"Linville Falls","Avery",35.972347,-81.933072,30,NA
2025-02-27,2025,2,"Mendenhall School","Guilford",36.1090060008986,-79.802314,55,NA
2025-02-27,2025,2,"Millbrook School","Wake",35.856111,-78.574167,65,47
2025-02-27,2025,2,"Pitt Agri. Center","Pitt",35.6412760008938,-77.360126,61,NA
2025-02-27,2025,2,"West Johnston Co.","Johnston",35.59095,-78.4622,64,NA
2025-02-28,2025,2,"Bryson City","Swain",35.434767,-83.442133,19,NA
2025-02-28,2025,2,"Castle Hayne","New Hanover",34.364167,-77.838611,26,NA
2025-02-28,2025,2,"Clemmons Middle","Forsyth",36.026612,-80.341962,13,45
2025-02-28,2025,2,"Durham Armory","Durham",36.0329550008979,-78.904037,23,NA
2025-02-28,2025,2,"Garinger High School","Mecklenburg",35.2401000008895,-80.785683,19,45
2025-02-28,2025,2,"Hattie Avenue","Forsyth",36.11094,-80.224501,14,44
2025-02-28,2025,2,"Leggett","Edgecombe",35.988278,-77.5843,19,NA
2025-02-28,2025,2,"Mendenhall School","Guilford",36.1090060008986,-79.802314,12,NA
2025-02-28,2025,2,"Millbrook School","Wake",35.856111,-78.574167,24,42
2025-02-28,2025,2,"Pitt Agri. Center","Pitt",35.6412760008938,-77.360126,17,NA
2025-02-28,2025,2,"West Johnston Co.","Johnston",35.59095,-78.4622,16,NA
2025-03-01,2025,3,"Bryson City","Swain",35.434767,-83.442133,17,43
2025-03-01,2025,3,"Castle Hayne","New Hanover",34.364167,-77.838611,57.5,51
2025-03-01,2025,3,"Clemmons Middle","Forsyth",36.026612,-80.341962,28,48
2025-03-01,2025,3,"Durham Armory","Durham",36.0329550008979,-78.904037,45,NA
2025-03-01,2025,3,"Frying Pan Mountain","Haywood",35.379167,-82.7925,NA,46
2025-03-01,2025,3,"Garinger High School","Mecklenburg",35.2401000008895,-80.785683,32,49
2025-03-01,2025,3,"Hattie Avenue","Forsyth",36.11094,-80.224501,29,47
2025-03-01,2025,3,"Leggett","Edgecombe",35.988278,-77.5843,36,0
2025-03-01,2025,3,"Linville Falls","Avery",35.972347,-81.933072,NA,47
2025-03-01,2025,3,"Mendenhall School","Guilford",36.1090060008986,-79.802314,24,47
2025-03-01,2025,3,"Millbrook School","Wake",35.856111,-78.574167,37,48
2025-03-01,2025,3,"Pitt Agri. Center","Pitt",35.6412760008938,-77.360126,35,49
2025-03-01,2025,3,"West Johnston Co.","Johnston",35.59095,-78.4622,39,NA
2025-03-02,2025,3,"Bryson City","Swain",35.434767,-83.442133,12,40
2025-03-02,2025,3,"Castle Hayne","New Hanover",34.364167,-77.838611,22.5,36
2025-03-02,2025,3,"Clemmons Middle","Forsyth",36.026612,-80.341962,18,41
2025-03-02,2025,3,"Durham Armory","Durham",36.0329550008979,-78.904037,23,NA
2025-03-02,2025,3,"Frying Pan Mountain","Haywood",35.379167,-82.7925,16,45
2025-03-02,2025,3,"Garinger High School","Mecklenburg",35.2401000008895,-80.785683,25.5,40
2025-03-02,2025,3,"Hattie Avenue","Forsyth",36.11094,-80.224501,21.5,41
2025-03-02,2025,3,"Leggett","Edgecombe",35.988278,-77.5843,19,0
2025-03-02,2025,3,"Linville Falls","Avery",35.972347,-81.933072,23,43
2025-03-02,2025,3,"Mendenhall School","Guilford",36.1090060008986,-79.802314,22,39
2025-03-02,2025,3,"Millbrook School","Wake",35.856111,-78.574167,18,38
2025-03-02,2025,3,"Pitt Agri. Center","Pitt",35.6412760008938,-77.360126,12,39
2025-03-02,2025,3,"West Johnston Co.","Johnston",35.59095,-78.4622,9,NA
2025-03-03,2025,3,"Bryson City","Swain",35.434767,-83.442133,27,42
2025-03-03,2025,3,"Castle Hayne","New Hanover",34.364167,-77.838611,28.5,41
2025-03-03,2025,3,"Clemmons Middle","Forsyth",36.026612,-80.341962,48,44
2025-03-03,2025,3,"Durham Armory","Durham",36.0329550008979,-78.904037,32,NA
2025-03-03,2025,3,"Frying Pan Mountain","Haywood",35.379167,-82.7925,NA,47
2025-03-03,2025,3,"Garinger High School","Mecklenburg",35.2401000008895,-80.785683,40,42
2025-03-03,2025,3,"Hattie Avenue","Forsyth",36.11094,-80.224501,33,44
2025-03-03,2025,3,"Leggett","Edgecombe",35.988278,-77.5843,24,0
2025-03-03,2025,3,"Linville Falls","Avery",35.972347,-81.933072,NA,44
2025-03-03,2025,3,"Mendenhall School","Guilford",36.1090060008986,-79.802314,31,41
2025-03-03,2025,3,"Millbrook School","Wake",35.856111,-78.574167,39,40
2025-03-03,2025,3,"Pitt Agri. Center","Pitt",35.6412760008938,-77.360126,17,42
2025-03-03,2025,3,"West Johnston Co.","Johnston",35.59095,-78.4622,37,NA
2025-03-04,2025,3,"Bryson City","Swain",35.434767,-83.442133,48,43
2025-03-04,2025,3,"Castle Hayne","New Hanover",34.364167,-77.838611,25,42
2025-03-04,2025,3,"Clemmons Middle","Forsyth",36.026612,-80.341962,35,44
2025-03-04,2025,3,"Durham Armory","Durham",36.0329550008979,-78.904037,51,43
2025-03-04,2025,3,"Frying Pan Mountain","Haywood",35.379167,-82.7925,NA,44
2025-03-04,2025,3,"Garinger High School","Mecklenburg",35.2401000008895,-80.785683,29,42
2025-03-04,2025,3,"Hattie Avenue","Forsyth",36.11094,-80.224501,34,44
2025-03-04,2025,3,"Leggett","Edgecombe",35.988278,-77.5843,26,NA
2025-03-04,2025,3,"Linville Falls","Avery",35.972347,-81.933072,NA,44
2025-03-04,2025,3,"Mendenhall School","Guilford",36.1090060008986,-79.802314,32,43
2025-03-04,2025,3,"Millbrook School","Wake",35.856111,-78.574167,34,40
2025-03-04,2025,3,"Pitt Agri. Center","Pitt",35.6412760008938,-77.360126,17,43
2025-03-04,2025,3,"West Johnston Co.","Johnston",35.59095,-78.4622,42,NA
2025-03-05,2025,3,"Bryson City","Swain",35.434767,-83.442133,25,35
2025-03-05,2025,3,"Castle Hayne","New Hanover",34.364167,-77.838611,52.5,38
2025-03-05,2025,3,"Clemmons Middle","Forsyth",36.026612,-80.341962,34,44
2025-03-05,2025,3,"Durham Armory","Durham",36.0329550008979,-78.904037,25,37
2025-03-05,2025,3,"Garinger High School","Mecklenburg",35.2401000008895,-80.785683,38,42
2025-03-05,2025,3,"Hattie Avenue","Forsyth",36.11094,-80.224501,33,44
2025-03-05,2025,3,"Leggett","Edgecombe",35.988278,-77.5843,32,NA
2025-03-05,2025,3,"Linville Falls","Avery",35.972347,-81.933072,20,45
2025-03-05,2025,3,"Mendenhall School","Guilford",36.1090060008986,-79.802314,33,43
2025-03-05,2025,3,"Millbrook School","Wake",35.856111,-78.574167,31,35
2025-03-05,2025,3,"Pitt Agri. Center","Pitt",35.6412760008938,-77.360126,30,38
2025-03-05,2025,3,"West Johnston Co.","Johnston",35.59095,-78.4622,31,NA
2025-03-06,2025,3,"Bryson City","Swain",35.434767,-83.442133,13,36
2025-03-06,2025,3,"Castle Hayne","New Hanover",34.364167,-77.838611,25,32
2025-03-06,2025,3,"Clemmons Middle","Forsyth",36.026612,-80.341962,9,36
2025-03-06,2025,3,"Durham Armory","Durham",36.0329550008979,-78.904037,12,34
2025-03-06,2025,3,"Frying Pan Mountain","Haywood",35.379167,-82.7925,NA,42
2025-03-06,2025,3,"Garinger High School","Mecklenburg",35.2401000008895,-80.785683,7,35
2025-03-06,2025,3,"Hattie Avenue","Forsyth",36.11094,-80.224501,10,35
2025-03-06,2025,3,"Leggett","Edgecombe",35.988278,-77.5843,11,36
2025-03-06,2025,3,"Linville Falls","Avery",35.972347,-81.933072,NA,38
2025-03-06,2025,3,"Mendenhall School","Guilford",36.1090060008986,-79.802314,6,34
2025-03-06,2025,3,"Millbrook School","Wake",35.856111,-78.574167,11,33
2025-03-06,2025,3,"Pitt Agri. Center","Pitt",35.6412760008938,-77.360126,3,34
2025-03-06,2025,3,"West Johnston Co.","Johnston",35.59095,-78.4622,0,36
2025-03-07,2025,3,"Bryson City","Swain",35.434767,-83.442133,20,32
2025-03-07,2025,3,"Castle Hayne","New Hanover",34.364167,-77.838611,25,38
2025-03-07,2025,3,"Clemmons Middle","Forsyth",36.026612,-80.341962,23,35
2025-03-07,2025,3,"Durham Armory","Durham",36.0329550008979,-78.904037,46,36
2025-03-07,2025,3,"Frying Pan Mountain","Haywood",35.379167,-82.7925,NA,45
2025-03-07,2025,3,"Garinger High School","Mecklenburg",35.2401000008895,-80.785683,26,39
2025-03-07,2025,3,"Hattie Avenue","Forsyth",36.11094,-80.224501,25,33
2025-03-07,2025,3,"Leggett","Edgecombe",35.988278,-77.5843,30,39
2025-03-07,2025,3,"Linville Falls","Avery",35.972347,-81.933072,NA,41
2025-03-07,2025,3,"Mendenhall School","Guilford",36.1090060008986,-79.802314,22,33
2025-03-07,2025,3,"Millbrook School","Wake",35.856111,-78.574167,47,34
2025-03-07,2025,3,"Pitt Agri. Center","Pitt",35.6412760008938,-77.360126,12,38
2025-03-07,2025,3,"West Johnston Co.","Johnston",35.59095,-78.4622,26,40
2025-03-08,2025,3,"Bryson City","Swain",35.434767,-83.442133,41,43
2025-03-08,2025,3,"Castle Hayne","New Hanover",34.364167,-77.838611,55,45
2025-03-08,2025,3,"Clemmons Middle","Forsyth",36.026612,-80.341962,32,43
2025-03-08,2025,3,"Durham Armory","Durham",36.0329550008979,-78.904037,59,42
2025-03-08,2025,3,"Frying Pan Mountain","Haywood",35.379167,-82.7925,27,46
2025-03-08,2025,3,"Garinger High School","Mecklenburg",35.2401000008895,-80.785683,52,44
2025-03-08,2025,3,"Hattie Avenue","Forsyth",36.11094,-80.224501,46.5,41
2025-03-08,2025,3,"Leggett","Edgecombe",35.988278,-77.5843,47,44
2025-03-08,2025,3,"Linville Falls","Avery",35.972347,-81.933072,26,42
2025-03-08,2025,3,"Mendenhall School","Guilford",36.1090060008986,-79.802314,34,42
2025-03-08,2025,3,"Millbrook School","Wake",35.856111,-78.574167,50,43
2025-03-08,2025,3,"Pitt Agri. Center","Pitt",35.6412760008938,-77.360126,51,46
2025-03-08,2025,3,"West Johnston Co.","Johnston",35.59095,-78.4622,NA,47
2025-03-09,2025,3,"Bryson City","Swain",35.434767,-83.442133,25,40
2025-03-09,2025,3,"Castle Hayne","New Hanover",34.364167,-77.838611,37.5,37
2025-03-09,2025,3,"Clemmons Middle","Forsyth",36.026612,-80.341962,22,44
2025-03-09,2025,3,"Durham Armory","Durham",36.0329550008979,-78.904037,16,41
2025-03-09,2025,3,"Frying Pan Mountain","Haywood",35.379167,-82.7925,NA,44
2025-03-09,2025,3,"Garinger High School","Mecklenburg",35.2401000008895,-80.785683,23,43
2025-03-09,2025,3,"Hattie Avenue","Forsyth",36.11094,-80.224501,24,44
2025-03-09,2025,3,"Leggett","Edgecombe",35.988278,-77.5843,32,44
2025-03-09,2025,3,"Linville Falls","Avery",35.972347,-81.933072,NA,44
2025-03-09,2025,3,"Mendenhall School","Guilford",36.1090060008986,-79.802314,22,44
2025-03-09,2025,3,"Millbrook School","Wake",35.856111,-78.574167,26,41
2025-03-09,2025,3,"Pitt Agri. Center","Pitt",35.6412760008938,-77.360126,23,41
2025-03-09,2025,3,"West Johnston Co.","Johnston",35.59095,-78.4622,NA,43
2025-03-10,2025,3,"Bryson City","Swain",35.434767,-83.442133,29,40
2025-03-10,2025,3,"Castle Hayne","New Hanover",34.364167,-77.838611,37,38
2025-03-10,2025,3,"Clemmons Middle","Forsyth",36.026612,-80.341962,30,43
2025-03-10,2025,3,"Durham Armory","Durham",36.0329550008979,-78.904037,36,40
2025-03-10,2025,3,"Frying Pan Mountain","Haywood",35.379167,-82.7925,NA,48
2025-03-10,2025,3,"Garinger High School","Mecklenburg",35.2401000008895,-80.785683,46,30
2025-03-10,2025,3,"Hattie Avenue","Forsyth",36.11094,-80.224501,34,44
2025-03-10,2025,3,"Leggett","Edgecombe",35.988278,-77.5843,28,41
2025-03-10,2025,3,"Linville Falls","Avery",35.972347,-81.933072,NA,43
2025-03-10,2025,3,"Mendenhall School","Guilford",36.1090060008986,-79.802314,26,38
2025-03-10,2025,3,"Millbrook School","Wake",35.856111,-78.574167,44,39
2025-03-10,2025,3,"Pitt Agri. Center","Pitt",35.6412760008938,-77.360126,31,41
2025-03-10,2025,3,"West Johnston Co.","Johnston",35.59095,-78.4622,NA,41
2025-03-11,2025,3,"Bryson City","Swain",35.434767,-83.442133,30,48
2025-03-11,2025,3,"Castle Hayne","New Hanover",34.364167,-77.838611,26.5,43
2025-03-11,2025,3,"Clemmons Middle","Forsyth",36.026612,-80.341962,31,64
2025-03-11,2025,3,"Durham Armory","Durham",36.0329550008979,-78.904037,35,48
2025-03-11,2025,3,"Frying Pan Mountain","Haywood",35.379167,-82.7925,20,74
2025-03-11,2025,3,"Garinger High School","Mecklenburg",35.2401000008895,-80.785683,34,49
2025-03-11,2025,3,"Hattie Avenue","Forsyth",36.11094,-80.224501,30,64
2025-03-11,2025,3,"Leggett","Edgecombe",35.988278,-77.5843,22,46
2025-03-11,2025,3,"Linville Falls","Avery",35.972347,-81.933072,21,51
2025-03-11,2025,3,"Mendenhall School","Guilford",36.1090060008986,-79.802314,30,58
2025-03-11,2025,3,"Millbrook School","Wake",35.856111,-78.574167,32.5,47
2025-03-11,2025,3,"Pitt Agri. Center","Pitt",35.6412760008938,-77.360126,25,44
2025-03-11,2025,3,"West Johnston Co.","Johnston",35.59095,-78.4622,NA,51
2025-03-12,2025,3,"Bryson City","Swain",35.434767,-83.442133,44,49
2025-03-12,2025,3,"Castle Hayne","New Hanover",34.364167,-77.838611,51,74
2025-03-12,2025,3,"Clemmons Middle","Forsyth",36.026612,-80.341962,52,87
2025-03-12,2025,3,"Durham Armory","Durham",36.0329550008979,-78.904037,55,71
2025-03-12,2025,3,"Frying Pan Mountain","Haywood",35.379167,-82.7925,NA,74
2025-03-12,2025,3,"Garinger High School","Mecklenburg",35.2401000008895,-80.785683,53,74
2025-03-12,2025,3,"Hattie Avenue","Forsyth",36.11094,-80.224501,52,84
2025-03-12,2025,3,"Leggett","Edgecombe",35.988278,-77.5843,51,64
2025-03-12,2025,3,"Linville Falls","Avery",35.972347,-81.933072,NA,71
2025-03-12,2025,3,"Mendenhall School","Guilford",36.1090060008986,-79.802314,54,77
2025-03-12,2025,3,"Millbrook School","Wake",35.856111,-78.574167,53,64
2025-03-12,2025,3,"Pitt Agri. Center","Pitt",35.6412760008938,-77.360126,53,71
2025-03-12,2025,3,"West Johnston Co.","Johnston",35.59095,-78.4622,54,84
2025-03-13,2025,3,"Bryson City","Swain",35.434767,-83.442133,53,50
2025-03-13,2025,3,"Castle Hayne","New Hanover",34.364167,-77.838611,65.5,64
2025-03-13,2025,3,"Clemmons Middle","Forsyth",36.026612,-80.341962,62,84
2025-03-13,2025,3,"Durham Armory","Durham",36.0329550008979,-78.904037,68,45
2025-03-13,2025,3,"Frying Pan Mountain","Haywood",35.379167,-82.7925,NA,74
2025-03-13,2025,3,"Garinger High School","Mecklenburg",35.2401000008895,-80.785683,68,54
2025-03-13,2025,3,"Hattie Avenue","Forsyth",36.11094,-80.224501,63,80
2025-03-13,2025,3,"Leggett","Edgecombe",35.988278,-77.5843,60,37
2025-03-13,2025,3,"Linville Falls","Avery",35.972347,-81.933072,NA,67
2025-03-13,2025,3,"Mendenhall School","Guilford",36.1090060008986,-79.802314,59,51
2025-03-13,2025,3,"Millbrook School","Wake",35.856111,-78.574167,69,49
2025-03-13,2025,3,"Pitt Agri. Center","Pitt",35.6412760008938,-77.360126,60,49
2025-03-13,2025,3,"West Johnston Co.","Johnston",35.59095,-78.4622,66,64
2025-03-14,2025,3,"Bryson City","Swain",35.434767,-83.442133,52,49
2025-03-14,2025,3,"Castle Hayne","New Hanover",34.364167,-77.838611,57.5,31
2025-03-14,2025,3,"Clemmons Middle","Forsyth",36.026612,-80.341962,66,50
2025-03-14,2025,3,"Durham Armory","Durham",36.0329550008979,-78.904037,NA,31
2025-03-14,2025,3,"Frying Pan Mountain","Haywood",35.379167,-82.7925,52,64
2025-03-14,2025,3,"Garinger High School","Mecklenburg",35.2401000008895,-80.785683,75,48
2025-03-14,2025,3,"Hattie Avenue","Forsyth",36.11094,-80.224501,66,50
2025-03-14,2025,3,"Leggett","Edgecombe",35.988278,-77.5843,53,33
2025-03-14,2025,3,"Linville Falls","Avery",35.972347,-81.933072,57,67
2025-03-14,2025,3,"Mendenhall School","Guilford",36.1090060008986,-79.802314,61,42
2025-03-14,2025,3,"Millbrook School","Wake",35.856111,-78.574167,61.5,30
2025-03-14,2025,3,"Pitt Agri. Center","Pitt",35.6412760008938,-77.360126,52,33
2025-03-14,2025,3,"West Johnston Co.","Johnston",35.59095,-78.4622,56,31
2025-03-15,2025,3,"Bryson City","Swain",35.434767,-83.442133,51,44
2025-03-15,2025,3,"Castle Hayne","New Hanover",34.364167,-77.838611,33,37
2025-03-15,2025,3,"Clemmons Middle","Forsyth",36.026612,-80.341962,63,36
2025-03-15,2025,3,"Durham Armory","Durham",36.0329550008979,-78.904037,54,35
2025-03-15,2025,3,"Frying Pan Mountain","Haywood",35.379167,-82.7925,NA,41
2025-03-15,2025,3,"Garinger High School","Mecklenburg",35.2401000008895,-80.785683,55,36
2025-03-15,2025,3,"Hattie Avenue","Forsyth",36.11094,-80.224501,63,37
2025-03-15,2025,3,"Leggett","Edgecombe",35.988278,-77.5843,58,39
2025-03-15,2025,3,"Linville Falls","Avery",35.972347,-81.933072,NA,41
2025-03-15,2025,3,"Mendenhall School","Guilford",36.1090060008986,-79.802314,59,34
2025-03-15,2025,3,"Millbrook School","Wake",35.856111,-78.574167,58,33
2025-03-15,2025,3,"Pitt Agri. Center","Pitt",35.6412760008938,-77.360126,43,38
2025-03-15,2025,3,"West Johnston Co.","Johnston",35.59095,-78.4622,55,40
2025-03-16,2025,3,"Bryson City","Swain",35.434767,-83.442133,50,43
2025-03-16,2025,3,"Castle Hayne","New Hanover",34.364167,-77.838611,45.5,34
2025-03-16,2025,3,"Clemmons Middle","Forsyth",36.026612,-80.341962,43,41
2025-03-16,2025,3,"Durham Armory","Durham",36.0329550008979,-78.904037,38,33
2025-03-16,2025,3,"Garinger High School","Mecklenburg",35.2401000008895,-80.785683,42,39
2025-03-16,2025,3,"Hattie Avenue","Forsyth",36.11094,-80.224501,46,41
2025-03-16,2025,3,"Leggett","Edgecombe",35.988278,-77.5843,31,34
2025-03-16,2025,3,"Linville Falls","Avery",35.972347,-81.933072,NA,43
2025-03-16,2025,3,"Mendenhall School","Guilford",36.1090060008986,-79.802314,37,36
2025-03-16,2025,3,"Millbrook School","Wake",35.856111,-78.574167,27,31
2025-03-16,2025,3,"Pitt Agri. Center","Pitt",35.6412760008938,-77.360126,29,33
2025-03-16,2025,3,"West Johnston Co.","Johnston",35.59095,-78.4622,23,32
2025-03-17,2025,3,"Bryson City","Swain",35.434767,-83.442133,23,36
2025-03-17,2025,3,"Castle Hayne","New Hanover",34.364167,-77.838611,41,31
2025-03-17,2025,3,"Clemmons Middle","Forsyth",36.026612,-80.341962,20,32
2025-03-17,2025,3,"Durham Armory","Durham",36.0329550008979,-78.904037,43,31
2025-03-17,2025,3,"Frying Pan Mountain","Haywood",35.379167,-82.7925,8,44
2025-03-17,2025,3,"Garinger High School","Mecklenburg",35.2401000008895,-80.785683,17,33
2025-03-17,2025,3,"Hattie Avenue","Forsyth",36.11094,-80.224501,21.5,33
2025-03-17,2025,3,"Leggett","Edgecombe",35.988278,-77.5843,28,31
2025-03-17,2025,3,"Linville Falls","Avery",35.972347,-81.933072,11,33
2025-03-17,2025,3,"Mendenhall School","Guilford",36.1090060008986,-79.802314,19,31
2025-03-17,2025,3,"Millbrook School","Wake",35.856111,-78.574167,27.5,30
2025-03-17,2025,3,"Pitt Agri. Center","Pitt",35.6412760008938,-77.360126,25,31
2025-03-17,2025,3,"West Johnston Co.","Johnston",35.59095,-78.4622,23,31
2025-03-18,2025,3,"Bryson City","Swain",35.434767,-83.442133,28,42
2025-03-18,2025,3,"Castle Hayne","New Hanover",34.364167,-77.838611,21.5,41
2025-03-18,2025,3,"Clemmons Middle","Forsyth",36.026612,-80.341962,22,46
2025-03-18,2025,3,"Durham Armory","Durham",36.0329550008979,-78.904037,NA,42
2025-03-18,2025,3,"Frying Pan Mountain","Haywood",35.379167,-82.7925,NA,48
2025-03-18,2025,3,"Garinger High School","Mecklenburg",35.2401000008895,-80.785683,14,42
2025-03-18,2025,3,"Hattie Avenue","Forsyth",36.11094,-80.224501,19,44
2025-03-18,2025,3,"Leggett","Edgecombe",35.988278,-77.5843,16,41
2025-03-18,2025,3,"Linville Falls","Avery",35.972347,-81.933072,NA,47
2025-03-18,2025,3,"Mendenhall School","Guilford",36.1090060008986,-79.802314,13,43
2025-03-18,2025,3,"Millbrook School","Wake",35.856111,-78.574167,18,41
2025-03-18,2025,3,"Pitt Agri. Center","Pitt",35.6412760008938,-77.360126,14,40
2025-03-18,2025,3,"West Johnston Co.","Johnston",35.59095,-78.4622,21,44
2025-03-19,2025,3,"Bryson City","Swain",35.434767,-83.442133,38,47
2025-03-19,2025,3,"Castle Hayne","New Hanover",34.364167,-77.838611,56.5,58
2025-03-19,2025,3,"Clemmons Middle","Forsyth",36.026612,-80.341962,52,67
2025-03-19,2025,3,"Durham Armory","Durham",36.0329550008979,-78.904037,NA,67
2025-03-19,2025,3,"Frying Pan Mountain","Haywood",35.379167,-82.7925,NA,50
2025-03-19,2025,3,"Garinger High School","Mecklenburg",35.2401000008895,-80.785683,52,50
2025-03-19,2025,3,"Hattie Avenue","Forsyth",36.11094,-80.224501,52,67
2025-03-19,2025,3,"Leggett","Edgecombe",35.988278,-77.5843,32,47
2025-03-19,2025,3,"Linville Falls","Avery",35.972347,-81.933072,NA,58
2025-03-19,2025,3,"Mendenhall School","Guilford",36.1090060008986,-79.802314,59,74
2025-03-19,2025,3,"Millbrook School","Wake",35.856111,-78.574167,57,58
2025-03-19,2025,3,"Pitt Agri. Center","Pitt",35.6412760008938,-77.360126,32,45
2025-03-19,2025,3,"West Johnston Co.","Johnston",35.59095,-78.4622,60,64
2025-03-20,2025,3,"Bryson City","Swain",35.434767,-83.442133,25,32
2025-03-20,2025,3,"Castle Hayne","New Hanover",34.364167,-77.838611,53.5,45
2025-03-20,2025,3,"Clemmons Middle","Forsyth",36.026612,-80.341962,56,41
2025-03-20,2025,3,"Durham Armory","Durham",36.0329550008979,-78.904037,NA,39
2025-03-20,2025,3,"Frying Pan Mountain","Haywood",35.379167,-82.7925,NA,40
2025-03-20,2025,3,"Garinger High School","Mecklenburg",35.2401000008895,-80.785683,52.5,41
2025-03-20,2025,3,"Hattie Avenue","Forsyth",36.11094,-80.224501,58.5,40
2025-03-20,2025,3,"Leggett","Edgecombe",35.988278,-77.5843,51,42
2025-03-20,2025,3,"Linville Falls","Avery",35.972347,-81.933072,51,38
2025-03-20,2025,3,"Mendenhall School","Guilford",36.1090060008986,-79.802314,58,40
2025-03-20,2025,3,"Millbrook School","Wake",35.856111,-78.574167,56.5,39
2025-03-20,2025,3,"Pitt Agri. Center","Pitt",35.6412760008938,-77.360126,37,43
2025-03-20,2025,3,"West Johnston Co.","Johnston",35.59095,-78.4622,54,44
2025-03-21,2025,3,"Bryson City","Swain",35.434767,-83.442133,16,43
2025-03-21,2025,3,"Castle Hayne","New Hanover",34.364167,-77.838611,19,39
2025-03-21,2025,3,"Clemmons Middle","Forsyth",36.026612,-80.341962,20,45
2025-03-21,2025,3,"Durham Armory","Durham",36.0329550008979,-78.904037,NA,41
2025-03-21,2025,3,"Frying Pan Mountain","Haywood",35.379167,-82.7925,NA,46
2025-03-21,2025,3,"Garinger High School","Mecklenburg",35.2401000008895,-80.785683,19,44
2025-03-21,2025,3,"Hattie Avenue","Forsyth",36.11094,-80.224501,22,44
2025-03-21,2025,3,"Leggett","Edgecombe",35.988278,-77.5843,11,40
2025-03-21,2025,3,"Linville Falls","Avery",35.972347,-81.933072,NA,44
2025-03-21,2025,3,"Mendenhall School","Guilford",36.1090060008986,-79.802314,14,43
2025-03-21,2025,3,"Millbrook School","Wake",35.856111,-78.574167,15,40
2025-03-21,2025,3,"Pitt Agri. Center","Pitt",35.6412760008938,-77.360126,1,40
2025-03-21,2025,3,"West Johnston Co.","Johnston",35.59095,-78.4622,9,43
2025-03-22,2025,3,"Bryson City","Swain",35.434767,-83.442133,19,46
2025-03-22,2025,3,"Castle Hayne","New Hanover",34.364167,-77.838611,55,49
2025-03-22,2025,3,"Clemmons Middle","Forsyth",36.026612,-80.341962,49,50
2025-03-22,2025,3,"Durham Armory","Durham",36.0329550008979,-78.904037,NA,49
2025-03-22,2025,3,"Frying Pan Mountain","Haywood",35.379167,-82.7925,NA,48
2025-03-22,2025,3,"Garinger High School","Mecklenburg",35.2401000008895,-80.785683,42,54
2025-03-22,2025,3,"Hattie Avenue","Forsyth",36.11094,-80.224501,53,50
2025-03-22,2025,3,"Leggett","Edgecombe",35.988278,-77.5843,37,50
2025-03-22,2025,3,"Linville Falls","Avery",35.972347,-81.933072,NA,49
2025-03-22,2025,3,"Mendenhall School","Guilford",36.1090060008986,-79.802314,37,48
2025-03-22,2025,3,"Millbrook School","Wake",35.856111,-78.574167,46,47
2025-03-22,2025,3,"Pitt Agri. Center","Pitt",35.6412760008938,-77.360126,39,48
2025-03-22,2025,3,"West Johnston Co.","Johnston",35.59095,-78.4622,48,51
2025-03-23,2025,3,"Bryson City","Swain",35.434767,-83.442133,20,58
2025-03-23,2025,3,"Castle Hayne","New Hanover",34.364167,-77.838611,46,41
2025-03-23,2025,3,"Clemmons Middle","Forsyth",36.026612,-80.341962,24,50
2025-03-23,2025,3,"Durham Armory","Durham",36.0329550008979,-78.904037,NA,46
2025-03-23,2025,3,"Frying Pan Mountain","Haywood",35.379167,-82.7925,NA,61
2025-03-23,2025,3,"Garinger High School","Mecklenburg",35.2401000008895,-80.785683,35.5,48
2025-03-23,2025,3,"Hattie Avenue","Forsyth",36.11094,-80.224501,28,50
2025-03-23,2025,3,"Leggett","Edgecombe",35.988278,-77.5843,30,43
2025-03-23,2025,3,"Linville Falls","Avery",35.972347,-81.933072,44,61
2025-03-23,2025,3,"Mendenhall School","Guilford",36.1090060008986,-79.802314,22,47
2025-03-23,2025,3,"Millbrook School","Wake",35.856111,-78.574167,38,44
2025-03-23,2025,3,"Pitt Agri. Center","Pitt",35.6412760008938,-77.360126,31,41
2025-03-23,2025,3,"West Johnston Co.","Johnston",35.59095,-78.4622,42,46
2025-03-24,2025,3,"Bryson City","Swain",35.434767,-83.442133,28,44
2025-03-24,2025,3,"Castle Hayne","New Hanover",34.364167,-77.838611,54,NA
2025-03-24,2025,3,"Clemmons Middle","Forsyth",36.026612,-80.341962,53,42
2025-03-24,2025,3,"Durham Armory","Durham",36.0329550008979,-78.904037,NA,36
2025-03-24,2025,3,"Frying Pan Mountain","Haywood",35.379167,-82.7925,NA,45
2025-03-24,2025,3,"Garinger High School","Mecklenburg",35.2401000008895,-80.785683,54,40
2025-03-24,2025,3,"Hattie Avenue","Forsyth",36.11094,-80.224501,55,41
2025-03-24,2025,3,"Leggett","Edgecombe",35.988278,-77.5843,42,45
2025-03-24,2025,3,"Linville Falls","Avery",35.972347,-81.933072,NA,45
2025-03-24,2025,3,"Mendenhall School","Guilford",36.1090060008986,-79.802314,55,37
2025-03-24,2025,3,"Millbrook School","Wake",35.856111,-78.574167,53,37
2025-03-24,2025,3,"Pitt Agri. Center","Pitt",35.6412760008938,-77.360126,46,46
2025-03-24,2025,3,"West Johnston Co.","Johnston",35.59095,-78.4622,53,44
2025-03-25,2025,3,"Bryson City","Swain",35.434767,-83.442133,19,47
2025-03-25,2025,3,"Castle Hayne","New Hanover",34.364167,-77.838611,112.5,48
2025-03-25,2025,3,"Clemmons Middle","Forsyth",36.026612,-80.341962,15,50
2025-03-25,2025,3,"Durham Armory","Durham",36.0329550008979,-78.904037,NA,45
2025-03-25,2025,3,"Frying Pan Mountain","Haywood",35.379167,-82.7925,NA,46
2025-03-25,2025,3,"Garinger High School","Mecklenburg",35.2401000008895,-80.785683,20,49
2025-03-25,2025,3,"Hattie Avenue","Forsyth",36.11094,-80.224501,16,49
2025-03-25,2025,3,"Leggett","Edgecombe",35.988278,-77.5843,15,49
2025-03-25,2025,3,"Linville Falls","Avery",35.972347,-81.933072,NA,48
2025-03-25,2025,3,"Mendenhall School","Guilford",36.1090060008986,-79.802314,12,48
2025-03-25,2025,3,"Millbrook School","Wake",35.856111,-78.574167,23,45
2025-03-25,2025,3,"Pitt Agri. Center","Pitt",35.6412760008938,-77.360126,11,48
2025-03-25,2025,3,"West Johnston Co.","Johnston",35.59095,-78.4622,23,50
2025-03-26,2025,3,"Bryson City","Swain",35.434767,-83.442133,24,47
2025-03-26,2025,3,"Castle Hayne","New Hanover",34.364167,-77.838611,100.5,45
2025-03-26,2025,3,"Clemmons Middle","Forsyth",36.026612,-80.341962,21.5,47
2025-03-26,2025,3,"Durham Armory","Durham",36.0329550008979,-78.904037,NA,44
2025-03-26,2025,3,"Frying Pan Mountain","Haywood",35.379167,-82.7925,18,47
2025-03-26,2025,3,"Garinger High School","Mecklenburg",35.2401000008895,-80.785683,21,46
2025-03-26,2025,3,"Hattie Avenue","Forsyth",36.11094,-80.224501,19.5,46
2025-03-26,2025,3,"Leggett","Edgecombe",35.988278,-77.5843,17,45
2025-03-26,2025,3,"Linville Falls","Avery",35.972347,-81.933072,14,46
2025-03-26,2025,3,"Mendenhall School","Guilford",36.1090060008986,-79.802314,17,44
2025-03-26,2025,3,"Millbrook School","Wake",35.856111,-78.574167,21.5,44
2025-03-26,2025,3,"Pitt Agri. Center","Pitt",35.6412760008938,-77.360126,12,44
2025-03-26,2025,3,"West Johnston Co.","Johnston",35.59095,-78.4622,17,46
2025-03-27,2025,3,"Bryson City","Swain",35.434767,-83.442133,37,43
2025-03-27,2025,3,"Castle Hayne","New Hanover",34.364167,-77.838611,68.5,46
2025-03-27,2025,3,"Clemmons Middle","Forsyth",36.026612,-80.341962,23,54
2025-03-27,2025,3,"Durham Armory","Durham",36.0329550008979,-78.904037,54,49
2025-03-27,2025,3,"Frying Pan Mountain","Haywood",35.379167,-82.7925,NA,49
2025-03-27,2025,3,"Garinger High School","Mecklenburg",35.2401000008895,-80.785683,37,48
2025-03-27,2025,3,"Hattie Avenue","Forsyth",36.11094,-80.224501,28,51
2025-03-27,2025,3,"Leggett","Edgecombe",35.988278,-77.5843,21,49
2025-03-27,2025,3,"Linville Falls","Avery",35.972347,-81.933072,NA,51
2025-03-27,2025,3,"Mendenhall School","Guilford",36.1090060008986,-79.802314,24,49
2025-03-27,2025,3,"Millbrook School","Wake",35.856111,-78.574167,24,48
2025-03-27,2025,3,"Pitt Agri. Center","Pitt",35.6412760008938,-77.360126,26,47
2025-03-27,2025,3,"West Johnston Co.","Johnston",35.59095,-78.4622,22,50
2025-03-28,2025,3,"Bryson City","Swain",35.434767,-83.442133,56,51
2025-03-28,2025,3,"Castle Hayne","New Hanover",34.364167,-77.838611,27,46
2025-03-28,2025,3,"Clemmons Middle","Forsyth",36.026612,-80.341962,52,77
2025-03-28,2025,3,"Durham Armory","Durham",36.0329550008979,-78.904037,56,58
2025-03-28,2025,3,"Frying Pan Mountain","Haywood",35.379167,-82.7925,NA,61
2025-03-28,2025,3,"Garinger High School","Mecklenburg",35.2401000008895,-80.785683,48,58
2025-03-28,2025,3,"Hattie Avenue","Forsyth",36.11094,-80.224501,54,77
2025-03-28,2025,3,"Leggett","Edgecombe",35.988278,-77.5843,42,58
2025-03-28,2025,3,"Linville Falls","Avery",35.972347,-81.933072,NA,80
2025-03-28,2025,3,"Mendenhall School","Guilford",36.1090060008986,-79.802314,47,71
2025-03-28,2025,3,"Millbrook School","Wake",35.856111,-78.574167,51,58
2025-03-28,2025,3,"Pitt Agri. Center","Pitt",35.6412760008938,-77.360126,27,50
2025-03-28,2025,3,"West Johnston Co.","Johnston",35.59095,-78.4622,47,64
2025-03-29,2025,3,"Bryson City","Swain",35.434767,-83.442133,66,37
2025-03-29,2025,3,"Castle Hayne","New Hanover",34.364167,-77.838611,26.5,42
2025-03-29,2025,3,"Clemmons Middle","Forsyth",36.026612,-80.341962,41,46
2025-03-29,2025,3,"Durham Armory","Durham",36.0329550008979,-78.904037,51,41
2025-03-29,2025,3,"Frying Pan Mountain","Haywood",35.379167,-82.7925,41,44
2025-03-29,2025,3,"Garinger High School","Mecklenburg",35.2401000008895,-80.785683,37.5,43
2025-03-29,2025,3,"Hattie Avenue","Forsyth",36.11094,-80.224501,41.5,46
2025-03-29,2025,3,"Leggett","Edgecombe",35.988278,-77.5843,37,44
2025-03-29,2025,3,"Linville Falls","Avery",35.972347,-81.933072,68,46
2025-03-29,2025,3,"Mendenhall School","Guilford",36.1090060008986,-79.802314,35,45
2025-03-29,2025,3,"Millbrook School","Wake",35.856111,-78.574167,40,41
2025-03-29,2025,3,"Pitt Agri. Center","Pitt",35.6412760008938,-77.360126,28,40
2025-03-29,2025,3,"West Johnston Co.","Johnston",35.59095,-78.4622,32,44
2025-03-30,2025,3,"Bryson City","Swain",35.434767,-83.442133,34,27
2025-03-30,2025,3,"Castle Hayne","New Hanover",34.364167,-77.838611,23,39
2025-03-30,2025,3,"Clemmons Middle","Forsyth",36.026612,-80.341962,36,43
2025-03-30,2025,3,"Durham Armory","Durham",36.0329550008979,-78.904037,49,38
2025-03-30,2025,3,"Frying Pan Mountain","Haywood",35.379167,-82.7925,NA,32
2025-03-30,2025,3,"Garinger High School","Mecklenburg",35.2401000008895,-80.785683,33,40
2025-03-30,2025,3,"Hattie Avenue","Forsyth",36.11094,-80.224501,39,44
2025-03-30,2025,3,"Leggett","Edgecombe",35.988278,-77.5843,29,41
2025-03-30,2025,3,"Linville Falls","Avery",35.972347,-81.933072,NA,38
2025-03-30,2025,3,"Mendenhall School","Guilford",36.1090060008986,-79.802314,29,40
2025-03-30,2025,3,"Millbrook School","Wake",35.856111,-78.574167,29,37
2025-03-30,2025,3,"Pitt Agri. Center","Pitt",35.6412760008938,-77.360126,26,38
2025-03-30,2025,3,"West Johnston Co.","Johnston",35.59095,-78.4622,27,40
2025-03-31,2025,3,"Bryson City","Swain",35.434767,-83.442133,14,35
2025-03-31,2025,3,"Castle Hayne","New Hanover",34.364167,-77.838611,21,32
2025-03-31,2025,3,"Clemmons Middle","Forsyth",36.026612,-80.341962,33,31
2025-03-31,2025,3,"Durham Armory","Durham",36.0329550008979,-78.904037,50,31
2025-03-31,2025,3,"Frying Pan Mountain","Haywood",35.379167,-82.7925,NA,44
2025-03-31,2025,3,"Garinger High School","Mecklenburg",35.2401000008895,-80.785683,32,24
2025-03-31,2025,3,"Hattie Avenue","Forsyth",36.11094,-80.224501,33,31
2025-03-31,2025,3,"Leggett","Edgecombe",35.988278,-77.5843,29,32
2025-03-31,2025,3,"Linville Falls","Avery",35.972347,-81.933072,NA,40
2025-03-31,2025,3,"Mendenhall School","Guilford",36.1090060008986,-79.802314,32,31
2025-03-31,2025,3,"Millbrook School","Wake",35.856111,-78.574167,39,31
2025-03-31,2025,3,"Pitt Agri. Center","Pitt",35.6412760008938,-77.360126,25,31
2025-03-31,2025,3,"West Johnston Co.","Johnston",35.59095,-78.4622,26,32
2025-04-01,2025,4,"Bryson City","Swain",35.434767,-83.442133,12,38
2025-04-01,2025,4,"Castle Hayne","New Hanover",34.364167,-77.838611,32,32
2025-04-01,2025,4,"Clemmons Middle","Forsyth",36.026612,-80.341962,10,37
2025-04-01,2025,4,"Durham Armory","Durham",36.0329550008979,-78.904037,16,31
2025-04-01,2025,4,"Frying Pan Mountain","Haywood",35.379167,-82.7925,8,37
2025-04-01,2025,4,"Garinger High School","Mecklenburg",35.2401000008895,-80.785683,14.5,37
2025-04-01,2025,4,"Hattie Avenue","Forsyth",36.11094,-80.224501,10.5,34
2025-04-01,2025,4,"Leggett","Edgecombe",35.988278,-77.5843,15,NA
2025-04-01,2025,4,"Linville Falls","Avery",35.972347,-81.933072,4,37
2025-04-01,2025,4,"Mendenhall School","Guilford",36.1090060008986,-79.802314,9,32
2025-04-01,2025,4,"Millbrook School","Wake",35.856111,-78.574167,15,31
2025-04-01,2025,4,"Pitt Agri. Center","Pitt",35.6412760008938,-77.360126,9,31
2025-04-01,2025,4,"West Johnston Co.","Johnston",35.59095,-78.4622,10,34
2025-04-02,2025,4,"Bryson City","Swain",35.434767,-83.442133,33,27
2025-04-02,2025,4,"Castle Hayne","New Hanover",34.364167,-77.838611,37.5,37
2025-04-02,2025,4,"Clemmons Middle","Forsyth",36.026612,-80.341962,39,32
2025-04-02,2025,4,"Durham Armory","Durham",36.0329550008979,-78.904037,36,37
2025-04-02,2025,4,"Frying Pan Mountain","Haywood",35.379167,-82.7925,NA,30
2025-04-02,2025,4,"Garinger High School","Mecklenburg",35.2401000008895,-80.785683,52,28
2025-04-02,2025,4,"Hattie Avenue","Forsyth",36.11094,-80.224501,37,32
2025-04-02,2025,4,"Leggett","Edgecombe",35.988278,-77.5843,27,40
2025-04-02,2025,4,"Linville Falls","Avery",35.972347,-81.933072,NA,28
2025-04-02,2025,4,"Mendenhall School","Guilford",36.1090060008986,-79.802314,48,35
2025-04-02,2025,4,"Millbrook School","Wake",35.856111,-78.574167,34,37
2025-04-02,2025,4,"Pitt Agri. Center","Pitt",35.6412760008938,-77.360126,23,37
2025-04-02,2025,4,"West Johnston Co.","Johnston",35.59095,-78.4622,38,39
2025-04-03,2025,4,"Bryson City","Swain",35.434767,-83.442133,41,34
2025-04-03,2025,4,"Castle Hayne","New Hanover",34.364167,-77.838611,39,23
2025-04-03,2025,4,"Clemmons Middle","Forsyth",36.026612,-80.341962,47,31
2025-04-03,2025,4,"Durham Armory","Durham",36.0329550008979,-78.904037,52,28
2025-04-03,2025,4,"Frying Pan Mountain","Haywood",35.379167,-82.7925,NA,30
2025-04-03,2025,4,"Garinger High School","Mecklenburg",35.2401000008895,-80.785683,40,27
2025-04-03,2025,4,"Hattie Avenue","Forsyth",36.11094,-80.224501,51,29
2025-04-03,2025,4,"Leggett","Edgecombe",35.988278,-77.5843,37,31
2025-04-03,2025,4,"Linville Falls","Avery",35.972347,-81.933072,NA,31
2025-04-03,2025,4,"Mendenhall School","Guilford",36.1090060008986,-79.802314,46,28
2025-04-03,2025,4,"Millbrook School","Wake",35.856111,-78.574167,53,31
2025-04-03,2025,4,"Pitt Agri. Center","Pitt",35.6412760008938,-77.360126,41,28
2025-04-03,2025,4,"West Johnston Co.","Johnston",35.59095,-78.4622,39,31
2025-04-04,2025,4,"Bryson City","Swain",35.434767,-83.442133,35,36
2025-04-04,2025,4,"Castle Hayne","New Hanover",34.364167,-77.838611,38.5,27
2025-04-04,2025,4,"Clemmons Middle","Forsyth",36.026612,-80.341962,52,38
2025-04-04,2025,4,"Durham Armory","Durham",36.0329550008979,-78.904037,55,31
2025-04-04,2025,4,"Frying Pan Mountain","Haywood",35.379167,-82.7925,31,33
2025-04-04,2025,4,"Garinger High School","Mecklenburg",35.2401000008895,-80.785683,51.5,32
2025-04-04,2025,4,"Hattie Avenue","Forsyth",36.11094,-80.224501,53,38
2025-04-04,2025,4,"Leggett","Edgecombe",35.988278,-77.5843,48,32
2025-04-04,2025,4,"Linville Falls","Avery",35.972347,-81.933072,34,32
2025-04-04,2025,4,"Mendenhall School","Guilford",36.1090060008986,-79.802314,51,37
2025-04-04,2025,4,"Millbrook School","Wake",35.856111,-78.574167,57.5,32
2025-04-04,2025,4,"Pitt Agri. Center","Pitt",35.6412760008938,-77.360126,44,30
2025-04-04,2025,4,"West Johnston Co.","Johnston",35.59095,-78.4622,54,32
2025-04-05,2025,4,"Bryson City","Swain",35.434767,-83.442133,38,44
2025-04-05,2025,4,"Castle Hayne","New Hanover",34.364167,-77.838611,23.5,32
2025-04-05,2025,4,"Clemmons Middle","Forsyth",36.026612,-80.341962,52,38
2025-04-05,2025,4,"Durham Armory","Durham",36.0329550008979,-78.904037,55,33
2025-04-05,2025,4,"Frying Pan Mountain","Haywood",35.379167,-82.7925,NA,41
2025-04-05,2025,4,"Garinger High School","Mecklenburg",35.2401000008895,-80.785683,46,35
2025-04-05,2025,4,"Hattie Avenue","Forsyth",36.11094,-80.224501,52,38
2025-04-05,2025,4,"Leggett","Edgecombe",35.988278,-77.5843,50,31
2025-04-05,2025,4,"Linville Falls","Avery",35.972347,-81.933072,NA,43
2025-04-05,2025,4,"Mendenhall School","Guilford",36.1090060008986,-79.802314,53,35
2025-04-05,2025,4,"Millbrook School","Wake",35.856111,-78.574167,55,31
2025-04-05,2025,4,"Pitt Agri. Center","Pitt",35.6412760008938,-77.360126,29,29
2025-04-05,2025,4,"West Johnston Co.","Johnston",35.59095,-78.4622,46,32
2025-04-06,2025,4,"Bryson City","Swain",35.434767,-83.442133,16,32
2025-04-06,2025,4,"Castle Hayne","New Hanover",34.364167,-77.838611,36,31
2025-04-06,2025,4,"Clemmons Middle","Forsyth",36.026612,-80.341962,32,46
2025-04-06,2025,4,"Durham Armory","Durham",36.0329550008979,-78.904037,36,40
2025-04-06,2025,4,"Frying Pan Mountain","Haywood",35.379167,-82.7925,NA,42
2025-04-06,2025,4,"Garinger High School","Mecklenburg",35.2401000008895,-80.785683,34,38
2025-04-06,2025,4,"Hattie Avenue","Forsyth",36.11094,-80.224501,37,45
2025-04-06,2025,4,"Leggett","Edgecombe",35.988278,-77.5843,39,36
2025-04-06,2025,4,"Linville Falls","Avery",35.972347,-81.933072,NA,45
2025-04-06,2025,4,"Mendenhall School","Guilford",36.1090060008986,-79.802314,34,45
2025-04-06,2025,4,"Millbrook School","Wake",35.856111,-78.574167,42,36
2025-04-06,2025,4,"Pitt Agri. Center","Pitt",35.6412760008938,-77.360126,32,34
2025-04-06,2025,4,"West Johnston Co.","Johnston",35.59095,-78.4622,36,35
2025-04-07,2025,4,"Bryson City","Swain",35.434767,-83.442133,8,28
2025-04-07,2025,4,"Castle Hayne","New Hanover",34.364167,-77.838611,36.5,33
2025-04-07,2025,4,"Clemmons Middle","Forsyth",36.026612,-80.341962,27.5,29
2025-04-07,2025,4,"Durham Armory","Durham",36.0329550008979,-78.904037,37,24
2025-04-07,2025,4,"Frying Pan Mountain","Haywood",35.379167,-82.7925,8,44
2025-04-07,2025,4,"Garinger High School","Mecklenburg",35.2401000008895,-80.785683,31.5,28
2025-04-07,2025,4,"Hattie Avenue","Forsyth",36.11094,-80.224501,30,28
2025-04-07,2025,4,"Leggett","Edgecombe",35.988278,-77.5843,36,28
2025-04-07,2025,4,"Linville Falls","Avery",35.972347,-81.933072,8,43
2025-04-07,2025,4,"Mendenhall School","Guilford",36.1090060008986,-79.802314,38,27
2025-04-07,2025,4,"Millbrook School","Wake",35.856111,-78.574167,39.5,24
2025-04-07,2025,4,"Pitt Agri. Center","Pitt",35.6412760008938,-77.360126,29,31
2025-04-07,2025,4,"West Johnston Co.","Johnston",35.59095,-78.4622,38,26
2025-04-08,2025,4,"Bryson City","Swain",35.434767,-83.442133,25,48
2025-04-08,2025,4,"Castle Hayne","New Hanover",34.364167,-77.838611,31.5,43
2025-04-08,2025,4,"Clemmons Middle","Forsyth",36.026612,-80.341962,23,50
2025-04-08,2025,4,"Durham Armory","Durham",36.0329550008979,-78.904037,31.5,44
2025-04-08,2025,4,"Frying Pan Mountain","Haywood",35.379167,-82.7925,NA,49
2025-04-08,2025,4,"Garinger High School","Mecklenburg",35.2401000008895,-80.785683,30,51
2025-04-08,2025,4,"Hattie Avenue","Forsyth",36.11094,-80.224501,23,49
2025-04-08,2025,4,"Leggett","Edgecombe",35.988278,-77.5843,23,37
2025-04-08,2025,4,"Linville Falls","Avery",35.972347,-81.933072,NA,48
2025-04-08,2025,4,"Mendenhall School","Guilford",36.1090060008986,-79.802314,19,47
2025-04-08,2025,4,"Millbrook School","Wake",35.856111,-78.574167,21,45
2025-04-08,2025,4,"Pitt Agri. Center","Pitt",35.6412760008938,-77.360126,13,37
2025-04-08,2025,4,"West Johnston Co.","Johnston",35.59095,-78.4622,21,48
2025-04-09,2025,4,"Bryson City","Swain",35.434767,-83.442133,27,46
2025-04-09,2025,4,"Castle Hayne","New Hanover",34.364167,-77.838611,54.5,44
2025-04-09,2025,4,"Clemmons Middle","Forsyth",36.026612,-80.341962,24,48
2025-04-09,2025,4,"Durham Armory","Durham",36.0329550008979,-78.904037,34,46
2025-04-09,2025,4,"Frying Pan Mountain","Haywood",35.379167,-82.7925,NA,48
2025-04-09,2025,4,"Garinger High School","Mecklenburg",35.2401000008895,-80.785683,36,47
2025-04-09,2025,4,"Hattie Avenue","Forsyth",36.11094,-80.224501,23,49
2025-04-09,2025,4,"Leggett","Edgecombe",35.988278,-77.5843,26,45
2025-04-09,2025,4,"Linville Falls","Avery",35.972347,-81.933072,NA,48
2025-04-09,2025,4,"Mendenhall School","Guilford",36.1090060008986,-79.802314,21,45
2025-04-09,2025,4,"Millbrook School","Wake",35.856111,-78.574167,23,44
2025-04-09,2025,4,"Pitt Agri. Center","Pitt",35.6412760008938,-77.360126,23,44
2025-04-09,2025,4,"West Johnston Co.","Johnston",35.59095,-78.4622,26,46
2025-04-10,2025,4,"Bryson City","Swain",35.434767,-83.442133,51,37
2025-04-10,2025,4,"Castle Hayne","New Hanover",34.364167,-77.838611,53,46
2025-04-10,2025,4,"Clemmons Middle","Forsyth",36.026612,-80.341962,52,38
2025-04-10,2025,4,"Durham Armory","Durham",36.0329550008979,-78.904037,39.5,44
2025-04-10,2025,4,"Frying Pan Mountain","Haywood",35.379167,-82.7925,NA,61
2025-04-10,2025,4,"Garinger High School","Mecklenburg",35.2401000008895,-80.785683,49,41
2025-04-10,2025,4,"Hattie Avenue","Forsyth",36.11094,-80.224501,47.5,40
2025-04-10,2025,4,"Leggett","Edgecombe",35.988278,-77.5843,34,45
2025-04-10,2025,4,"Linville Falls","Avery",35.972347,-81.933072,33,38
2025-04-10,2025,4,"Mendenhall School","Guilford",36.1090060008986,-79.802314,38,42
2025-04-10,2025,4,"Millbrook School","Wake",35.856111,-78.574167,31,45
2025-04-10,2025,4,"Pitt Agri. Center","Pitt",35.6412760008938,-77.360126,25,44
2025-04-10,2025,4,"West Johnston Co.","Johnston",35.59095,-78.4622,32,48
2025-04-11,2025,4,"Bryson City","Swain",35.434767,-83.442133,23,40
2025-04-11,2025,4,"Castle Hayne","New Hanover",34.364167,-77.838611,29.5,45
2025-04-11,2025,4,"Clemmons Middle","Forsyth",36.026612,-80.341962,35,36
2025-04-11,2025,4,"Durham Armory","Durham",36.0329550008979,-78.904037,38,30
2025-04-11,2025,4,"Frying Pan Mountain","Haywood",35.379167,-82.7925,NA,44
2025-04-11,2025,4,"Garinger High School","Mecklenburg",35.2401000008895,-80.785683,29,40
2025-04-11,2025,4,"Hattie Avenue","Forsyth",36.11094,-80.224501,27,35
2025-04-11,2025,4,"Leggett","Edgecombe",35.988278,-77.5843,17,32
2025-04-11,2025,4,"Linville Falls","Avery",35.972347,-81.933072,NA,45
2025-04-11,2025,4,"Mendenhall School","Guilford",36.1090060008986,-79.802314,21,31
2025-04-11,2025,4,"Millbrook School","Wake",35.856111,-78.574167,24,37
2025-04-11,2025,4,"Pitt Agri. Center","Pitt",35.6412760008938,-77.360126,15,35
2025-04-11,2025,4,"West Johnston Co.","Johnston",35.59095,-78.4622,24,42
2025-04-12,2025,4,"Bryson City","Swain",35.434767,-83.442133,27,42
2025-04-12,2025,4,"Castle Hayne","New Hanover",34.364167,-77.838611,21,34
2025-04-12,2025,4,"Clemmons Middle","Forsyth",36.026612,-80.341962,38,40
2025-04-12,2025,4,"Durham Armory","Durham",36.0329550008979,-78.904037,27,33
2025-04-12,2025,4,"Frying Pan Mountain","Haywood",35.379167,-82.7925,NA,46
2025-04-12,2025,4,"Garinger High School","Mecklenburg",35.2401000008895,-80.785683,40,38
2025-04-12,2025,4,"Hattie Avenue","Forsyth",36.11094,-80.224501,36,40
2025-04-12,2025,4,"Leggett","Edgecombe",35.988278,-77.5843,14,30
2025-04-12,2025,4,"Linville Falls","Avery",35.972347,-81.933072,NA,42
2025-04-12,2025,4,"Mendenhall School","Guilford",36.1090060008986,-79.802314,18,37
2025-04-12,2025,4,"Millbrook School","Wake",35.856111,-78.574167,18,36
2025-04-12,2025,4,"Pitt Agri. Center","Pitt",35.6412760008938,-77.360126,7,32
2025-04-12,2025,4,"West Johnston Co.","Johnston",35.59095,-78.4622,16,33
2025-04-13,2025,4,"Bryson City","Swain",35.434767,-83.442133,26,42
2025-04-13,2025,4,"Castle Hayne","New Hanover",34.364167,-77.838611,36,41
2025-04-13,2025,4,"Clemmons Middle","Forsyth",36.026612,-80.341962,26,47
2025-04-13,2025,4,"Durham Armory","Durham",36.0329550008979,-78.904037,28.5,43
2025-04-13,2025,4,"Frying Pan Mountain","Haywood",35.379167,-82.7925,NA,67
2025-04-13,2025,4,"Garinger High School","Mecklenburg",35.2401000008895,-80.785683,43,48
2025-04-13,2025,4,"Hattie Avenue","Forsyth",36.11094,-80.224501,25,47
2025-04-13,2025,4,"Leggett","Edgecombe",35.988278,-77.5843,29,43
2025-04-13,2025,4,"Linville Falls","Avery",35.972347,-81.933072,18,48
2025-04-13,2025,4,"Mendenhall School","Guilford",36.1090060008986,-79.802314,28,44
2025-04-13,2025,4,"Millbrook School","Wake",35.856111,-78.574167,27,44
2025-04-13,2025,4,"Pitt Agri. Center","Pitt",35.6412760008938,-77.360126,23,44
2025-04-13,2025,4,"West Johnston Co.","Johnston",35.59095,-78.4622,31,45
2025-04-14,2025,4,"Bryson City","Swain",35.434767,-83.442133,49,71
2025-04-14,2025,4,"Castle Hayne","New Hanover",34.364167,-77.838611,52,51
2025-04-14,2025,4,"Clemmons Middle","Forsyth",36.026612,-80.341962,53,77
2025-04-14,2025,4,"Durham Armory","Durham",36.0329550008979,-78.904037,53,51
2025-04-14,2025,4,"Frying Pan Mountain","Haywood",35.379167,-82.7925,NA,77
2025-04-14,2025,4,"Garinger High School","Mecklenburg",35.2401000008895,-80.785683,52,77
2025-04-14,2025,4,"Hattie Avenue","Forsyth",36.11094,-80.224501,53,71
2025-04-14,2025,4,"Leggett","Edgecombe",35.988278,-77.5843,52,58
2025-04-14,2025,4,"Linville Falls","Avery",35.972347,-81.933072,NA,67
2025-04-14,2025,4,"Mendenhall School","Guilford",36.1090060008986,-79.802314,52,67
2025-04-14,2025,4,"Millbrook School","Wake",35.856111,-78.574167,54,48
2025-04-14,2025,4,"Pitt Agri. Center","Pitt",35.6412760008938,-77.360126,52,50
2025-04-14,2025,4,"West Johnston Co.","Johnston",35.59095,-78.4622,57,50
2025-04-15,2025,4,"Bryson City","Swain",35.434767,-83.442133,32,44
2025-04-15,2025,4,"Castle Hayne","New Hanover",34.364167,-77.838611,60,46
2025-04-15,2025,4,"Clemmons Middle","Forsyth",36.026612,-80.341962,36,45
2025-04-15,2025,4,"Durham Armory","Durham",36.0329550008979,-78.904037,48,44
2025-04-15,2025,4,"Frying Pan Mountain","Haywood",35.379167,-82.7925,NA,45
2025-04-15,2025,4,"Garinger High School","Mecklenburg",35.2401000008895,-80.785683,46,44
2025-04-15,2025,4,"Hattie Avenue","Forsyth",36.11094,-80.224501,35,44
2025-04-15,2025,4,"Leggett","Edgecombe",35.988278,-77.5843,53,44
2025-04-15,2025,4,"Linville Falls","Avery",35.972347,-81.933072,NA,44
2025-04-15,2025,4,"Mendenhall School","Guilford",36.1090060008986,-79.802314,37,43
2025-04-15,2025,4,"Millbrook School","Wake",35.856111,-78.574167,43,44
2025-04-15,2025,4,"Pitt Agri. Center","Pitt",35.6412760008938,-77.360126,51,45
2025-04-15,2025,4,"West Johnston Co.","Johnston",35.59095,-78.4622,43,48
2025-04-16,2025,4,"Bryson City","Swain",35.434767,-83.442133,22,49
2025-04-16,2025,4,"Castle Hayne","New Hanover",34.364167,-77.838611,32.5,45
2025-04-16,2025,4,"Clemmons Middle","Forsyth",36.026612,-80.341962,26,47
2025-04-16,2025,4,"Durham Armory","Durham",36.0329550008979,-78.904037,33.5,44
2025-04-16,2025,4,"Frying Pan Mountain","Haywood",35.379167,-82.7925,NA,54
2025-04-16,2025,4,"Garinger High School","Mecklenburg",35.2401000008895,-80.785683,32,47
2025-04-16,2025,4,"Hattie Avenue","Forsyth",36.11094,-80.224501,30,47
2025-04-16,2025,4,"Leggett","Edgecombe",35.988278,-77.5843,28,44
2025-04-16,2025,4,"Linville Falls","Avery",35.972347,-81.933072,17,48
2025-04-16,2025,4,"Mendenhall School","Guilford",36.1090060008986,-79.802314,22,46
2025-04-16,2025,4,"Millbrook School","Wake",35.856111,-78.574167,26.5,45
2025-04-16,2025,4,"Pitt Agri. Center","Pitt",35.6412760008938,-77.360126,19,44
2025-04-16,2025,4,"West Johnston Co.","Johnston",35.59095,-78.4622,32,48
2025-04-17,2025,4,"Bryson City","Swain",35.434767,-83.442133,30,50
2025-04-17,2025,4,"Castle Hayne","New Hanover",34.364167,-77.838611,52,51
2025-04-17,2025,4,"Clemmons Middle","Forsyth",36.026612,-80.341962,34,61
2025-04-17,2025,4,"Durham Armory","Durham",36.0329550008979,-78.904037,42.5,51
2025-04-17,2025,4,"Frying Pan Mountain","Haywood",35.379167,-82.7925,NA,58
2025-04-17,2025,4,"Garinger High School","Mecklenburg",35.2401000008895,-80.785683,46,77
2025-04-17,2025,4,"Hattie Avenue","Forsyth",36.11094,-80.224501,34,67
2025-04-17,2025,4,"Leggett","Edgecombe",35.988278,-77.5843,26,48
2025-04-17,2025,4,"Linville Falls","Avery",35.972347,-81.933072,NA,67
2025-04-17,2025,4,"Mendenhall School","Guilford",36.1090060008986,-79.802314,37,61
2025-04-17,2025,4,"Millbrook School","Wake",35.856111,-78.574167,33,54
2025-04-17,2025,4,"Pitt Agri. Center","Pitt",35.6412760008938,-77.360126,32,48
2025-04-17,2025,4,"West Johnston Co.","Johnston",35.59095,-78.4622,46,54
2025-04-18,2025,4,"Bryson City","Swain",35.434767,-83.442133,62,87
2025-04-18,2025,4,"Castle Hayne","New Hanover",34.364167,-77.838611,42,51
2025-04-18,2025,4,"Clemmons Middle","Forsyth",36.026612,-80.341962,55,90
2025-04-18,2025,4,"Durham Armory","Durham",36.0329550008979,-78.904037,56.5,58
2025-04-18,2025,4,"Frying Pan Mountain","Haywood",35.379167,-82.7925,NA,84
2025-04-18,2025,4,"Garinger High School","Mecklenburg",35.2401000008895,-80.785683,55,71
2025-04-18,2025,4,"Hattie Avenue","Forsyth",36.11094,-80.224501,55,90
2025-04-18,2025,4,"Leggett","Edgecombe",35.988278,-77.5843,41,54
2025-04-18,2025,4,"Linville Falls","Avery",35.972347,-81.933072,NA,90
2025-04-18,2025,4,"Mendenhall School","Guilford",36.1090060008986,-79.802314,54,64
2025-04-18,2025,4,"Millbrook School","Wake",35.856111,-78.574167,53,51
2025-04-18,2025,4,"Pitt Agri. Center","Pitt",35.6412760008938,-77.360126,33,50
2025-04-18,2025,4,"West Johnston Co.","Johnston",35.59095,-78.4622,52,61
2025-04-19,2025,4,"Bryson City","Swain",35.434767,-83.442133,80,64
2025-04-19,2025,4,"Castle Hayne","New Hanover",34.364167,-77.838611,23.5,44
2025-04-19,2025,4,"Clemmons Middle","Forsyth",36.026612,-80.341962,55,44
2025-04-19,2025,4,"Durham Armory","Durham",36.0329550008979,-78.904037,53.5,41
2025-04-19,2025,4,"Frying Pan Mountain","Haywood",35.379167,-82.7925,NA,74
2025-04-19,2025,4,"Garinger High School","Mecklenburg",35.2401000008895,-80.785683,53.5,45
2025-04-19,2025,4,"Hattie Avenue","Forsyth",36.11094,-80.224501,58,46
2025-04-19,2025,4,"Leggett","Edgecombe",35.988278,-77.5843,39,44
2025-04-19,2025,4,"Linville Falls","Avery",35.972347,-81.933072,54,51
2025-04-19,2025,4,"Mendenhall School","Guilford",36.1090060008986,-79.802314,54,44
2025-04-19,2025,4,"Millbrook School","Wake",35.856111,-78.574167,46.5,43
2025-04-19,2025,4,"Pitt Agri. Center","Pitt",35.6412760008938,-77.360126,33,41
2025-04-19,2025,4,"West Johnston Co.","Johnston",35.59095,-78.4622,43,45
2025-04-20,2025,4,"Bryson City","Swain",35.434767,-83.442133,76,54
2025-04-20,2025,4,"Castle Hayne","New Hanover",34.364167,-77.838611,37.5,38
2025-04-20,2025,4,"Clemmons Middle","Forsyth",36.026612,-80.341962,60,45
2025-04-20,2025,4,"Durham Armory","Durham",36.0329550008979,-78.904037,57.5,40
2025-04-20,2025,4,"Frying Pan Mountain","Haywood",35.379167,-82.7925,NA,50
2025-04-20,2025,4,"Garinger High School","Mecklenburg",35.2401000008895,-80.785683,51,38
2025-04-20,2025,4,"Hattie Avenue","Forsyth",36.11094,-80.224501,61,47
2025-04-20,2025,4,"Leggett","Edgecombe",35.988278,-77.5843,51,41
2025-04-20,2025,4,"Linville Falls","Avery",35.972347,-81.933072,NA,50
2025-04-20,2025,4,"Mendenhall School","Guilford",36.1090060008986,-79.802314,57,43
2025-04-20,2025,4,"Millbrook School","Wake",35.856111,-78.574167,54,39
2025-04-20,2025,4,"Pitt Agri. Center","Pitt",35.6412760008938,-77.360126,57,40
2025-04-20,2025,4,"West Johnston Co.","Johnston",35.59095,-78.4622,53,37
2025-04-21,2025,4,"Bryson City","Swain",35.434767,-83.442133,44,45
2025-04-21,2025,4,"Castle Hayne","New Hanover",34.364167,-77.838611,46,46
2025-04-21,2025,4,"Clemmons Middle","Forsyth",36.026612,-80.341962,53,47
2025-04-21,2025,4,"Durham Armory","Durham",36.0329550008979,-78.904037,56.5,44
2025-04-21,2025,4,"Frying Pan Mountain","Haywood",35.379167,-82.7925,NA,49
2025-04-21,2025,4,"Garinger High School","Mecklenburg",35.2401000008895,-80.785683,50,46
2025-04-21,2025,4,"Hattie Avenue","Forsyth",36.11094,-80.224501,54,47
2025-04-21,2025,4,"Leggett","Edgecombe",35.988278,-77.5843,52,46
2025-04-21,2025,4,"Linville Falls","Avery",35.972347,-81.933072,NA,46
2025-04-21,2025,4,"Mendenhall School","Guilford",36.1090060008986,-79.802314,52,49
2025-04-21,2025,4,"Millbrook School","Wake",35.856111,-78.574167,57,46
2025-04-21,2025,4,"Pitt Agri. Center","Pitt",35.6412760008938,-77.360126,42,44
2025-04-21,2025,4,"West Johnston Co.","Johnston",35.59095,-78.4622,42,49
2025-04-22,2025,4,"Bryson City","Swain",35.434767,-83.442133,34,31
2025-04-22,2025,4,"Castle Hayne","New Hanover",34.364167,-77.838611,45,44
2025-04-22,2025,4,"Clemmons Middle","Forsyth",36.026612,-80.341962,53,39
2025-04-22,2025,4,"Durham Armory","Durham",36.0329550008979,-78.904037,55.5,40
2025-04-22,2025,4,"Frying Pan Mountain","Haywood",35.379167,-82.7925,NA,44
2025-04-22,2025,4,"Garinger High School","Mecklenburg",35.2401000008895,-80.785683,52,44
2025-04-22,2025,4,"Hattie Avenue","Forsyth",36.11094,-80.224501,53,37
2025-04-22,2025,4,"Leggett","Edgecombe",35.988278,-77.5843,54,43
2025-04-22,2025,4,"Linville Falls","Avery",35.972347,-81.933072,24,42
2025-04-22,2025,4,"Mendenhall School","Guilford",36.1090060008986,-79.802314,46,37
2025-04-22,2025,4,"Millbrook School","Wake",35.856111,-78.574167,55.5,43
2025-04-22,2025,4,"Pitt Agri. Center","Pitt",35.6412760008938,-77.360126,53,42
2025-04-22,2025,4,"West Johnston Co.","Johnston",35.59095,-78.4622,57,40
2025-04-23,2025,4,"Bryson City","Swain",35.434767,-83.442133,16,38
2025-04-23,2025,4,"Castle Hayne","New Hanover",34.364167,-77.838611,50.5,34
2025-04-23,2025,4,"Clemmons Middle","Forsyth",36.026612,-80.341962,39,71
2025-04-23,2025,4,"Durham Armory","Durham",36.0329550008979,-78.904037,50.5,48
2025-04-23,2025,4,"Frying Pan Mountain","Haywood",35.379167,-82.7925,NA,44
2025-04-23,2025,4,"Garinger High School","Mecklenburg",35.2401000008895,-80.785683,46,46
2025-04-23,2025,4,"Hattie Avenue","Forsyth",36.11094,-80.224501,39,67
2025-04-23,2025,4,"Leggett","Edgecombe",35.988278,-77.5843,53,44
2025-04-23,2025,4,"Linville Falls","Avery",35.972347,-81.933072,NA,45
2025-04-23,2025,4,"Mendenhall School","Guilford",36.1090060008986,-79.802314,42,48
2025-04-23,2025,4,"Millbrook School","Wake",35.856111,-78.574167,52,43
2025-04-23,2025,4,"Pitt Agri. Center","Pitt",35.6412760008938,-77.360126,56,42
2025-04-23,2025,4,"West Johnston Co.","Johnston",35.59095,-78.4622,57,41
2025-04-24,2025,4,"Bryson City","Swain",35.434767,-83.442133,27,32
2025-04-24,2025,4,"Castle Hayne","New Hanover",34.364167,-77.838611,50.5,38
2025-04-24,2025,4,"Clemmons Middle","Forsyth",36.026612,-80.341962,55,39
2025-04-24,2025,4,"Durham Armory","Durham",36.0329550008979,-78.904037,57,51
2025-04-24,2025,4,"Frying Pan Mountain","Haywood",35.379167,-82.7925,NA,41
2025-04-24,2025,4,"Garinger High School","Mecklenburg",35.2401000008895,-80.785683,55,26
2025-04-24,2025,4,"Hattie Avenue","Forsyth",36.11094,-80.224501,55,40
2025-04-24,2025,4,"Leggett","Edgecombe",35.988278,-77.5843,48,47
2025-04-24,2025,4,"Linville Falls","Avery",35.972347,-81.933072,NA,42
2025-04-24,2025,4,"Mendenhall School","Guilford",36.1090060008986,-79.802314,55,46
2025-04-24,2025,4,"Millbrook School","Wake",35.856111,-78.574167,58,51
2025-04-24,2025,4,"Pitt Agri. Center","Pitt",35.6412760008938,-77.360126,51,46
2025-04-24,2025,4,"West Johnston Co.","Johnston",35.59095,-78.4622,53,51
2025-04-25,2025,4,"Bryson City","Swain",35.434767,-83.442133,47,35
2025-04-25,2025,4,"Castle Hayne","New Hanover",34.364167,-77.838611,39.5,44
2025-04-25,2025,4,"Clemmons Middle","Forsyth",36.026612,-80.341962,61,39
2025-04-25,2025,4,"Durham Armory","Durham",36.0329550008979,-78.904037,54.5,36
2025-04-25,2025,4,"Frying Pan Mountain","Haywood",35.379167,-82.7925,19,40
2025-04-25,2025,4,"Garinger High School","Mecklenburg",35.2401000008895,-80.785683,50,38
2025-04-25,2025,4,"Hattie Avenue","Forsyth",36.11094,-80.224501,60,40
2025-04-25,2025,4,"Leggett","Edgecombe",35.988278,-77.5843,40,44
2025-04-25,2025,4,"Linville Falls","Avery",35.972347,-81.933072,32,34
2025-04-25,2025,4,"Mendenhall School","Guilford",36.1090060008986,-79.802314,54,38
2025-04-25,2025,4,"Millbrook School","Wake",35.856111,-78.574167,54.5,41
2025-04-25,2025,4,"Pitt Agri. Center","Pitt",35.6412760008938,-77.360126,30,42
2025-04-25,2025,4,"West Johnston Co.","Johnston",35.59095,-78.4622,55,44
2025-04-26,2025,4,"Bryson City","Swain",35.434767,-83.442133,33,40
2025-04-26,2025,4,"Castle Hayne","New Hanover",34.364167,-77.838611,33,35
2025-04-26,2025,4,"Clemmons Middle","Forsyth",36.026612,-80.341962,38,37
2025-04-26,2025,4,"Durham Armory","Durham",36.0329550008979,-78.904037,45,37
2025-04-26,2025,4,"Frying Pan Mountain","Haywood",35.379167,-82.7925,NA,43
2025-04-26,2025,4,"Garinger High School","Mecklenburg",35.2401000008895,-80.785683,33,40
2025-04-26,2025,4,"Hattie Avenue","Forsyth",36.11094,-80.224501,38,38
2025-04-26,2025,4,"Leggett","Edgecombe",35.988278,-77.5843,35,40
2025-04-26,2025,4,"Linville Falls","Avery",35.972347,-81.933072,NA,44
2025-04-26,2025,4,"Mendenhall School","Guilford",36.1090060008986,-79.802314,34,35
2025-04-26,2025,4,"Millbrook School","Wake",35.856111,-78.574167,41,38
2025-04-26,2025,4,"Pitt Agri. Center","Pitt",35.6412760008938,-77.360126,34,40
2025-04-26,2025,4,"West Johnston Co.","Johnston",35.59095,-78.4622,36,37
2025-04-27,2025,4,"Bryson City","Swain",35.434767,-83.442133,31,45
2025-04-27,2025,4,"Castle Hayne","New Hanover",34.364167,-77.838611,32.5,42
2025-04-27,2025,4,"Clemmons Middle","Forsyth",36.026612,-80.341962,28,49
2025-04-27,2025,4,"Durham Armory","Durham",36.0329550008979,-78.904037,30,44
2025-04-27,2025,4,"Frying Pan Mountain","Haywood",35.379167,-82.7925,NA,64
2025-04-27,2025,4,"Garinger High School","Mecklenburg",35.2401000008895,-80.785683,28,54
2025-04-27,2025,4,"Hattie Avenue","Forsyth",36.11094,-80.224501,33,50
2025-04-27,2025,4,"Leggett","Edgecombe",35.988278,-77.5843,17,44
2025-04-27,2025,4,"Linville Falls","Avery",35.972347,-81.933072,NA,46
2025-04-27,2025,4,"Mendenhall School","Guilford",36.1090060008986,-79.802314,23,45
2025-04-27,2025,4,"Millbrook School","Wake",35.856111,-78.574167,24,44
2025-04-27,2025,4,"Pitt Agri. Center","Pitt",35.6412760008938,-77.360126,16,44
2025-04-27,2025,4,"West Johnston Co.","Johnston",35.59095,-78.4622,18,44
2025-04-28,2025,4,"Bryson City","Swain",35.434767,-83.442133,36,45
2025-04-28,2025,4,"Castle Hayne","New Hanover",34.364167,-77.838611,32.5,49
2025-04-28,2025,4,"Clemmons Middle","Forsyth",36.026612,-80.341962,36,50
2025-04-28,2025,4,"Durham Armory","Durham",36.0329550008979,-78.904037,30.5,61
2025-04-28,2025,4,"Frying Pan Mountain","Haywood",35.379167,-82.7925,24,50
2025-04-28,2025,4,"Garinger High School","Mecklenburg",35.2401000008895,-80.785683,44,51
2025-04-28,2025,4,"Hattie Avenue","Forsyth",36.11094,-80.224501,38,58
2025-04-28,2025,4,"Leggett","Edgecombe",35.988278,-77.5843,17,46
2025-04-28,2025,4,"Linville Falls","Avery",35.972347,-81.933072,26,50
2025-04-28,2025,4,"Mendenhall School","Guilford",36.1090060008986,-79.802314,34,49
2025-04-28,2025,4,"Millbrook School","Wake",35.856111,-78.574167,31,47
2025-04-28,2025,4,"Pitt Agri. Center","Pitt",35.6412760008938,-77.360126,21,45
2025-04-28,2025,4,"West Johnston Co.","Johnston",35.59095,-78.4622,35,50
2025-04-29,2025,4,"Bryson City","Swain",35.434767,-83.442133,47,42
2025-04-29,2025,4,"Castle Hayne","New Hanover",34.364167,-77.838611,54.5,45
2025-04-29,2025,4,"Clemmons Middle","Forsyth",36.026612,-80.341962,49,47
2025-04-29,2025,4,"Durham Armory","Durham",36.0329550008979,-78.904037,54.5,47
2025-04-29,2025,4,"Frying Pan Mountain","Haywood",35.379167,-82.7925,NA,43
2025-04-29,2025,4,"Garinger High School","Mecklenburg",35.2401000008895,-80.785683,42,44
2025-04-29,2025,4,"Hattie Avenue","Forsyth",36.11094,-80.224501,47,49
2025-04-29,2025,4,"Leggett","Edgecombe",35.988278,-77.5843,31,51
2025-04-29,2025,4,"Linville Falls","Avery",35.972347,-81.933072,NA,46
2025-04-29,2025,4,"Mendenhall School","Guilford",36.1090060008986,-79.802314,41,51
2025-04-29,2025,4,"Millbrook School","Wake",35.856111,-78.574167,43,49
2025-04-29,2025,4,"Pitt Agri. Center","Pitt",35.6412760008938,-77.360126,32,48
2025-04-29,2025,4,"West Johnston Co.","Johnston",35.59095,-78.4622,36,51
2025-04-30,2025,4,"Bryson City","Swain",35.434767,-83.442133,51,37
2025-04-30,2025,4,"Castle Hayne","New Hanover",34.364167,-77.838611,39,42
2025-04-30,2025,4,"Clemmons Middle","Forsyth",36.026612,-80.341962,52,44
2025-04-30,2025,4,"Durham Armory","Durham",36.0329550008979,-78.904037,55.5,43
2025-04-30,2025,4,"Frying Pan Mountain","Haywood",35.379167,-82.7925,NA,44
2025-04-30,2025,4,"Garinger High School","Mecklenburg",35.2401000008895,-80.785683,52,44
2025-04-30,2025,4,"Hattie Avenue","Forsyth",36.11094,-80.224501,53,44
2025-04-30,2025,4,"Leggett","Edgecombe",35.988278,-77.5843,53,46
2025-04-30,2025,4,"Linville Falls","Avery",35.972347,-81.933072,NA,37
2025-04-30,2025,4,"Mendenhall School","Guilford",36.1090060008986,-79.802314,52,43
2025-04-30,2025,4,"Millbrook School","Wake",35.856111,-78.574167,54,42
2025-04-30,2025,4,"Pitt Agri. Center","Pitt",35.6412760008938,-77.360126,44,44
2025-04-30,2025,4,"West Johnston Co.","Johnston",35.59095,-78.4622,54,NA
2025-05-01,2025,5,"Bryson City","Swain",35.434767,-83.442133,46,37
2025-05-01,2025,5,"Castle Hayne","New Hanover",34.364167,-77.838611,28,43
2025-05-01,2025,5,"Clemmons Middle","Forsyth",36.026612,-80.341962,52.5,45
2025-05-01,2025,5,"Durham Armory","Durham",36.0329550008979,-78.904037,56.5,42
2025-05-01,2025,5,"Frying Pan Mountain","Haywood",35.379167,-82.7925,34,46
2025-05-01,2025,5,"Garinger High School","Mecklenburg",35.2401000008895,-80.785683,50,43
2025-05-01,2025,5,"Hattie Avenue","Forsyth",36.11094,-80.224501,54,45
2025-05-01,2025,5,"Leggett","Edgecombe",35.988278,-77.5843,53,47
2025-05-01,2025,5,"Linville Falls","Avery",35.972347,-81.933072,41,42
2025-05-01,2025,5,"Mendenhall School","Guilford",36.1090060008986,-79.802314,60,46
2025-05-01,2025,5,"Millbrook School","Wake",35.856111,-78.574167,55.5,44
2025-05-01,2025,5,"Pitt Agri. Center","Pitt",35.6412760008938,-77.360126,39,44
2025-05-01,2025,5,"West Johnston Co.","Johnston",35.59095,-78.4622,52,47
2025-05-02,2025,5,"Bryson City","Swain",35.434767,-83.442133,31,30
2025-05-02,2025,5,"Castle Hayne","New Hanover",34.364167,-77.838611,35,41
2025-05-02,2025,5,"Clemmons Middle","Forsyth",36.026612,-80.341962,48,47
2025-05-02,2025,5,"Durham Armory","Durham",36.0329550008979,-78.904037,49.5,44
2025-05-02,2025,5,"Frying Pan Mountain","Haywood",35.379167,-82.7925,NA,44
2025-05-02,2025,5,"Garinger High School","Mecklenburg",35.2401000008895,-80.785683,44,43
2025-05-02,2025,5,"Hattie Avenue","Forsyth",36.11094,-80.224501,51,48
2025-05-02,2025,5,"Leggett","Edgecombe",35.988278,-77.5843,42,46
2025-05-02,2025,5,"Linville Falls","Avery",35.972347,-81.933072,NA,44
2025-05-02,2025,5,"Mendenhall School","Guilford",36.1090060008986,-79.802314,52,49
2025-05-02,2025,5,"Millbrook School","Wake",35.856111,-78.574167,48,45
2025-05-02,2025,5,"Pitt Agri. Center","Pitt",35.6412760008938,-77.360126,47,42
2025-05-02,2025,5,"West Johnston Co.","Johnston",35.59095,-78.4622,42,44
2025-05-03,2025,5,"Bryson City","Swain",35.434767,-83.442133,12,28
2025-05-03,2025,5,"Castle Hayne","New Hanover",34.364167,-77.838611,34.5,42
2025-05-03,2025,5,"Clemmons Middle","Forsyth",36.026612,-80.341962,43,34
2025-05-03,2025,5,"Durham Armory","Durham",36.0329550008979,-78.904037,37.5,40
2025-05-03,2025,5,"Frying Pan Mountain","Haywood",35.379167,-82.7925,NA,46
2025-05-03,2025,5,"Garinger High School","Mecklenburg",35.2401000008895,-80.785683,42,31
2025-05-03,2025,5,"Hattie Avenue","Forsyth",36.11094,-80.224501,46,35
2025-05-03,2025,5,"Leggett","Edgecombe",35.988278,-77.5843,39,42
2025-05-03,2025,5,"Linville Falls","Avery",35.972347,-81.933072,NA,39
2025-05-03,2025,5,"Mendenhall School","Guilford",36.1090060008986,-79.802314,41,32
2025-05-03,2025,5,"Millbrook School","Wake",35.856111,-78.574167,37,39
2025-05-03,2025,5,"Pitt Agri. Center","Pitt",35.6412760008938,-77.360126,40,40
2025-05-03,2025,5,"West Johnston Co.","Johnston",35.59095,-78.4622,31,39
2025-05-04,2025,5,"Bryson City","Swain",35.434767,-83.442133,16,36
2025-05-04,2025,5,"Castle Hayne","New Hanover",34.364167,-77.838611,28,40
2025-05-04,2025,5,"Clemmons Middle","Forsyth",36.026612,-80.341962,21,43
2025-05-04,2025,5,"Durham Armory","Durham",36.0329550008979,-78.904037,29.5,39
2025-05-04,2025,5,"Frying Pan Mountain","Haywood",35.379167,-82.7925,11,42
2025-05-04,2025,5,"Garinger High School","Mecklenburg",35.2401000008895,-80.785683,16,40
2025-05-04,2025,5,"Hattie Avenue","Forsyth",36.11094,-80.224501,23.5,44
2025-05-04,2025,5,"Leggett","Edgecombe",35.988278,-77.5843,26,33
2025-05-04,2025,5,"Linville Falls","Avery",35.972347,-81.933072,11,41
2025-05-04,2025,5,"Mendenhall School","Guilford",36.1090060008986,-79.802314,16,43
2025-05-04,2025,5,"Millbrook School","Wake",35.856111,-78.574167,33.5,35
2025-05-04,2025,5,"Pitt Agri. Center","Pitt",35.6412760008938,-77.360126,21,30
2025-05-04,2025,5,"West Johnston Co.","Johnston",35.59095,-78.4622,22,35
2025-05-05,2025,5,"Bryson City","Swain",35.434767,-83.442133,21,35
2025-05-05,2025,5,"Castle Hayne","New Hanover",34.364167,-77.838611,25,41
2025-05-05,2025,5,"Clemmons Middle","Forsyth",36.026612,-80.341962,33,47
2025-05-05,2025,5,"Durham Armory","Durham",36.0329550008979,-78.904037,42,34
2025-05-05,2025,5,"Frying Pan Mountain","Haywood",35.379167,-82.7925,NA,43
2025-05-05,2025,5,"Garinger High School","Mecklenburg",35.2401000008895,-80.785683,24,44
2025-05-05,2025,5,"Hattie Avenue","Forsyth",36.11094,-80.224501,33,47
2025-05-05,2025,5,"Leggett","Edgecombe",35.988278,-77.5843,21,36
2025-05-05,2025,5,"Linville Falls","Avery",35.972347,-81.933072,NA,41
2025-05-05,2025,5,"Mendenhall School","Guilford",36.1090060008986,-79.802314,30,44
2025-05-05,2025,5,"Millbrook School","Wake",35.856111,-78.574167,34,33
2025-05-05,2025,5,"Pitt Agri. Center","Pitt",35.6412760008938,-77.360126,28,32
2025-05-05,2025,5,"West Johnston Co.","Johnston",35.59095,-78.4622,32,36
2025-05-06,2025,5,"Bryson City","Swain",35.434767,-83.442133,26,41
2025-05-06,2025,5,"Castle Hayne","New Hanover",34.364167,-77.838611,31.5,48
2025-05-06,2025,5,"Clemmons Middle","Forsyth",36.026612,-80.341962,26,47
2025-05-06,2025,5,"Durham Armory","Durham",36.0329550008979,-78.904037,37.5,44
2025-05-06,2025,5,"Frying Pan Mountain","Haywood",35.379167,-82.7925,NA,46
2025-05-06,2025,5,"Garinger High School","Mecklenburg",35.2401000008895,-80.785683,31,47
2025-05-06,2025,5,"Hattie Avenue","Forsyth",36.11094,-80.224501,29,47
2025-05-06,2025,5,"Leggett","Edgecombe",35.988278,-77.5843,28,46
2025-05-06,2025,5,"Linville Falls","Avery",35.972347,-81.933072,NA,42
2025-05-06,2025,5,"Mendenhall School","Guilford",36.1090060008986,-79.802314,28,46
2025-05-06,2025,5,"Millbrook School","Wake",35.856111,-78.574167,30,44
2025-05-06,2025,5,"Pitt Agri. Center","Pitt",35.6412760008938,-77.360126,37,47
2025-05-06,2025,5,"West Johnston Co.","Johnston",35.59095,-78.4622,33,45
2025-05-07,2025,5,"Bryson City","Swain",35.434767,-83.442133,29,25
2025-05-07,2025,5,"Castle Hayne","New Hanover",34.364167,-77.838611,43,48
2025-05-07,2025,5,"Clemmons Middle","Forsyth",36.026612,-80.341962,34.5,44
2025-05-07,2025,5,"Durham Armory","Durham",36.0329550008979,-78.904037,41.5,44
2025-05-07,2025,5,"Frying Pan Mountain","Haywood",35.379167,-82.7925,11,39
2025-05-07,2025,5,"Garinger High School","Mecklenburg",35.2401000008895,-80.785683,41.5,43
2025-05-07,2025,5,"Hattie Avenue","Forsyth",36.11094,-80.224501,38,45
2025-05-07,2025,5,"Leggett","Edgecombe",35.988278,-77.5843,37,45
2025-05-07,2025,5,"Linville Falls","Avery",35.972347,-81.933072,20,44
2025-05-07,2025,5,"Mendenhall School","Guilford",36.1090060008986,-79.802314,32,48
2025-05-07,2025,5,"Millbrook School","Wake",35.856111,-78.574167,36,44
2025-05-07,2025,5,"Pitt Agri. Center","Pitt",35.6412760008938,-77.360126,38,48
2025-05-07,2025,5,"West Johnston Co.","Johnston",35.59095,-78.4622,39,45
2025-05-08,2025,5,"Bryson City","Swain",35.434767,-83.442133,31,37
2025-05-08,2025,5,"Castle Hayne","New Hanover",34.364167,-77.838611,52,50
2025-05-08,2025,5,"Clemmons Middle","Forsyth",36.026612,-80.341962,36,44
2025-05-08,2025,5,"Durham Armory","Durham",36.0329550008979,-78.904037,51,47
2025-05-08,2025,5,"Frying Pan Mountain","Haywood",35.379167,-82.7925,NA,51
2025-05-08,2025,5,"Garinger High School","Mecklenburg",35.2401000008895,-80.785683,43,47
2025-05-08,2025,5,"Hattie Avenue","Forsyth",36.11094,-80.224501,41,49
2025-05-08,2025,5,"Leggett","Edgecombe",35.988278,-77.5843,52,58
2025-05-08,2025,5,"Linville Falls","Avery",35.972347,-81.933072,NA,43
2025-05-08,2025,5,"Mendenhall School","Guilford",36.1090060008986,-79.802314,41,51
2025-05-08,2025,5,"Millbrook School","Wake",35.856111,-78.574167,50,49
2025-05-08,2025,5,"Pitt Agri. Center","Pitt",35.6412760008938,-77.360126,47,47
2025-05-08,2025,5,"West Johnston Co.","Johnston",35.59095,-78.4622,52,43
2025-05-09,2025,5,"Bryson City","Swain",35.434767,-83.442133,23,41
2025-05-09,2025,5,"Castle Hayne","New Hanover",34.364167,-77.838611,30,44
2025-05-09,2025,5,"Clemmons Middle","Forsyth",36.026612,-80.341962,30,45
2025-05-09,2025,5,"Durham Armory","Durham",36.0329550008979,-78.904037,35,42
2025-05-09,2025,5,"Frying Pan Mountain","Haywood",35.379167,-82.7925,NA,48
2025-05-09,2025,5,"Garinger High School","Mecklenburg",35.2401000008895,-80.785683,22,47
2025-05-09,2025,5,"Hattie Avenue","Forsyth",36.11094,-80.224501,30,46
2025-05-09,2025,5,"Leggett","Edgecombe",35.988278,-77.5843,31,43
2025-05-09,2025,5,"Mendenhall School","Guilford",36.1090060008986,-79.802314,26,44
2025-05-09,2025,5,"Millbrook School","Wake",35.856111,-78.574167,30,44
2025-05-09,2025,5,"Pitt Agri. Center","Pitt",35.6412760008938,-77.360126,23,48
2025-05-09,2025,5,"West Johnston Co.","Johnston",35.59095,-78.4622,21,48
2025-05-10,2025,5,"Bryson City","Swain",35.434767,-83.442133,33,26
2025-05-10,2025,5,"Castle Hayne","New Hanover",34.364167,-77.838611,32.5,41
2025-05-10,2025,5,"Clemmons Middle","Forsyth",36.026612,-80.341962,33,48
2025-05-10,2025,5,"Durham Armory","Durham",36.0329550008979,-78.904037,33,43
2025-05-10,2025,5,"Frying Pan Mountain","Haywood",35.379167,-82.7925,22,44
2025-05-10,2025,5,"Garinger High School","Mecklenburg",35.2401000008895,-80.785683,30.5,37
2025-05-10,2025,5,"Hattie Avenue","Forsyth",36.11094,-80.224501,28,49
2025-05-10,2025,5,"Leggett","Edgecombe",35.988278,-77.5843,27,48
2025-05-10,2025,5,"Linville Falls","Avery",35.972347,-81.933072,NA,43
2025-05-10,2025,5,"Mendenhall School","Guilford",36.1090060008986,-79.802314,29,44
2025-05-10,2025,5,"Millbrook School","Wake",35.856111,-78.574167,28,43
2025-05-10,2025,5,"Pitt Agri. Center","Pitt",35.6412760008938,-77.360126,23,47
2025-05-10,2025,5,"West Johnston Co.","Johnston",35.59095,-78.4622,31,42
2025-05-11,2025,5,"Bryson City","Swain",35.434767,-83.442133,22,33
2025-05-11,2025,5,"Castle Hayne","New Hanover",34.364167,-77.838611,21.5,36
2025-05-11,2025,5,"Clemmons Middle","Forsyth",36.026612,-80.341962,41,37
2025-05-11,2025,5,"Durham Armory","Durham",36.0329550008979,-78.904037,51.5,22
2025-05-11,2025,5,"Frying Pan Mountain","Haywood",35.379167,-82.7925,NA,36
2025-05-11,2025,5,"Garinger High School","Mecklenburg",35.2401000008895,-80.785683,47,30
2025-05-11,2025,5,"Hattie Avenue","Forsyth",36.11094,-80.224501,42,36
2025-05-11,2025,5,"Leggett","Edgecombe",35.988278,-77.5843,38,36
2025-05-11,2025,5,"Linville Falls","Avery",35.972347,-81.933072,NA,40
2025-05-11,2025,5,"Mendenhall School","Guilford",36.1090060008986,-79.802314,46,31
2025-05-11,2025,5,"Millbrook School","Wake",35.856111,-78.574167,41,32
2025-05-11,2025,5,"Pitt Agri. Center","Pitt",35.6412760008938,-77.360126,33,35
2025-05-11,2025,5,"West Johnston Co.","Johnston",35.59095,-78.4622,48,27
2025-05-12,2025,5,"Bryson City","Swain",35.434767,-83.442133,20,23
2025-05-12,2025,5,"Castle Hayne","New Hanover",34.364167,-77.838611,24,23
2025-05-12,2025,5,"Clemmons Middle","Forsyth",36.026612,-80.341962,24,24
2025-05-12,2025,5,"Durham Armory","Durham",36.0329550008979,-78.904037,29.5,25
2025-05-12,2025,5,"Frying Pan Mountain","Haywood",35.379167,-82.7925,NA,39
2025-05-12,2025,5,"Garinger High School","Mecklenburg",35.2401000008895,-80.785683,18,22
2025-05-12,2025,5,"Hattie Avenue","Forsyth",36.11094,-80.224501,25,25
2025-05-12,2025,5,"Leggett","Edgecombe",35.988278,-77.5843,22,31
2025-05-12,2025,5,"Linville Falls","Avery",35.972347,-81.933072,NA,33
2025-05-12,2025,5,"Mendenhall School","Guilford",36.1090060008986,-79.802314,24,24
2025-05-12,2025,5,"Millbrook School","Wake",35.856111,-78.574167,27,25
2025-05-12,2025,5,"Pitt Agri. Center","Pitt",35.6412760008938,-77.360126,24,29
2025-05-12,2025,5,"West Johnston Co.","Johnston",35.59095,-78.4622,23,28
2025-05-13,2025,5,"Bryson City","Swain",35.434767,-83.442133,16,36
2025-05-13,2025,5,"Castle Hayne","New Hanover",34.364167,-77.838611,23.5,32
2025-05-13,2025,5,"Clemmons Middle","Forsyth",36.026612,-80.341962,30,39
2025-05-13,2025,5,"Durham Armory","Durham",36.0329550008979,-78.904037,21.5,30
2025-05-13,2025,5,"Frying Pan Mountain","Haywood",35.379167,-82.7925,9,41
2025-05-13,2025,5,"Garinger High School","Mecklenburg",35.2401000008895,-80.785683,18,39
2025-05-13,2025,5,"Hattie Avenue","Forsyth",36.11094,-80.224501,24.5,42
2025-05-13,2025,5,"Leggett","Edgecombe",35.988278,-77.5843,18,30
2025-05-13,2025,5,"Linville Falls","Avery",35.972347,-81.933072,11,43
2025-05-13,2025,5,"Mendenhall School","Guilford",36.1090060008986,-79.802314,17,37
2025-05-13,2025,5,"Millbrook School","Wake",35.856111,-78.574167,19,32
2025-05-13,2025,5,"Pitt Agri. Center","Pitt",35.6412760008938,-77.360126,9,25
2025-05-13,2025,5,"West Johnston Co.","Johnston",35.59095,-78.4622,19,29
2025-05-14,2025,5,"Bryson City","Swain",35.434767,-83.442133,27,35
2025-05-14,2025,5,"Castle Hayne","New Hanover",34.364167,-77.838611,40,38
2025-05-14,2025,5,"Clemmons Middle","Forsyth",36.026612,-80.341962,29,39
2025-05-14,2025,5,"Durham Armory","Durham",36.0329550008979,-78.904037,36.5,32
2025-05-14,2025,5,"Frying Pan Mountain","Haywood",35.379167,-82.7925,NA,46
2025-05-14,2025,5,"Garinger High School","Mecklenburg",35.2401000008895,-80.785683,23,42
2025-05-14,2025,5,"Hattie Avenue","Forsyth",36.11094,-80.224501,24,41
2025-05-14,2025,5,"Leggett","Edgecombe",35.988278,-77.5843,33,37
2025-05-14,2025,5,"Linville Falls","Avery",35.972347,-81.933072,NA,41
2025-05-14,2025,5,"Mendenhall School","Guilford",36.1090060008986,-79.802314,31,31
2025-05-14,2025,5,"Millbrook School","Wake",35.856111,-78.574167,31,34
2025-05-14,2025,5,"Pitt Agri. Center","Pitt",35.6412760008938,-77.360126,29,35
2025-05-14,2025,5,"West Johnston Co.","Johnston",35.59095,-78.4622,26,36
2025-05-15,2025,5,"Bryson City","Swain",35.434767,-83.442133,45,39
2025-05-15,2025,5,"Castle Hayne","New Hanover",34.364167,-77.838611,42,45
2025-05-15,2025,5,"Clemmons Middle","Forsyth",36.026612,-80.341962,52,48
2025-05-15,2025,5,"Durham Armory","Durham",36.0329550008979,-78.904037,51.5,35
2025-05-15,2025,5,"Frying Pan Mountain","Haywood",35.379167,-82.7925,NA,46
2025-05-15,2025,5,"Garinger High School","Mecklenburg",35.2401000008895,-80.785683,47,44
2025-05-15,2025,5,"Hattie Avenue","Forsyth",36.11094,-80.224501,51,51
2025-05-15,2025,5,"Leggett","Edgecombe",35.988278,-77.5843,53,40
2025-05-15,2025,5,"Linville Falls","Avery",35.972347,-81.933072,NA,42
2025-05-15,2025,5,"Mendenhall School","Guilford",36.1090060008986,-79.802314,52,48
2025-05-15,2025,5,"Millbrook School","Wake",35.856111,-78.574167,54,39
2025-05-15,2025,5,"Pitt Agri. Center","Pitt",35.6412760008938,-77.360126,51,36
2025-05-15,2025,5,"West Johnston Co.","Johnston",35.59095,-78.4622,50,42
2025-05-16,2025,5,"Bryson City","Swain",35.434767,-83.442133,51,22
2025-05-16,2025,5,"Castle Hayne","New Hanover",34.364167,-77.838611,56,38
2025-05-16,2025,5,"Clemmons Middle","Forsyth",36.026612,-80.341962,59,32
2025-05-16,2025,5,"Durham Armory","Durham",36.0329550008979,-78.904037,56,35
2025-05-16,2025,5,"Frying Pan Mountain","Haywood",35.379167,-82.7925,40,42
2025-05-16,2025,5,"Garinger High School","Mecklenburg",35.2401000008895,-80.785683,57.5,44
2025-05-16,2025,5,"Hattie Avenue","Forsyth",36.11094,-80.224501,55.5,35
2025-05-16,2025,5,"Leggett","Edgecombe",35.988278,-77.5843,59,38
2025-05-16,2025,5,"Linville Falls","Avery",35.972347,-81.933072,51,34
2025-05-16,2025,5,"Mendenhall School","Guilford",36.1090060008986,-79.802314,54,37
2025-05-16,2025,5,"Millbrook School","Wake",35.856111,-78.574167,58.5,39
2025-05-16,2025,5,"Pitt Agri. Center","Pitt",35.6412760008938,-77.360126,58,42
2025-05-16,2025,5,"West Johnston Co.","Johnston",35.59095,-78.4622,58,39
2025-05-17,2025,5,"Bryson City","Swain",35.434767,-83.442133,26,46
2025-05-17,2025,5,"Castle Hayne","New Hanover",34.364167,-77.838611,54.5,34
2025-05-17,2025,5,"Clemmons Middle","Forsyth",36.026612,-80.341962,31,44
2025-05-17,2025,5,"Durham Armory","Durham",36.0329550008979,-78.904037,37,41
2025-05-17,2025,5,"Frying Pan Mountain","Haywood",35.379167,-82.7925,NA,48
2025-05-17,2025,5,"Garinger High School","Mecklenburg",35.2401000008895,-80.785683,33,41
2025-05-17,2025,5,"Hattie Avenue","Forsyth",36.11094,-80.224501,27,44
2025-05-17,2025,5,"Leggett","Edgecombe",35.988278,-77.5843,47,44
2025-05-17,2025,5,"Linville Falls","Avery",35.972347,-81.933072,NA,48
2025-05-17,2025,5,"Mendenhall School","Guilford",36.1090060008986,-79.802314,28,44
2025-05-17,2025,5,"Millbrook School","Wake",35.856111,-78.574167,39,41
2025-05-17,2025,5,"Pitt Agri. Center","Pitt",35.6412760008938,-77.360126,47,41
2025-05-17,2025,5,"West Johnston Co.","Johnston",35.59095,-78.4622,48,43
2025-05-18,2025,5,"Bryson City","Swain",35.434767,-83.442133,37,45
2025-05-18,2025,5,"Castle Hayne","New Hanover",34.364167,-77.838611,43.5,44
2025-05-18,2025,5,"Clemmons Middle","Forsyth",36.026612,-80.341962,22,44
2025-05-18,2025,5,"Durham Armory","Durham",36.0329550008979,-78.904037,32.5,43
2025-05-18,2025,5,"Frying Pan Mountain","Haywood",35.379167,-82.7925,NA,48
2025-05-18,2025,5,"Garinger High School","Mecklenburg",35.2401000008895,-80.785683,29,44
2025-05-18,2025,5,"Hattie Avenue","Forsyth",36.11094,-80.224501,23,44
2025-05-18,2025,5,"Leggett","Edgecombe",35.988278,-77.5843,29,40
2025-05-18,2025,5,"Linville Falls","Avery",35.972347,-81.933072,NA,47
2025-05-18,2025,5,"Mendenhall School","Guilford",36.1090060008986,-79.802314,23,44
2025-05-18,2025,5,"Millbrook School","Wake",35.856111,-78.574167,26,44
2025-05-18,2025,5,"Pitt Agri. Center","Pitt",35.6412760008938,-77.360126,26,43
2025-05-18,2025,5,"West Johnston Co.","Johnston",35.59095,-78.4622,36,45
2025-05-19,2025,5,"Bryson City","Swain",35.434767,-83.442133,33,31
2025-05-19,2025,5,"Castle Hayne","New Hanover",34.364167,-77.838611,46,42
2025-05-19,2025,5,"Clemmons Middle","Forsyth",36.026612,-80.341962,39.5,46
2025-05-19,2025,5,"Durham Armory","Durham",36.0329550008979,-78.904037,31.5,48
2025-05-19,2025,5,"Frying Pan Mountain","Haywood",35.379167,-82.7925,24,39
2025-05-19,2025,5,"Garinger High School","Mecklenburg",35.2401000008895,-80.785683,45.5,47
2025-05-19,2025,5,"Hattie Avenue","Forsyth",36.11094,-80.224501,32.5,45
2025-05-19,2025,5,"Leggett","Edgecombe",35.988278,-77.5843,32,44
2025-05-19,2025,5,"Linville Falls","Avery",35.972347,-81.933072,26,40
2025-05-19,2025,5,"Mendenhall School","Guilford",36.1090060008986,-79.802314,26,48
2025-05-19,2025,5,"Millbrook School","Wake",35.856111,-78.574167,32,49
2025-05-19,2025,5,"Pitt Agri. Center","Pitt",35.6412760008938,-77.360126,32,48
2025-05-19,2025,5,"West Johnston Co.","Johnston",35.59095,-78.4622,39,50
2025-05-20,2025,5,"Bryson City","Swain",35.434767,-83.442133,39,28
2025-05-20,2025,5,"Castle Hayne","New Hanover",34.364167,-77.838611,40.5,45
2025-05-20,2025,5,"Clemmons Middle","Forsyth",36.026612,-80.341962,37,49
2025-05-20,2025,5,"Durham Armory","Durham",36.0329550008979,-78.904037,41,50
2025-05-20,2025,5,"Frying Pan Mountain","Haywood",35.379167,-82.7925,NA,34
2025-05-20,2025,5,"Garinger High School","Mecklenburg",35.2401000008895,-80.785683,53,44
2025-05-20,2025,5,"Hattie Avenue","Forsyth",36.11094,-80.224501,34,58
2025-05-20,2025,5,"Leggett","Edgecombe",35.988278,-77.5843,34,42
2025-05-20,2025,5,"Linville Falls","Avery",35.972347,-81.933072,NA,37
2025-05-20,2025,5,"Mendenhall School","Guilford",36.1090060008986,-79.802314,38,47
2025-05-20,2025,5,"Millbrook School","Wake",35.856111,-78.574167,37,47
2025-05-20,2025,5,"Pitt Agri. Center","Pitt",35.6412760008938,-77.360126,30,43
2025-05-20,2025,5,"West Johnston Co.","Johnston",35.59095,-78.4622,45,NA
2025-05-21,2025,5,"Bryson City","Swain",35.434767,-83.442133,18,43
2025-05-21,2025,5,"Castle Hayne","New Hanover",34.364167,-77.838611,50.5,43
2025-05-21,2025,5,"Clemmons Middle","Forsyth",36.026612,-80.341962,38,44
2025-05-21,2025,5,"Durham Armory","Durham",36.0329550008979,-78.904037,38,34
2025-05-21,2025,5,"Frying Pan Mountain","Haywood",35.379167,-82.7925,NA,45
2025-05-21,2025,5,"Garinger High School","Mecklenburg",35.2401000008895,-80.785683,40,43
2025-05-21,2025,5,"Hattie Avenue","Forsyth",36.11094,-80.224501,34,40
2025-05-21,2025,5,"Leggett","Edgecombe",35.988278,-77.5843,31,30
2025-05-21,2025,5,"Linville Falls","Avery",35.972347,-81.933072,NA,44
2025-05-21,2025,5,"Mendenhall School","Guilford",36.1090060008986,-79.802314,44,40
2025-05-21,2025,5,"Millbrook School","Wake",35.856111,-78.574167,39,32
2025-05-21,2025,5,"Pitt Agri. Center","Pitt",35.6412760008938,-77.360126,30,36
2025-05-21,2025,5,"West Johnston Co.","Johnston",35.59095,-78.4622,37,NA
2025-05-22,2025,5,"Bryson City","Swain",35.434767,-83.442133,14,49
2025-05-22,2025,5,"Castle Hayne","New Hanover",34.364167,-77.838611,33,50
2025-05-22,2025,5,"Clemmons Middle","Forsyth",36.026612,-80.341962,14,48
2025-05-22,2025,5,"Durham Armory","Durham",36.0329550008979,-78.904037,32,45
2025-05-22,2025,5,"Frying Pan Mountain","Haywood",35.379167,-82.7925,12,50
2025-05-22,2025,5,"Garinger High School","Mecklenburg",35.2401000008895,-80.785683,18.5,50
2025-05-22,2025,5,"Hattie Avenue","Forsyth",36.11094,-80.224501,16.5,46
2025-05-22,2025,5,"Leggett","Edgecombe",35.988278,-77.5843,21,44
2025-05-22,2025,5,"Linville Falls","Avery",35.972347,-81.933072,12,49
2025-05-22,2025,5,"Mendenhall School","Guilford",36.1090060008986,-79.802314,17,45
2025-05-22,2025,5,"Millbrook School","Wake",35.856111,-78.574167,23,47
2025-05-22,2025,5,"Pitt Agri. Center","Pitt",35.6412760008938,-77.360126,21,46
2025-05-22,2025,5,"West Johnston Co.","Johnston",35.59095,-78.4622,18,46
2025-05-23,2025,5,"Bryson City","Swain",35.434767,-83.442133,23,42
2025-05-23,2025,5,"Castle Hayne","New Hanover",34.364167,-77.838611,33,47
2025-05-23,2025,5,"Clemmons Middle","Forsyth",36.026612,-80.341962,14,40
2025-05-23,2025,5,"Durham Armory","Durham",36.0329550008979,-78.904037,20.5,40
2025-05-23,2025,5,"Frying Pan Mountain","Haywood",35.379167,-82.7925,NA,42
2025-05-23,2025,5,"Garinger High School","Mecklenburg",35.2401000008895,-80.785683,14,44
2025-05-23,2025,5,"Hattie Avenue","Forsyth",36.11094,-80.224501,13,37
2025-05-23,2025,5,"Leggett","Edgecombe",35.988278,-77.5843,23,NA
2025-05-23,2025,5,"Linville Falls","Avery",35.972347,-81.933072,NA,41
2025-05-23,2025,5,"Mendenhall School","Guilford",36.1090060008986,-79.802314,16,37
2025-05-23,2025,5,"Millbrook School","Wake",35.856111,-78.574167,14,42
2025-05-23,2025,5,"Pitt Agri. Center","Pitt",35.6412760008938,-77.360126,10,44
2025-05-23,2025,5,"West Johnston Co.","Johnston",35.59095,-78.4622,13,42
2025-05-24,2025,5,"Bryson City","Swain",35.434767,-83.442133,31,31
2025-05-24,2025,5,"Castle Hayne","New Hanover",34.364167,-77.838611,24,44
2025-05-24,2025,5,"Clemmons Middle","Forsyth",36.026612,-80.341962,24,43
2025-05-24,2025,5,"Durham Armory","Durham",36.0329550008979,-78.904037,30,45
2025-05-24,2025,5,"Frying Pan Mountain","Haywood",35.379167,-82.7925,NA,45
2025-05-24,2025,5,"Garinger High School","Mecklenburg",35.2401000008895,-80.785683,31,44
2025-05-24,2025,5,"Hattie Avenue","Forsyth",36.11094,-80.224501,23,43
2025-05-24,2025,5,"Leggett","Edgecombe",35.988278,-77.5843,28,44
2025-05-24,2025,5,"Linville Falls","Avery",35.972347,-81.933072,NA,43
2025-05-24,2025,5,"Mendenhall School","Guilford",36.1090060008986,-79.802314,24,44
2025-05-24,2025,5,"Millbrook School","Wake",35.856111,-78.574167,22,45
2025-05-24,2025,5,"Pitt Agri. Center","Pitt",35.6412760008938,-77.360126,22,46
2025-05-24,2025,5,"West Johnston Co.","Johnston",35.59095,-78.4622,29,44
2025-05-25,2025,5,"Bryson City","Swain",35.434767,-83.442133,36,29
2025-05-25,2025,5,"Castle Hayne","New Hanover",34.364167,-77.838611,35.5,43
2025-05-25,2025,5,"Clemmons Middle","Forsyth",36.026612,-80.341962,36,42
2025-05-25,2025,5,"Durham Armory","Durham",36.0329550008979,-78.904037,33.5,41
2025-05-25,2025,5,"Frying Pan Mountain","Haywood",35.379167,-82.7925,12,33
2025-05-25,2025,5,"Garinger High School","Mecklenburg",35.2401000008895,-80.785683,53.5,39
2025-05-25,2025,5,"Hattie Avenue","Forsyth",36.11094,-80.224501,33.5,45
2025-05-25,2025,5,"Leggett","Edgecombe",35.988278,-77.5843,36,39
2025-05-25,2025,5,"Linville Falls","Avery",35.972347,-81.933072,26,40
2025-05-25,2025,5,"Mendenhall School","Guilford",36.1090060008986,-79.802314,37,40
2025-05-25,2025,5,"Millbrook School","Wake",35.856111,-78.574167,32.5,41
2025-05-25,2025,5,"Pitt Agri. Center","Pitt",35.6412760008938,-77.360126,34,41
2025-05-25,2025,5,"West Johnston Co.","Johnston",35.59095,-78.4622,39,39
2025-05-26,2025,5,"Bryson City","Swain",35.434767,-83.442133,23,31
2025-05-26,2025,5,"Castle Hayne","New Hanover",34.364167,-77.838611,29,31
2025-05-26,2025,5,"Clemmons Middle","Forsyth",36.026612,-80.341962,33,26
2025-05-26,2025,5,"Durham Armory","Durham",36.0329550008979,-78.904037,44.5,28
2025-05-26,2025,5,"Frying Pan Mountain","Haywood",35.379167,-82.7925,NA,27
2025-05-26,2025,5,"Garinger High School","Mecklenburg",35.2401000008895,-80.785683,53,30
2025-05-26,2025,5,"Hattie Avenue","Forsyth",36.11094,-80.224501,28,25
2025-05-26,2025,5,"Leggett","Edgecombe",35.988278,-77.5843,30,31
2025-05-26,2025,5,"Linville Falls","Avery",35.972347,-81.933072,NA,29
2025-05-26,2025,5,"Mendenhall School","Guilford",36.1090060008986,-79.802314,33,21
2025-05-26,2025,5,"Millbrook School","Wake",35.856111,-78.574167,31,31
2025-05-26,2025,5,"Pitt Agri. Center","Pitt",35.6412760008938,-77.360126,17,32
2025-05-26,2025,5,"West Johnston Co.","Johnston",35.59095,-78.4622,29,32
2025-05-27,2025,5,"Bryson City","Swain",35.434767,-83.442133,18,18
2025-05-27,2025,5,"Castle Hayne","New Hanover",34.364167,-77.838611,22,33
2025-05-27,2025,5,"Clemmons Middle","Forsyth",36.026612,-80.341962,15,29
2025-05-27,2025,5,"Durham Armory","Durham",36.0329550008979,-78.904037,16.5,NA
2025-05-27,2025,5,"Frying Pan Mountain","Haywood",35.379167,-82.7925,NA,31
2025-05-27,2025,5,"Garinger High School","Mecklenburg",35.2401000008895,-80.785683,5,25
2025-05-27,2025,5,"Hattie Avenue","Forsyth",36.11094,-80.224501,12,31
2025-05-27,2025,5,"Leggett","Edgecombe",35.988278,-77.5843,22,30
2025-05-27,2025,5,"Linville Falls","Avery",35.972347,-81.933072,NA,29
2025-05-27,2025,5,"Mendenhall School","Guilford",36.1090060008986,-79.802314,11,27
2025-05-27,2025,5,"Millbrook School","Wake",35.856111,-78.574167,17,25
2025-05-27,2025,5,"Pitt Agri. Center","Pitt",35.6412760008938,-77.360126,14,27
2025-05-27,2025,5,"West Johnston Co.","Johnston",35.59095,-78.4622,16,29
2025-05-28,2025,5,"Bryson City","Swain",35.434767,-83.442133,39,26
2025-05-28,2025,5,"Castle Hayne","New Hanover",34.364167,-77.838611,28.5,26
2025-05-28,2025,5,"Clemmons Middle","Forsyth",36.026612,-80.341962,14,24
2025-05-28,2025,5,"Durham Armory","Durham",36.0329550008979,-78.904037,13.5,25
2025-05-28,2025,5,"Frying Pan Mountain","Haywood",35.379167,-82.7925,14,36
2025-05-28,2025,5,"Garinger High School","Mecklenburg",35.2401000008895,-80.785683,19.5,24
2025-05-28,2025,5,"Hattie Avenue","Forsyth",36.11094,-80.224501,12,26
2025-05-28,2025,5,"Leggett","Edgecombe",35.988278,-77.5843,19,26
2025-05-28,2025,5,"Linville Falls","Avery",35.972347,-81.933072,12,27
2025-05-28,2025,5,"Mendenhall School","Guilford",36.1090060008986,-79.802314,14,27
2025-05-28,2025,5,"Millbrook School","Wake",35.856111,-78.574167,16,24
2025-05-28,2025,5,"Pitt Agri. Center","Pitt",35.6412760008938,-77.360126,17,26
2025-05-28,2025,5,"West Johnston Co.","Johnston",35.59095,-78.4622,18,24
2025-05-29,2025,5,"Bryson City","Swain",35.434767,-83.442133,32,24
2025-05-29,2025,5,"Castle Hayne","New Hanover",34.364167,-77.838611,40,26
2025-05-29,2025,5,"Clemmons Middle","Forsyth",36.026612,-80.341962,38,31
2025-05-29,2025,5,"Durham Armory","Durham",36.0329550008979,-78.904037,32.5,30
2025-05-29,2025,5,"Frying Pan Mountain","Haywood",35.379167,-82.7925,NA,41
2025-05-29,2025,5,"Garinger High School","Mecklenburg",35.2401000008895,-80.785683,34,31
2025-05-29,2025,5,"Hattie Avenue","Forsyth",36.11094,-80.224501,33,31
2025-05-29,2025,5,"Leggett","Edgecombe",35.988278,-77.5843,31,27
2025-05-29,2025,5,"Linville Falls","Avery",35.972347,-81.933072,NA,29
2025-05-29,2025,5,"Mendenhall School","Guilford",36.1090060008986,-79.802314,29,32
2025-05-29,2025,5,"Millbrook School","Wake",35.856111,-78.574167,37,31
2025-05-29,2025,5,"Pitt Agri. Center","Pitt",35.6412760008938,-77.360126,28,26
2025-05-29,2025,5,"West Johnston Co.","Johnston",35.59095,-78.4622,37,25
2025-05-30,2025,5,"Bryson City","Swain",35.434767,-83.442133,14,41
2025-05-30,2025,5,"Castle Hayne","New Hanover",34.364167,-77.838611,23.5,32
2025-05-30,2025,5,"Clemmons Middle","Forsyth",36.026612,-80.341962,22,44
2025-05-30,2025,5,"Durham Armory","Durham",36.0329550008979,-78.904037,22.5,37
2025-05-30,2025,5,"Frying Pan Mountain","Haywood",35.379167,-82.7925,NA,44
2025-05-30,2025,5,"Garinger High School","Mecklenburg",35.2401000008895,-80.785683,24,35
2025-05-30,2025,5,"Hattie Avenue","Forsyth",36.11094,-80.224501,19,41
2025-05-30,2025,5,"Leggett","Edgecombe",35.988278,-77.5843,28,38
2025-05-30,2025,5,"Linville Falls","Avery",35.972347,-81.933072,NA,44
2025-05-30,2025,5,"Mendenhall School","Guilford",36.1090060008986,-79.802314,17,41
2025-05-30,2025,5,"Millbrook School","Wake",35.856111,-78.574167,26,34
2025-05-30,2025,5,"Pitt Agri. Center","Pitt",35.6412760008938,-77.360126,23,33
2025-05-30,2025,5,"West Johnston Co.","Johnston",35.59095,-78.4622,21,35
2025-05-31,2025,5,"Bryson City","Swain",35.434767,-83.442133,48,48
2025-05-31,2025,5,"Castle Hayne","New Hanover",34.364167,-77.838611,43.5,44
2025-05-31,2025,5,"Clemmons Middle","Forsyth",36.026612,-80.341962,52.5,44
2025-05-31,2025,5,"Durham Armory","Durham",36.0329550008979,-78.904037,52.5,42
2025-05-31,2025,5,"Frying Pan Mountain","Haywood",35.379167,-82.7925,53,51
2025-05-31,2025,5,"Garinger High School","Mecklenburg",35.2401000008895,-80.785683,49,45
2025-05-31,2025,5,"Hattie Avenue","Forsyth",36.11094,-80.224501,52,43
2025-05-31,2025,5,"Leggett","Edgecombe",35.988278,-77.5843,46,44
2025-05-31,2025,5,"Linville Falls","Avery",35.972347,-81.933072,48,48
2025-05-31,2025,5,"Mendenhall School","Guilford",36.1090060008986,-79.802314,45,42
2025-05-31,2025,5,"Millbrook School","Wake",35.856111,-78.574167,45.5,44
2025-05-31,2025,5,"Pitt Agri. Center","Pitt",35.6412760008938,-77.360126,34,46
2025-05-31,2025,5,"West Johnston Co.","Johnston",35.59095,-78.4622,43,45
2025-06-01,2025,6,"Bryson City","Swain",35.434767,-83.442133,54,44
2025-06-01,2025,6,"Castle Hayne","New Hanover",34.364167,-77.838611,52,51
2025-06-01,2025,6,"Clemmons Middle","Forsyth",36.026612,-80.341962,62,44
2025-06-01,2025,6,"Durham Armory","Durham",36.0329550008979,-78.904037,53.5,44
2025-06-01,2025,6,"Frying Pan Mountain","Haywood",35.379167,-82.7925,NA,47
2025-06-01,2025,6,"Garinger High School","Mecklenburg",35.2401000008895,-80.785683,58,50
2025-06-01,2025,6,"Hattie Avenue","Forsyth",36.11094,-80.224501,58,45
2025-06-01,2025,6,"Leggett","Edgecombe",35.988278,-77.5843,44,44
2025-06-01,2025,6,"Linville Falls","Avery",35.972347,-81.933072,NA,46
2025-06-01,2025,6,"Mendenhall School","Guilford",36.1090060008986,-79.802314,55,44
2025-06-01,2025,6,"Millbrook School","Wake",35.856111,-78.574167,53,45
2025-06-01,2025,6,"Pitt Agri. Center","Pitt",35.6412760008938,-77.360126,44,44
2025-06-01,2025,6,"West Johnston Co.","Johnston",35.59095,-78.4622,49,45
2025-06-02,2025,6,"Bryson City","Swain",35.434767,-83.442133,62,44
2025-06-02,2025,6,"Castle Hayne","New Hanover",34.364167,-77.838611,53.5,40
2025-06-02,2025,6,"Clemmons Middle","Forsyth",36.026612,-80.341962,43,67
2025-06-02,2025,6,"Durham Armory","Durham",36.0329550008979,-78.904037,39,43
2025-06-02,2025,6,"Frying Pan Mountain","Haywood",35.379167,-82.7925,NA,44
2025-06-02,2025,6,"Garinger High School","Mecklenburg",35.2401000008895,-80.785683,50,50
2025-06-02,2025,6,"Hattie Avenue","Forsyth",36.11094,-80.224501,29,67
2025-06-02,2025,6,"Leggett","Edgecombe",35.988278,-77.5843,33,44
2025-06-02,2025,6,"Linville Falls","Avery",35.972347,-81.933072,NA,46
2025-06-02,2025,6,"Mendenhall School","Guilford",36.1090060008986,-79.802314,23,46
2025-06-02,2025,6,"Millbrook School","Wake",35.856111,-78.574167,41,44
2025-06-02,2025,6,"Pitt Agri. Center","Pitt",35.6412760008938,-77.360126,36,44
2025-06-02,2025,6,"West Johnston Co.","Johnston",35.59095,-78.4622,35,45
2025-06-03,2025,6,"Bryson City","Swain",35.434767,-83.442133,68,48
2025-06-03,2025,6,"Castle Hayne","New Hanover",34.364167,-77.838611,48.5,49
2025-06-03,2025,6,"Clemmons Middle","Forsyth",36.026612,-80.341962,54,51
2025-06-03,2025,6,"Durham Armory","Durham",36.0329550008979,-78.904037,43,77
2025-06-03,2025,6,"Frying Pan Mountain","Haywood",35.379167,-82.7925,57,49
2025-06-03,2025,6,"Garinger High School","Mecklenburg",35.2401000008895,-80.785683,53.5,61
2025-06-03,2025,6,"Hattie Avenue","Forsyth",36.11094,-80.224501,53,64
2025-06-03,2025,6,"Leggett","Edgecombe",35.988278,-77.5843,37,49
2025-06-03,2025,6,"Linville Falls","Avery",35.972347,-81.933072,55,50
2025-06-03,2025,6,"Mendenhall School","Guilford",36.1090060008986,-79.802314,51,58
2025-06-03,2025,6,"Millbrook School","Wake",35.856111,-78.574167,46.5,58
2025-06-03,2025,6,"Pitt Agri. Center","Pitt",35.6412760008938,-77.360126,34,44
2025-06-03,2025,6,"West Johnston Co.","Johnston",35.59095,-78.4622,46,50
2025-06-04,2025,6,"Bryson City","Swain",35.434767,-83.442133,68,44
2025-06-04,2025,6,"Castle Hayne","New Hanover",34.364167,-77.838611,30,47
2025-06-04,2025,6,"Clemmons Middle","Forsyth",36.026612,-80.341962,67,51
2025-06-04,2025,6,"Durham Armory","Durham",36.0329550008979,-78.904037,56.5,71
2025-06-04,2025,6,"Frying Pan Mountain","Haywood",35.379167,-82.7925,NA,44
2025-06-04,2025,6,"Garinger High School","Mecklenburg",35.2401000008895,-80.785683,61,49
2025-06-04,2025,6,"Hattie Avenue","Forsyth",36.11094,-80.224501,61,64
2025-06-04,2025,6,"Leggett","Edgecombe",35.988278,-77.5843,44,49
2025-06-04,2025,6,"Linville Falls","Avery",35.972347,-81.933072,NA,49
2025-06-04,2025,6,"Mendenhall School","Guilford",36.1090060008986,-79.802314,59,49
2025-06-04,2025,6,"Millbrook School","Wake",35.856111,-78.574167,51,54
2025-06-04,2025,6,"Pitt Agri. Center","Pitt",35.6412760008938,-77.360126,40,44
2025-06-04,2025,6,"West Johnston Co.","Johnston",35.59095,-78.4622,51,50
2025-06-05,2025,6,"Bryson City","Swain",35.434767,-83.442133,60,36
2025-06-05,2025,6,"Castle Hayne","New Hanover",34.364167,-77.838611,30,23
2025-06-05,2025,6,"Clemmons Middle","Forsyth",36.026612,-80.341962,52,30
2025-06-05,2025,6,"Durham Armory","Durham",36.0329550008979,-78.904037,36.5,24
2025-06-05,2025,6,"Frying Pan Mountain","Haywood",35.379167,-82.7925,NA,40
2025-06-05,2025,6,"Garinger High School","Mecklenburg",35.2401000008895,-80.785683,19,25
2025-06-05,2025,6,"Hattie Avenue","Forsyth",36.11094,-80.224501,43,30
2025-06-05,2025,6,"Leggett","Edgecombe",35.988278,-77.5843,39,25
2025-06-05,2025,6,"Linville Falls","Avery",35.972347,-81.933072,NA,31
2025-06-05,2025,6,"Mendenhall School","Guilford",36.1090060008986,-79.802314,50,17
2025-06-05,2025,6,"Millbrook School","Wake",35.856111,-78.574167,39,20
2025-06-05,2025,6,"Pitt Agri. Center","Pitt",35.6412760008938,-77.360126,31,21
2025-06-05,2025,6,"West Johnston Co.","Johnston",35.59095,-78.4622,40,21
2025-06-06,2025,6,"Bryson City","Swain",35.434767,-83.442133,54,32
2025-06-06,2025,6,"Castle Hayne","New Hanover",34.364167,-77.838611,38,27
2025-06-06,2025,6,"Clemmons Middle","Forsyth",36.026612,-80.341962,52,40
2025-06-06,2025,6,"Durham Armory","Durham",36.0329550008979,-78.904037,52,42
2025-06-06,2025,6,"Frying Pan Mountain","Haywood",35.379167,-82.7925,43,36
2025-06-06,2025,6,"Garinger High School","Mecklenburg",35.2401000008895,-80.785683,52,48
2025-06-06,2025,6,"Hattie Avenue","Forsyth",36.11094,-80.224501,46,41
2025-06-06,2025,6,"Leggett","Edgecombe",35.988278,-77.5843,43,35
2025-06-06,2025,6,"Linville Falls","Avery",35.972347,-81.933072,51,37
2025-06-06,2025,6,"Mendenhall School","Guilford",36.1090060008986,-79.802314,51,45
2025-06-06,2025,6,"Millbrook School","Wake",35.856111,-78.574167,50.5,41
2025-06-06,2025,6,"Pitt Agri. Center","Pitt",35.6412760008938,-77.360126,42,33
2025-06-06,2025,6,"West Johnston Co.","Johnston",35.59095,-78.4622,63,40
2025-06-07,2025,6,"Bryson City","Swain",35.434767,-83.442133,12,38
2025-06-07,2025,6,"Castle Hayne","New Hanover",34.364167,-77.838611,53.5,31
2025-06-07,2025,6,"Clemmons Middle","Forsyth",36.026612,-80.341962,31,37
2025-06-07,2025,6,"Durham Armory","Durham",36.0329550008979,-78.904037,33.5,36
2025-06-07,2025,6,"Frying Pan Mountain","Haywood",35.379167,-82.7925,NA,43
2025-06-07,2025,6,"Garinger High School","Mecklenburg",35.2401000008895,-80.785683,34,40
2025-06-07,2025,6,"Hattie Avenue","Forsyth",36.11094,-80.224501,25,35
2025-06-07,2025,6,"Leggett","Edgecombe",35.988278,-77.5843,48,41
2025-06-07,2025,6,"Linville Falls","Avery",35.972347,-81.933072,NA,35
2025-06-07,2025,6,"Mendenhall School","Guilford",36.1090060008986,-79.802314,32,37
2025-06-07,2025,6,"Millbrook School","Wake",35.856111,-78.574167,38,35
2025-06-07,2025,6,"Pitt Agri. Center","Pitt",35.6412760008938,-77.360126,54,38
2025-06-07,2025,6,"West Johnston Co.","Johnston",35.59095,-78.4622,43,35
2025-06-08,2025,6,"Bryson City","Swain",35.434767,-83.442133,26,41
2025-06-08,2025,6,"Castle Hayne","New Hanover",34.364167,-77.838611,37,30
2025-06-08,2025,6,"Clemmons Middle","Forsyth",36.026612,-80.341962,29,34
2025-06-08,2025,6,"Durham Armory","Durham",36.0329550008979,-78.904037,35,31
2025-06-08,2025,6,"Frying Pan Mountain","Haywood",35.379167,-82.7925,NA,42
2025-06-08,2025,6,"Garinger High School","Mecklenburg",35.2401000008895,-80.785683,41,36
2025-06-08,2025,6,"Hattie Avenue","Forsyth",36.11094,-80.224501,23,36
2025-06-08,2025,6,"Leggett","Edgecombe",35.988278,-77.5843,49,35
2025-06-08,2025,6,"Linville Falls","Avery",35.972347,-81.933072,NA,42
2025-06-08,2025,6,"Mendenhall School","Guilford",36.1090060008986,-79.802314,34,35
2025-06-08,2025,6,"Millbrook School","Wake",35.856111,-78.574167,39,32
2025-06-08,2025,6,"Pitt Agri. Center","Pitt",35.6412760008938,-77.360126,31,31
2025-06-08,2025,6,"West Johnston Co.","Johnston",35.59095,-78.4622,50,31
2025-06-09,2025,6,"Bryson City","Swain",35.434767,-83.442133,24,34
2025-06-09,2025,6,"Castle Hayne","New Hanover",34.364167,-77.838611,40.5,36
2025-06-09,2025,6,"Clemmons Middle","Forsyth",36.026612,-80.341962,31,46
2025-06-09,2025,6,"Durham Armory","Durham",36.0329550008979,-78.904037,34,44
2025-06-09,2025,6,"Frying Pan Mountain","Haywood",35.379167,-82.7925,19,42
2025-06-09,2025,6,"Garinger High School","Mecklenburg",35.2401000008895,-80.785683,34,46
2025-06-09,2025,6,"Hattie Avenue","Forsyth",36.11094,-80.224501,23,49
2025-06-09,2025,6,"Leggett","Edgecombe",35.988278,-77.5843,46,44
2025-06-09,2025,6,"Linville Falls","Avery",35.972347,-81.933072,26,42
2025-06-09,2025,6,"Mendenhall School","Guilford",36.1090060008986,-79.802314,27,51
2025-06-09,2025,6,"Millbrook School","Wake",35.856111,-78.574167,36,44
2025-06-09,2025,6,"Pitt Agri. Center","Pitt",35.6412760008938,-77.360126,48,43
2025-06-09,2025,6,"West Johnston Co.","Johnston",35.59095,-78.4622,43,43
2025-06-10,2025,6,"Bryson City","Swain",35.434767,-83.442133,23,35
2025-06-10,2025,6,"Castle Hayne","New Hanover",34.364167,-77.838611,28,28
2025-06-10,2025,6,"Clemmons Middle","Forsyth",36.026612,-80.341962,32,37
2025-06-10,2025,6,"Durham Armory","Durham",36.0329550008979,-78.904037,33.5,33
2025-06-10,2025,6,"Frying Pan Mountain","Haywood",35.379167,-82.7925,NA,49
2025-06-10,2025,6,"Garinger High School","Mecklenburg",35.2401000008895,-80.785683,28,33
2025-06-10,2025,6,"Hattie Avenue","Forsyth",36.11094,-80.224501,24,42
2025-06-10,2025,6,"Leggett","Edgecombe",35.988278,-77.5843,30,36
2025-06-10,2025,6,"Linville Falls","Avery",35.972347,-81.933072,NA,40
2025-06-10,2025,6,"Mendenhall School","Guilford",36.1090060008986,-79.802314,33,41
2025-06-10,2025,6,"Millbrook School","Wake",35.856111,-78.574167,34,33
2025-06-10,2025,6,"Pitt Agri. Center","Pitt",35.6412760008938,-77.360126,25,26
2025-06-10,2025,6,"West Johnston Co.","Johnston",35.59095,-78.4622,30,31
2025-06-11,2025,6,"Bryson City","Swain",35.434767,-83.442133,57,44
2025-06-11,2025,6,"Castle Hayne","New Hanover",34.364167,-77.838611,27,29
2025-06-11,2025,6,"Clemmons Middle","Forsyth",36.026612,-80.341962,56,61
2025-06-11,2025,6,"Durham Armory","Durham",36.0329550008979,-78.904037,51,41
2025-06-11,2025,6,"Frying Pan Mountain","Haywood",35.379167,-82.7925,NA,42
2025-06-11,2025,6,"Garinger High School","Mecklenburg",35.2401000008895,-80.785683,52,77
2025-06-11,2025,6,"Hattie Avenue","Forsyth",36.11094,-80.224501,52,67
2025-06-11,2025,6,"Leggett","Edgecombe",35.988278,-77.5843,42,42
2025-06-11,2025,6,"Linville Falls","Avery",35.972347,-81.933072,NA,44
2025-06-11,2025,6,"Mendenhall School","Guilford",36.1090060008986,-79.802314,54,43
2025-06-11,2025,6,"Millbrook School","Wake",35.856111,-78.574167,48,43
2025-06-11,2025,6,"Pitt Agri. Center","Pitt",35.6412760008938,-77.360126,39,32
2025-06-11,2025,6,"West Johnston Co.","Johnston",35.59095,-78.4622,46,NA
2025-06-12,2025,6,"Bryson City","Swain",35.434767,-83.442133,53,32
2025-06-12,2025,6,"Castle Hayne","New Hanover",34.364167,-77.838611,23.5,24
2025-06-12,2025,6,"Clemmons Middle","Forsyth",36.026612,-80.341962,62,51
2025-06-12,2025,6,"Durham Armory","Durham",36.0329550008979,-78.904037,46,44
2025-06-12,2025,6,"Frying Pan Mountain","Haywood",35.379167,-82.7925,31,31
2025-06-12,2025,6,"Garinger High School","Mecklenburg",35.2401000008895,-80.785683,51,44
2025-06-12,2025,6,"Hattie Avenue","Forsyth",36.11094,-80.224501,59.5,80
2025-06-12,2025,6,"Leggett","Edgecombe",35.988278,-77.5843,51,46
2025-06-12,2025,6,"Linville Falls","Avery",35.972347,-81.933072,41,39
2025-06-12,2025,6,"Mendenhall School","Guilford",36.1090060008986,-79.802314,59,77
2025-06-12,2025,6,"Millbrook School","Wake",35.856111,-78.574167,46,40
2025-06-12,2025,6,"Pitt Agri. Center","Pitt",35.6412760008938,-77.360126,37,36
2025-06-12,2025,6,"West Johnston Co.","Johnston",35.59095,-78.4622,44,40
2025-06-13,2025,6,"Bryson City","Swain",35.434767,-83.442133,23,23
2025-06-13,2025,6,"Castle Hayne","New Hanover",34.364167,-77.838611,39,16
2025-06-13,2025,6,"Clemmons Middle","Forsyth",36.026612,-80.341962,25,34
2025-06-13,2025,6,"Durham Armory","Durham",36.0329550008979,-78.904037,29.5,26
2025-06-13,2025,6,"Frying Pan Mountain","Haywood",35.379167,-82.7925,NA,23
2025-06-13,2025,6,"Garinger High School","Mecklenburg",35.2401000008895,-80.785683,18,29
2025-06-13,2025,6,"Hattie Avenue","Forsyth",36.11094,-80.224501,19,35
2025-06-13,2025,6,"Leggett","Edgecombe",35.988278,-77.5843,35,25
2025-06-13,2025,6,"Linville Falls","Avery",35.972347,-81.933072,NA,26
2025-06-13,2025,6,"Mendenhall School","Guilford",36.1090060008986,-79.802314,27,32
2025-06-13,2025,6,"Millbrook School","Wake",35.856111,-78.574167,36,21
2025-06-13,2025,6,"Pitt Agri. Center","Pitt",35.6412760008938,-77.360126,29,20
2025-06-13,2025,6,"West Johnston Co.","Johnston",35.59095,-78.4622,36,24
2025-06-14,2025,6,"Bryson City","Swain",35.434767,-83.442133,26,25
2025-06-14,2025,6,"Castle Hayne","New Hanover",34.364167,-77.838611,30.5,18
2025-06-14,2025,6,"Clemmons Middle","Forsyth",36.026612,-80.341962,22,31
2025-06-14,2025,6,"Durham Armory","Durham",36.0329550008979,-78.904037,24.5,27
2025-06-14,2025,6,"Frying Pan Mountain","Haywood",35.379167,-82.7925,NA,31
2025-06-14,2025,6,"Garinger High School","Mecklenburg",35.2401000008895,-80.785683,23,28
2025-06-14,2025,6,"Hattie Avenue","Forsyth",36.11094,-80.224501,17,33
2025-06-14,2025,6,"Leggett","Edgecombe",35.988278,-77.5843,38,29
2025-06-14,2025,6,"Linville Falls","Avery",35.972347,-81.933072,NA,27
2025-06-14,2025,6,"Mendenhall School","Guilford",36.1090060008986,-79.802314,18,32
2025-06-14,2025,6,"Millbrook School","Wake",35.856111,-78.574167,34,28
2025-06-14,2025,6,"Pitt Agri. Center","Pitt",35.6412760008938,-77.360126,43,24
2025-06-14,2025,6,"West Johnston Co.","Johnston",35.59095,-78.4622,34,29
2025-06-15,2025,6,"Bryson City","Swain",35.434767,-83.442133,28,28
2025-06-15,2025,6,"Castle Hayne","New Hanover",34.364167,-77.838611,27.5,24
2025-06-15,2025,6,"Clemmons Middle","Forsyth",36.026612,-80.341962,28,31
2025-06-15,2025,6,"Durham Armory","Durham",36.0329550008979,-78.904037,34.5,23
2025-06-15,2025,6,"Frying Pan Mountain","Haywood",35.379167,-82.7925,18,31
2025-06-15,2025,6,"Garinger High School","Mecklenburg",35.2401000008895,-80.785683,27,28
2025-06-15,2025,6,"Hattie Avenue","Forsyth",36.11094,-80.224501,23.5,32
2025-06-15,2025,6,"Leggett","Edgecombe",35.988278,-77.5843,39,28
2025-06-15,2025,6,"Linville Falls","Avery",35.972347,-81.933072,18,26
2025-06-15,2025,6,"Mendenhall School","Guilford",36.1090060008986,-79.802314,29,31
2025-06-15,2025,6,"Millbrook School","Wake",35.856111,-78.574167,39.5,25
2025-06-15,2025,6,"Pitt Agri. Center","Pitt",35.6412760008938,-77.360126,35,29
2025-06-15,2025,6,"West Johnston Co.","Johnston",35.59095,-78.4622,35,28
2025-06-16,2025,6,"Bryson City","Swain",35.434767,-83.442133,29,25
2025-06-16,2025,6,"Castle Hayne","New Hanover",34.364167,-77.838611,32,26
2025-06-16,2025,6,"Clemmons Middle","Forsyth",36.026612,-80.341962,31,32
2025-06-16,2025,6,"Durham Armory","Durham",36.0329550008979,-78.904037,23.5,NA
2025-06-16,2025,6,"Frying Pan Mountain","Haywood",35.379167,-82.7925,NA,29
2025-06-16,2025,6,"Garinger High School","Mecklenburg",35.2401000008895,-80.785683,37,31
2025-06-16,2025,6,"Hattie Avenue","Forsyth",36.11094,-80.224501,21,33
2025-06-16,2025,6,"Leggett","Edgecombe",35.988278,-77.5843,33,27
2025-06-16,2025,6,"Linville Falls","Avery",35.972347,-81.933072,NA,27
2025-06-16,2025,6,"Mendenhall School","Guilford",36.1090060008986,-79.802314,28,34
2025-06-16,2025,6,"Millbrook School","Wake",35.856111,-78.574167,39,31
2025-06-16,2025,6,"Pitt Agri. Center","Pitt",35.6412760008938,-77.360126,32,24
2025-06-16,2025,6,"West Johnston Co.","Johnston",35.59095,-78.4622,37,32
2025-06-17,2025,6,"Bryson City","Swain",35.434767,-83.442133,21,25
2025-06-17,2025,6,"Castle Hayne","New Hanover",34.364167,-77.838611,32,25
2025-06-17,2025,6,"Clemmons Middle","Forsyth",36.026612,-80.341962,29,37
2025-06-17,2025,6,"Durham Armory","Durham",36.0329550008979,-78.904037,32,32
2025-06-17,2025,6,"Frying Pan Mountain","Haywood",35.379167,-82.7925,NA,39
2025-06-17,2025,6,"Garinger High School","Mecklenburg",35.2401000008895,-80.785683,34,29
2025-06-17,2025,6,"Hattie Avenue","Forsyth",36.11094,-80.224501,21,39
2025-06-17,2025,6,"Leggett","Edgecombe",35.988278,-77.5843,47,34
2025-06-17,2025,6,"Linville Falls","Avery",35.972347,-81.933072,NA,28
2025-06-17,2025,6,"Mendenhall School","Guilford",36.1090060008986,-79.802314,35,40
2025-06-17,2025,6,"Millbrook School","Wake",35.856111,-78.574167,39,32
2025-06-17,2025,6,"Pitt Agri. Center","Pitt",35.6412760008938,-77.360126,39,31
2025-06-17,2025,6,"West Johnston Co.","Johnston",35.59095,-78.4622,36,28
2025-06-18,2025,6,"Bryson City","Swain",35.434767,-83.442133,26,23
2025-06-18,2025,6,"Castle Hayne","New Hanover",34.364167,-77.838611,34,28
2025-06-18,2025,6,"Clemmons Middle","Forsyth",36.026612,-80.341962,23,39
2025-06-18,2025,6,"Durham Armory","Durham",36.0329550008979,-78.904037,34.5,32
2025-06-18,2025,6,"Frying Pan Mountain","Haywood",35.379167,-82.7925,27,30
2025-06-18,2025,6,"Garinger High School","Mecklenburg",35.2401000008895,-80.785683,29.5,30
2025-06-18,2025,6,"Hattie Avenue","Forsyth",36.11094,-80.224501,21.5,39
2025-06-18,2025,6,"Leggett","Edgecombe",35.988278,-77.5843,41,34
2025-06-18,2025,6,"Linville Falls","Avery",35.972347,-81.933072,18,30
2025-06-18,2025,6,"Mendenhall School","Guilford",36.1090060008986,-79.802314,22,38
2025-06-18,2025,6,"Millbrook School","Wake",35.856111,-78.574167,36,31
2025-06-18,2025,6,"Pitt Agri. Center","Pitt",35.6412760008938,-77.360126,38,31
2025-06-18,2025,6,"West Johnston Co.","Johnston",35.59095,-78.4622,45,32
2025-06-19,2025,6,"Bryson City","Swain",35.434767,-83.442133,24,43
2025-06-19,2025,6,"Castle Hayne","New Hanover",34.364167,-77.838611,32.5,31
2025-06-19,2025,6,"Clemmons Middle","Forsyth",36.026612,-80.341962,31,34
2025-06-19,2025,6,"Durham Armory","Durham",36.0329550008979,-78.904037,31.5,31
2025-06-19,2025,6,"Frying Pan Mountain","Haywood",35.379167,-82.7925,NA,44
2025-06-19,2025,6,"Garinger High School","Mecklenburg",35.2401000008895,-80.785683,31,28
2025-06-19,2025,6,"Hattie Avenue","Forsyth",36.11094,-80.224501,22,37
2025-06-19,2025,6,"Leggett","Edgecombe",35.988278,-77.5843,48,39
2025-06-19,2025,6,"Linville Falls","Avery",35.972347,-81.933072,NA,31
2025-06-19,2025,6,"Mendenhall School","Guilford",36.1090060008986,-79.802314,31,34
2025-06-19,2025,6,"Millbrook School","Wake",35.856111,-78.574167,33,31
2025-06-19,2025,6,"Pitt Agri. Center","Pitt",35.6412760008938,-77.360126,42,32
2025-06-19,2025,6,"West Johnston Co.","Johnston",35.59095,-78.4622,44,36
2025-06-20,2025,6,"Bryson City","Swain",35.434767,-83.442133,27,37
2025-06-20,2025,6,"Castle Hayne","New Hanover",34.364167,-77.838611,38,32
2025-06-20,2025,6,"Clemmons Middle","Forsyth",36.026612,-80.341962,32,71
2025-06-20,2025,6,"Durham Armory","Durham",36.0329550008979,-78.904037,33,47
2025-06-20,2025,6,"Frying Pan Mountain","Haywood",35.379167,-82.7925,NA,34
2025-06-20,2025,6,"Garinger High School","Mecklenburg",35.2401000008895,-80.785683,33,58
2025-06-20,2025,6,"Hattie Avenue","Forsyth",36.11094,-80.224501,26,67
2025-06-20,2025,6,"Leggett","Edgecombe",35.988278,-77.5843,26,42
2025-06-20,2025,6,"Linville Falls","Avery",35.972347,-81.933072,NA,44
2025-06-20,2025,6,"Mendenhall School","Guilford",36.1090060008986,-79.802314,23,44
2025-06-20,2025,6,"Millbrook School","Wake",35.856111,-78.574167,33,44
2025-06-20,2025,6,"Pitt Agri. Center","Pitt",35.6412760008938,-77.360126,24,38
2025-06-20,2025,6,"West Johnston Co.","Johnston",35.59095,-78.4622,55,46
2025-06-21,2025,6,"Bryson City","Swain",35.434767,-83.442133,42,39
2025-06-21,2025,6,"Castle Hayne","New Hanover",34.364167,-77.838611,28,30
2025-06-21,2025,6,"Clemmons Middle","Forsyth",36.026612,-80.341962,43,54
2025-06-21,2025,6,"Durham Armory","Durham",36.0329550008979,-78.904037,46.5,54
2025-06-21,2025,6,"Frying Pan Mountain","Haywood",35.379167,-82.7925,28,44
2025-06-21,2025,6,"Garinger High School","Mecklenburg",35.2401000008895,-80.785683,52,67
2025-06-21,2025,6,"Hattie Avenue","Forsyth",36.11094,-80.224501,42.5,74
2025-06-21,2025,6,"Leggett","Edgecombe",35.988278,-77.5843,46,40
2025-06-21,2025,6,"Linville Falls","Avery",35.972347,-81.933072,32,38
2025-06-21,2025,6,"Mendenhall School","Guilford",36.1090060008986,-79.802314,41,50
2025-06-21,2025,6,"Millbrook School","Wake",35.856111,-78.574167,52.5,46
2025-06-21,2025,6,"Pitt Agri. Center","Pitt",35.6412760008938,-77.360126,43,34
2025-06-21,2025,6,"West Johnston Co.","Johnston",35.59095,-78.4622,50,47
2025-06-22,2025,6,"Bryson City","Swain",35.434767,-83.442133,45,36
2025-06-22,2025,6,"Castle Hayne","New Hanover",34.364167,-77.838611,22.5,27
2025-06-22,2025,6,"Clemmons Middle","Forsyth",36.026612,-80.341962,53,43
2025-06-22,2025,6,"Durham Armory","Durham",36.0329550008979,-78.904037,52,48
2025-06-22,2025,6,"Frying Pan Mountain","Haywood",35.379167,-82.7925,NA,48
2025-06-22,2025,6,"Garinger High School","Mecklenburg",35.2401000008895,-80.785683,56,67
2025-06-22,2025,6,"Hattie Avenue","Forsyth",36.11094,-80.224501,38,46
2025-06-22,2025,6,"Leggett","Edgecombe",35.988278,-77.5843,55,44
2025-06-22,2025,6,"Linville Falls","Avery",35.972347,-81.933072,NA,37
2025-06-22,2025,6,"Mendenhall School","Guilford",36.1090060008986,-79.802314,56,46
2025-06-22,2025,6,"Millbrook School","Wake",35.856111,-78.574167,57,47
2025-06-22,2025,6,"Pitt Agri. Center","Pitt",35.6412760008938,-77.360126,46,36
2025-06-22,2025,6,"West Johnston Co.","Johnston",35.59095,-78.4622,56,43
2025-06-23,2025,6,"Bryson City","Swain",35.434767,-83.442133,45,32
2025-06-23,2025,6,"Castle Hayne","New Hanover",34.364167,-77.838611,39,37
2025-06-23,2025,6,"Clemmons Middle","Forsyth",36.026612,-80.341962,58,43
2025-06-23,2025,6,"Durham Armory","Durham",36.0329550008979,-78.904037,57.5,42
2025-06-23,2025,6,"Frying Pan Mountain","Haywood",35.379167,-82.7925,NA,43
2025-06-23,2025,6,"Garinger High School","Mecklenburg",35.2401000008895,-80.785683,57,71
2025-06-23,2025,6,"Hattie Avenue","Forsyth",36.11094,-80.224501,41,50
2025-06-23,2025,6,"Leggett","Edgecombe",35.988278,-77.5843,58,44
2025-06-23,2025,6,"Linville Falls","Avery",35.972347,-81.933072,NA,35
2025-06-23,2025,6,"Mendenhall School","Guilford",36.1090060008986,-79.802314,57,36
2025-06-23,2025,6,"Millbrook School","Wake",35.856111,-78.574167,64,45
2025-06-23,2025,6,"Pitt Agri. Center","Pitt",35.6412760008938,-77.360126,54,43
2025-06-23,2025,6,"West Johnston Co.","Johnston",35.59095,-78.4622,62,64
2025-06-24,2025,6,"Bryson City","Swain",35.434767,-83.442133,47,31
2025-06-24,2025,6,"Castle Hayne","New Hanover",34.364167,-77.838611,59.5,44
2025-06-24,2025,6,"Clemmons Middle","Forsyth",36.026612,-80.341962,61.5,44
2025-06-24,2025,6,"Durham Armory","Durham",36.0329550008979,-78.904037,62,42
2025-06-24,2025,6,"Frying Pan Mountain","Haywood",35.379167,-82.7925,49,41
2025-06-24,2025,6,"Garinger High School","Mecklenburg",35.2401000008895,-80.785683,61,46
2025-06-24,2025,6,"Hattie Avenue","Forsyth",36.11094,-80.224501,62,44
2025-06-24,2025,6,"Leggett","Edgecombe",35.988278,-77.5843,67,NA
2025-06-24,2025,6,"Linville Falls","Avery",35.972347,-81.933072,52,34
2025-06-24,2025,6,"Mendenhall School","Guilford",36.1090060008986,-79.802314,63,38
2025-06-24,2025,6,"Millbrook School","Wake",35.856111,-78.574167,67,37
2025-06-24,2025,6,"Pitt Agri. Center","Pitt",35.6412760008938,-77.360126,67,44
2025-06-24,2025,6,"West Johnston Co.","Johnston",35.59095,-78.4622,68,NA
2025-06-25,2025,6,"Bryson City","Swain",35.434767,-83.442133,51,22
2025-06-25,2025,6,"Castle Hayne","New Hanover",34.364167,-77.838611,63,41
2025-06-25,2025,6,"Clemmons Middle","Forsyth",36.026612,-80.341962,62,42
2025-06-25,2025,6,"Durham Armory","Durham",36.0329550008979,-78.904037,62,31
2025-06-25,2025,6,"Frying Pan Mountain","Haywood",35.379167,-82.7925,NA,43
2025-06-25,2025,6,"Garinger High School","Mecklenburg",35.2401000008895,-80.785683,61,74
2025-06-25,2025,6,"Hattie Avenue","Forsyth",36.11094,-80.224501,62,41
2025-06-25,2025,6,"Leggett","Edgecombe",35.988278,-77.5843,58,NA
2025-06-25,2025,6,"Linville Falls","Avery",35.972347,-81.933072,NA,29
2025-06-25,2025,6,"Mendenhall School","Guilford",36.1090060008986,-79.802314,63,33
2025-06-25,2025,6,"Millbrook School","Wake",35.856111,-78.574167,67,47
2025-06-25,2025,6,"Pitt Agri. Center","Pitt",35.6412760008938,-77.360126,70,43
2025-06-25,2025,6,"West Johnston Co.","Johnston",35.59095,-78.4622,62,NA
2025-06-26,2025,6,"Bryson City","Swain",35.434767,-83.442133,44,29
2025-06-26,2025,6,"Castle Hayne","New Hanover",34.364167,-77.838611,52,47
2025-06-26,2025,6,"Clemmons Middle","Forsyth",36.026612,-80.341962,53,49
2025-06-26,2025,6,"Durham Armory","Durham",36.0329550008979,-78.904037,58,67
2025-06-26,2025,6,"Frying Pan Mountain","Haywood",35.379167,-82.7925,NA,44
2025-06-26,2025,6,"Garinger High School","Mecklenburg",35.2401000008895,-80.785683,52,67
2025-06-26,2025,6,"Hattie Avenue","Forsyth",36.11094,-80.224501,53,71
2025-06-26,2025,6,"Leggett","Edgecombe",35.988278,-77.5843,61,48
2025-06-26,2025,6,"Mendenhall School","Guilford",36.1090060008986,-79.802314,52,54
2025-06-26,2025,6,"Millbrook School","Wake",35.856111,-78.574167,62,64
2025-06-26,2025,6,"Pitt Agri. Center","Pitt",35.6412760008938,-77.360126,58,50
2025-06-26,2025,6,"West Johnston Co.","Johnston",35.59095,-78.4622,61,67
2025-06-27,2025,6,"Bryson City","Swain",35.434767,-83.442133,44,29
2025-06-27,2025,6,"Castle Hayne","New Hanover",34.364167,-77.838611,34.5,37
2025-06-27,2025,6,"Clemmons Middle","Forsyth",36.026612,-80.341962,53,47
2025-06-27,2025,6,"Durham Armory","Durham",36.0329550008979,-78.904037,50.5,54
2025-06-27,2025,6,"Frying Pan Mountain","Haywood",35.379167,-82.7925,36,44
2025-06-27,2025,6,"Garinger High School","Mecklenburg",35.2401000008895,-80.785683,51,58
2025-06-27,2025,6,"Hattie Avenue","Forsyth",36.11094,-80.224501,53,50
2025-06-27,2025,6,"Leggett","Edgecombe",35.988278,-77.5843,65,46
2025-06-27,2025,6,"Mendenhall School","Guilford",36.1090060008986,-79.802314,46,41
2025-06-27,2025,6,"Millbrook School","Wake",35.856111,-78.574167,57,58
2025-06-27,2025,6,"Pitt Agri. Center","Pitt",35.6412760008938,-77.360126,56,43
2025-06-27,2025,6,"West Johnston Co.","Johnston",35.59095,-78.4622,57,47
2025-06-28,2025,6,"Bryson City","Swain",35.434767,-83.442133,29,31
2025-06-28,2025,6,"Castle Hayne","New Hanover",34.364167,-77.838611,19.5,31
2025-06-28,2025,6,"Clemmons Middle","Forsyth",36.026612,-80.341962,51,44
2025-06-28,2025,6,"Durham Armory","Durham",36.0329550008979,-78.904037,46.5,37
2025-06-28,2025,6,"Frying Pan Mountain","Haywood",35.379167,-82.7925,NA,40
2025-06-28,2025,6,"Garinger High School","Mecklenburg",35.2401000008895,-80.785683,52,46
2025-06-28,2025,6,"Hattie Avenue","Forsyth",36.11094,-80.224501,51,44
2025-06-28,2025,6,"Leggett","Edgecombe",35.988278,-77.5843,56,44
2025-06-28,2025,6,"Mendenhall School","Guilford",36.1090060008986,-79.802314,50,40
2025-06-28,2025,6,"Millbrook School","Wake",35.856111,-78.574167,54,42
2025-06-28,2025,6,"Pitt Agri. Center","Pitt",35.6412760008938,-77.360126,42,38
2025-06-28,2025,6,"West Johnston Co.","Johnston",35.59095,-78.4622,52,39
2025-06-29,2025,6,"Bryson City","Swain",35.434767,-83.442133,27,32
2025-06-29,2025,6,"Castle Hayne","New Hanover",34.364167,-77.838611,33.5,34
2025-06-29,2025,6,"Clemmons Middle","Forsyth",36.026612,-80.341962,39,42
2025-06-29,2025,6,"Durham Armory","Durham",36.0329550008979,-78.904037,49.5,41
2025-06-29,2025,6,"Frying Pan Mountain","Haywood",35.379167,-82.7925,NA,37
2025-06-29,2025,6,"Garinger High School","Mecklenburg",35.2401000008895,-80.785683,39,50
2025-06-29,2025,6,"Hattie Avenue","Forsyth",36.11094,-80.224501,41,46
2025-06-29,2025,6,"Leggett","Edgecombe",35.988278,-77.5843,57,42
2025-06-29,2025,6,"Mendenhall School","Guilford",36.1090060008986,-79.802314,46,38
2025-06-29,2025,6,"Millbrook School","Wake",35.856111,-78.574167,54,40
2025-06-29,2025,6,"Pitt Agri. Center","Pitt",35.6412760008938,-77.360126,49,33
2025-06-29,2025,6,"West Johnston Co.","Johnston",35.59095,-78.4622,53,39
2025-06-30,2025,6,"Bryson City","Swain",35.434767,-83.442133,31,31
2025-06-30,2025,6,"Castle Hayne","New Hanover",34.364167,-77.838611,40,30
2025-06-30,2025,6,"Clemmons Middle","Forsyth",36.026612,-80.341962,50.5,41
2025-06-30,2025,6,"Durham Armory","Durham",36.0329550008979,-78.904037,55.5,39
2025-06-30,2025,6,"Frying Pan Mountain","Haywood",35.379167,-82.7925,31,33
2025-06-30,2025,6,"Garinger High School","Mecklenburg",35.2401000008895,-80.785683,49,42
2025-06-30,2025,6,"Hattie Avenue","Forsyth",36.11094,-80.224501,53,44
2025-06-30,2025,6,"Leggett","Edgecombe",35.988278,-77.5843,55,37
2025-06-30,2025,6,"Mendenhall School","Guilford",36.1090060008986,-79.802314,53,38
2025-06-30,2025,6,"Millbrook School","Wake",35.856111,-78.574167,52.5,37
2025-06-30,2025,6,"Pitt Agri. Center","Pitt",35.6412760008938,-77.360126,48,31
2025-06-30,2025,6,"West Johnston Co.","Johnston",35.59095,-78.4622,53,34
2025-07-01,2025,7,"Bryson City","Swain",35.434767,-83.442133,30,27
2025-07-01,2025,7,"Castle Hayne","New Hanover",34.364167,-77.838611,39,30
2025-07-01,2025,7,"Clemmons Middle","Forsyth",36.026612,-80.341962,43,48
2025-07-01,2025,7,"Durham Armory","Durham",36.0329550008979,-78.904037,42,38
2025-07-01,2025,7,"Frying Pan Mountain","Haywood",35.379167,-82.7925,NA,30
2025-07-01,2025,7,"Garinger High School","Mecklenburg",35.2401000008895,-80.785683,46,40
2025-07-01,2025,7,"Hattie Avenue","Forsyth",36.11094,-80.224501,44,49
2025-07-01,2025,7,"Leggett","Edgecombe",35.988278,-77.5843,45,36
2025-07-01,2025,7,"Linville Falls","Avery",35.972347,-81.933072,NA,31
2025-07-01,2025,7,"Mendenhall School","Guilford",36.1090060008986,-79.802314,54,40
2025-07-01,2025,7,"Millbrook School","Wake",35.856111,-78.574167,47,37
2025-07-01,2025,7,"Pitt Agri. Center","Pitt",35.6412760008938,-77.360126,43,31
2025-07-01,2025,7,"West Johnston Co.","Johnston",35.59095,-78.4622,41,36
2025-07-02,2025,7,"Bryson City","Swain",35.434767,-83.442133,29,43
2025-07-02,2025,7,"Castle Hayne","New Hanover",34.364167,-77.838611,39,25
2025-07-02,2025,7,"Clemmons Middle","Forsyth",36.026612,-80.341962,26,34
2025-07-02,2025,7,"Durham Armory","Durham",36.0329550008979,-78.904037,25.5,26
2025-07-02,2025,7,"Frying Pan Mountain","Haywood",35.379167,-82.7925,NA,44
2025-07-02,2025,7,"Garinger High School","Mecklenburg",35.2401000008895,-80.785683,26,40
2025-07-02,2025,7,"Hattie Avenue","Forsyth",36.11094,-80.224501,26,32
2025-07-02,2025,7,"Leggett","Edgecombe",35.988278,-77.5843,47,27
2025-07-02,2025,7,"Linville Falls","Avery",35.972347,-81.933072,NA,42
2025-07-02,2025,7,"Mendenhall School","Guilford",36.1090060008986,-79.802314,29,30
2025-07-02,2025,7,"Millbrook School","Wake",35.856111,-78.574167,32,25
2025-07-02,2025,7,"Pitt Agri. Center","Pitt",35.6412760008938,-77.360126,42,27
2025-07-02,2025,7,"West Johnston Co.","Johnston",35.59095,-78.4622,39,24
2025-07-03,2025,7,"Bryson City","Swain",35.434767,-83.442133,53,41
2025-07-03,2025,7,"Castle Hayne","New Hanover",34.364167,-77.838611,42.5,31
2025-07-03,2025,7,"Clemmons Middle","Forsyth",36.026612,-80.341962,47,54
2025-07-03,2025,7,"Durham Armory","Durham",36.0329550008979,-78.904037,32.5,44
2025-07-03,2025,7,"Frying Pan Mountain","Haywood",35.379167,-82.7925,29,51
2025-07-03,2025,7,"Garinger High School","Mecklenburg",35.2401000008895,-80.785683,40,51
2025-07-03,2025,7,"Hattie Avenue","Forsyth",36.11094,-80.224501,52,49
2025-07-03,2025,7,"Leggett","Edgecombe",35.988278,-77.5843,36,43
2025-07-03,2025,7,"Linville Falls","Avery",35.972347,-81.933072,31,45
2025-07-03,2025,7,"Mendenhall School","Guilford",36.1090060008986,-79.802314,38,44
2025-07-03,2025,7,"Millbrook School","Wake",35.856111,-78.574167,42.5,44
2025-07-03,2025,7,"Pitt Agri. Center","Pitt",35.6412760008938,-77.360126,39,35
2025-07-03,2025,7,"West Johnston Co.","Johnston",35.59095,-78.4622,33,40
2025-07-04,2025,7,"Bryson City","Swain",35.434767,-83.442133,58,37
2025-07-04,2025,7,"Castle Hayne","New Hanover",34.364167,-77.838611,44,39
2025-07-04,2025,7,"Clemmons Middle","Forsyth",36.026612,-80.341962,66,50
2025-07-04,2025,7,"Durham Armory","Durham",36.0329550008979,-78.904037,60.5,48
2025-07-04,2025,7,"Frying Pan Mountain","Haywood",35.379167,-82.7925,NA,43
2025-07-04,2025,7,"Garinger High School","Mecklenburg",35.2401000008895,-80.785683,68,47
2025-07-04,2025,7,"Hattie Avenue","Forsyth",36.11094,-80.224501,70,50
2025-07-04,2025,7,"Leggett","Edgecombe",35.988278,-77.5843,54,50
2025-07-04,2025,7,"Linville Falls","Avery",35.972347,-81.933072,NA,45
2025-07-04,2025,7,"Mendenhall School","Guilford",36.1090060008986,-79.802314,58,43
2025-07-04,2025,7,"Millbrook School","Wake",35.856111,-78.574167,64,47
2025-07-04,2025,7,"Pitt Agri. Center","Pitt",35.6412760008938,-77.360126,56,45
2025-07-04,2025,7,"West Johnston Co.","Johnston",35.59095,-78.4622,60,51
2025-07-05,2025,7,"Bryson City","Swain",35.434767,-83.442133,57,40
2025-07-05,2025,7,"Castle Hayne","New Hanover",34.364167,-77.838611,40,32
2025-07-05,2025,7,"Clemmons Middle","Forsyth",36.026612,-80.341962,70,47
2025-07-05,2025,7,"Durham Armory","Durham",36.0329550008979,-78.904037,61.5,47
2025-07-05,2025,7,"Frying Pan Mountain","Haywood",35.379167,-82.7925,NA,45
2025-07-05,2025,7,"Garinger High School","Mecklenburg",35.2401000008895,-80.785683,61,45
2025-07-05,2025,7,"Hattie Avenue","Forsyth",36.11094,-80.224501,66,48
2025-07-05,2025,7,"Leggett","Edgecombe",35.988278,-77.5843,53,44
2025-07-05,2025,7,"Linville Falls","Avery",35.972347,-81.933072,NA,41
2025-07-05,2025,7,"Mendenhall School","Guilford",36.1090060008986,-79.802314,61,42
2025-07-05,2025,7,"Millbrook School","Wake",35.856111,-78.574167,58,46
2025-07-05,2025,7,"Pitt Agri. Center","Pitt",35.6412760008938,-77.360126,47,38
2025-07-05,2025,7,"West Johnston Co.","Johnston",35.59095,-78.4622,58,45
2025-07-06,2025,7,"Bryson City","Swain",35.434767,-83.442133,54,35
2025-07-06,2025,7,"Castle Hayne","New Hanover",34.364167,-77.838611,28.5,30
2025-07-06,2025,7,"Clemmons Middle","Forsyth",36.026612,-80.341962,42.5,19
2025-07-06,2025,7,"Durham Armory","Durham",36.0329550008979,-78.904037,20.5,21
2025-07-06,2025,7,"Frying Pan Mountain","Haywood",35.379167,-82.7925,45,41
2025-07-06,2025,7,"Garinger High School","Mecklenburg",35.2401000008895,-80.785683,36,27
2025-07-06,2025,7,"Hattie Avenue","Forsyth",36.11094,-80.224501,46.5,19
2025-07-06,2025,7,"Leggett","Edgecombe",35.988278,-77.5843,31,26
2025-07-06,2025,7,"Linville Falls","Avery",35.972347,-81.933072,38,39
2025-07-06,2025,7,"Mendenhall School","Guilford",36.1090060008986,-79.802314,41,17
2025-07-06,2025,7,"Millbrook School","Wake",35.856111,-78.574167,24.5,22
2025-07-06,2025,7,"Pitt Agri. Center","Pitt",35.6412760008938,-77.360126,20,23
2025-07-06,2025,7,"West Johnston Co.","Johnston",35.59095,-78.4622,18,NA
2025-07-07,2025,7,"Bryson City","Swain",35.434767,-83.442133,53,35
2025-07-07,2025,7,"Castle Hayne","New Hanover",34.364167,-77.838611,30,32
2025-07-07,2025,7,"Clemmons Middle","Forsyth",36.026612,-80.341962,51,41
2025-07-07,2025,7,"Durham Armory","Durham",36.0329550008979,-78.904037,38,38
2025-07-07,2025,7,"Frying Pan Mountain","Haywood",35.379167,-82.7925,NA,36
2025-07-07,2025,7,"Garinger High School","Mecklenburg",35.2401000008895,-80.785683,48,54
2025-07-07,2025,7,"Hattie Avenue","Forsyth",36.11094,-80.224501,51,41
2025-07-07,2025,7,"Leggett","Edgecombe",35.988278,-77.5843,39,37
2025-07-07,2025,7,"Linville Falls","Avery",35.972347,-81.933072,NA,37
2025-07-07,2025,7,"Mendenhall School","Guilford",36.1090060008986,-79.802314,52,43
2025-07-07,2025,7,"Millbrook School","Wake",35.856111,-78.574167,48,33
2025-07-07,2025,7,"Pitt Agri. Center","Pitt",35.6412760008938,-77.360126,40,33
2025-07-07,2025,7,"West Johnston Co.","Johnston",35.59095,-78.4622,50,NA
2025-07-08,2025,7,"Bryson City","Swain",35.434767,-83.442133,52,31
2025-07-08,2025,7,"Castle Hayne","New Hanover",34.364167,-77.838611,30,31
2025-07-08,2025,7,"Clemmons Middle","Forsyth",36.026612,-80.341962,60,50
2025-07-08,2025,7,"Durham Armory","Durham",36.0329550008979,-78.904037,55.5,41
2025-07-08,2025,7,"Frying Pan Mountain","Haywood",35.379167,-82.7925,NA,36
2025-07-08,2025,7,"Garinger High School","Mecklenburg",35.2401000008895,-80.785683,58,80
2025-07-08,2025,7,"Hattie Avenue","Forsyth",36.11094,-80.224501,60,58
2025-07-08,2025,7,"Leggett","Edgecombe",35.988278,-77.5843,55,36
2025-07-08,2025,7,"Linville Falls","Avery",35.972347,-81.933072,NA,35
2025-07-08,2025,7,"Mendenhall School","Guilford",36.1090060008986,-79.802314,60,48
2025-07-08,2025,7,"Millbrook School","Wake",35.856111,-78.574167,57,41
2025-07-08,2025,7,"Pitt Agri. Center","Pitt",35.6412760008938,-77.360126,45,27
2025-07-08,2025,7,"West Johnston Co.","Johnston",35.59095,-78.4622,55,NA
2025-07-09,2025,7,"Bryson City","Swain",35.434767,-83.442133,44,30
2025-07-09,2025,7,"Castle Hayne","New Hanover",34.364167,-77.838611,27.5,20
2025-07-09,2025,7,"Clemmons Middle","Forsyth",36.026612,-80.341962,53,49
2025-07-09,2025,7,"Durham Armory","Durham",36.0329550008979,-78.904037,42,39
2025-07-09,2025,7,"Frying Pan Mountain","Haywood",35.379167,-82.7925,42,35
2025-07-09,2025,7,"Garinger High School","Mecklenburg",35.2401000008895,-80.785683,52,48
2025-07-09,2025,7,"Hattie Avenue","Forsyth",36.11094,-80.224501,54.5,50
2025-07-09,2025,7,"Leggett","Edgecombe",35.988278,-77.5843,38,31
2025-07-09,2025,7,"Linville Falls","Avery",35.972347,-81.933072,39,32
2025-07-09,2025,7,"Mendenhall School","Guilford",36.1090060008986,-79.802314,54,41
2025-07-09,2025,7,"Millbrook School","Wake",35.856111,-78.574167,45,34
2025-07-09,2025,7,"Pitt Agri. Center","Pitt",35.6412760008938,-77.360126,29,26
2025-07-09,2025,7,"West Johnston Co.","Johnston",35.59095,-78.4622,39,NA
2025-07-10,2025,7,"Bryson City","Swain",35.434767,-83.442133,27,27
2025-07-10,2025,7,"Castle Hayne","New Hanover",34.364167,-77.838611,32.5,35
2025-07-10,2025,7,"Clemmons Middle","Forsyth",36.026612,-80.341962,31,35
2025-07-10,2025,7,"Durham Armory","Durham",36.0329550008979,-78.904037,27,37
2025-07-10,2025,7,"Frying Pan Mountain","Haywood",35.379167,-82.7925,NA,33
2025-07-10,2025,7,"Garinger High School","Mecklenburg",35.2401000008895,-80.785683,40,54
2025-07-10,2025,7,"Hattie Avenue","Forsyth",36.11094,-80.224501,26,38
2025-07-10,2025,7,"Leggett","Edgecombe",35.988278,-77.5843,38,38
2025-07-10,2025,7,"Linville Falls","Avery",35.972347,-81.933072,NA,29
2025-07-10,2025,7,"Mendenhall School","Guilford",36.1090060008986,-79.802314,31,41
2025-07-10,2025,7,"Millbrook School","Wake",35.856111,-78.574167,33,39
2025-07-10,2025,7,"Pitt Agri. Center","Pitt",35.6412760008938,-77.360126,32,33
2025-07-10,2025,7,"West Johnston Co.","Johnston",35.59095,-78.4622,41,35
2025-07-11,2025,7,"Bryson City","Swain",35.434767,-83.442133,22,28
2025-07-11,2025,7,"Castle Hayne","New Hanover",34.364167,-77.838611,27,34
2025-07-11,2025,7,"Clemmons Middle","Forsyth",36.026612,-80.341962,43,40
2025-07-11,2025,7,"Durham Armory","Durham",36.0329550008979,-78.904037,28,37
2025-07-11,2025,7,"Frying Pan Mountain","Haywood",35.379167,-82.7925,NA,36
2025-07-11,2025,7,"Garinger High School","Mecklenburg",35.2401000008895,-80.785683,28,44
2025-07-11,2025,7,"Hattie Avenue","Forsyth",36.11094,-80.224501,41,48
2025-07-11,2025,7,"Leggett","Edgecombe",35.988278,-77.5843,48,42
2025-07-11,2025,7,"Linville Falls","Avery",35.972347,-81.933072,NA,25
2025-07-11,2025,7,"Mendenhall School","Guilford",36.1090060008986,-79.802314,44,44
2025-07-11,2025,7,"Millbrook School","Wake",35.856111,-78.574167,47,46
2025-07-11,2025,7,"Pitt Agri. Center","Pitt",35.6412760008938,-77.360126,36,33
2025-07-11,2025,7,"West Johnston Co.","Johnston",35.59095,-78.4622,41,35
2025-07-12,2025,7,"Bryson City","Swain",35.434767,-83.442133,29,28
2025-07-12,2025,7,"Castle Hayne","New Hanover",34.364167,-77.838611,38.5,34
2025-07-12,2025,7,"Clemmons Middle","Forsyth",36.026612,-80.341962,39.5,42
2025-07-12,2025,7,"Durham Armory","Durham",36.0329550008979,-78.904037,38.5,44
2025-07-12,2025,7,"Frying Pan Mountain","Haywood",35.379167,-82.7925,19,34
2025-07-12,2025,7,"Garinger High School","Mecklenburg",35.2401000008895,-80.785683,26.5,48
2025-07-12,2025,7,"Hattie Avenue","Forsyth",36.11094,-80.224501,46.5,47
2025-07-12,2025,7,"Leggett","Edgecombe",35.988278,-77.5843,54,39
2025-07-12,2025,7,"Linville Falls","Avery",35.972347,-81.933072,27,28
2025-07-12,2025,7,"Mendenhall School","Guilford",36.1090060008986,-79.802314,46,43
2025-07-12,2025,7,"Millbrook School","Wake",35.856111,-78.574167,53.5,41
2025-07-12,2025,7,"Pitt Agri. Center","Pitt",35.6412760008938,-77.360126,52,35
2025-07-12,2025,7,"West Johnston Co.","Johnston",35.59095,-78.4622,55,36
2025-07-13,2025,7,"Bryson City","Swain",35.434767,-83.442133,33,22
2025-07-13,2025,7,"Castle Hayne","New Hanover",34.364167,-77.838611,36,31
2025-07-13,2025,7,"Clemmons Middle","Forsyth",36.026612,-80.341962,42,33
2025-07-13,2025,7,"Durham Armory","Durham",36.0329550008979,-78.904037,34.5,35
2025-07-13,2025,7,"Frying Pan Mountain","Haywood",35.379167,-82.7925,NA,29
2025-07-13,2025,7,"Garinger High School","Mecklenburg",35.2401000008895,-80.785683,39,36
2025-07-13,2025,7,"Hattie Avenue","Forsyth",36.11094,-80.224501,44,33
2025-07-13,2025,7,"Leggett","Edgecombe",35.988278,-77.5843,49,36
2025-07-13,2025,7,"Linville Falls","Avery",35.972347,-81.933072,NA,24
2025-07-13,2025,7,"Mendenhall School","Guilford",36.1090060008986,-79.802314,38,31
2025-07-13,2025,7,"Millbrook School","Wake",35.856111,-78.574167,51,31
2025-07-13,2025,7,"Pitt Agri. Center","Pitt",35.6412760008938,-77.360126,43,30
2025-07-13,2025,7,"West Johnston Co.","Johnston",35.59095,-78.4622,42,32
2025-07-14,2025,7,"Bryson City","Swain",35.434767,-83.442133,21,23
2025-07-14,2025,7,"Castle Hayne","New Hanover",34.364167,-77.838611,20.5,28
2025-07-14,2025,7,"Clemmons Middle","Forsyth",36.026612,-80.341962,39,36
2025-07-14,2025,7,"Durham Armory","Durham",36.0329550008979,-78.904037,32,36
2025-07-14,2025,7,"Frying Pan Mountain","Haywood",35.379167,-82.7925,NA,29
2025-07-14,2025,7,"Garinger High School","Mecklenburg",35.2401000008895,-80.785683,37,71
2025-07-14,2025,7,"Hattie Avenue","Forsyth",36.11094,-80.224501,41,45
2025-07-14,2025,7,"Leggett","Edgecombe",35.988278,-77.5843,41,34
2025-07-14,2025,7,"Linville Falls","Avery",35.972347,-81.933072,NA,28
2025-07-14,2025,7,"Mendenhall School","Guilford",36.1090060008986,-79.802314,37,39
2025-07-14,2025,7,"Millbrook School","Wake",35.856111,-78.574167,49,40
2025-07-14,2025,7,"Pitt Agri. Center","Pitt",35.6412760008938,-77.360126,30,29
2025-07-14,2025,7,"West Johnston Co.","Johnston",35.59095,-78.4622,38,36
2025-07-15,2025,7,"Bryson City","Swain",35.434767,-83.442133,28,26
2025-07-15,2025,7,"Castle Hayne","New Hanover",34.364167,-77.838611,23,31
2025-07-15,2025,7,"Clemmons Middle","Forsyth",36.026612,-80.341962,39,42
2025-07-15,2025,7,"Durham Armory","Durham",36.0329550008979,-78.904037,20.5,30
2025-07-15,2025,7,"Frying Pan Mountain","Haywood",35.379167,-82.7925,22,24
2025-07-15,2025,7,"Garinger High School","Mecklenburg",35.2401000008895,-80.785683,35.5,37
2025-07-15,2025,7,"Hattie Avenue","Forsyth",36.11094,-80.224501,39,43
2025-07-15,2025,7,"Leggett","Edgecombe",35.988278,-77.5843,31,32
2025-07-15,2025,7,"Linville Falls","Avery",35.972347,-81.933072,28,25
2025-07-15,2025,7,"Mendenhall School","Guilford",36.1090060008986,-79.802314,33,34
2025-07-15,2025,7,"Millbrook School","Wake",35.856111,-78.574167,34,31
2025-07-15,2025,7,"Pitt Agri. Center","Pitt",35.6412760008938,-77.360126,24,31
2025-07-15,2025,7,"West Johnston Co.","Johnston",35.59095,-78.4622,26,31
2025-07-16,2025,7,"Bryson City","Swain",35.434767,-83.442133,25,31
2025-07-16,2025,7,"Castle Hayne","New Hanover",34.364167,-77.838611,33.5,13
2025-07-16,2025,7,"Clemmons Middle","Forsyth",36.026612,-80.341962,31,39
2025-07-16,2025,7,"Durham Armory","Durham",36.0329550008979,-78.904037,29,33
2025-07-16,2025,7,"Frying Pan Mountain","Haywood",35.379167,-82.7925,NA,32
2025-07-16,2025,7,"Garinger High School","Mecklenburg",35.2401000008895,-80.785683,24,36
2025-07-16,2025,7,"Hattie Avenue","Forsyth",36.11094,-80.224501,32,40
2025-07-16,2025,7,"Leggett","Edgecombe",35.988278,-77.5843,46,32
2025-07-16,2025,7,"Linville Falls","Avery",35.972347,-81.933072,NA,34
2025-07-16,2025,7,"Mendenhall School","Guilford",36.1090060008986,-79.802314,37,40
2025-07-16,2025,7,"Millbrook School","Wake",35.856111,-78.574167,38,33
2025-07-16,2025,7,"Pitt Agri. Center","Pitt",35.6412760008938,-77.360126,37,24
2025-07-16,2025,7,"West Johnston Co.","Johnston",35.59095,-78.4622,28,NA
2025-07-17,2025,7,"Bryson City","Swain",35.434767,-83.442133,32,29
2025-07-17,2025,7,"Castle Hayne","New Hanover",34.364167,-77.838611,24.5,19
2025-07-17,2025,7,"Clemmons Middle","Forsyth",36.026612,-80.341962,39,35
2025-07-17,2025,7,"Durham Armory","Durham",36.0329550008979,-78.904037,37.5,31
2025-07-17,2025,7,"Frying Pan Mountain","Haywood",35.379167,-82.7925,NA,35
2025-07-17,2025,7,"Garinger High School","Mecklenburg",35.2401000008895,-80.785683,36,33
2025-07-17,2025,7,"Hattie Avenue","Forsyth",36.11094,-80.224501,38,36
2025-07-17,2025,7,"Leggett","Edgecombe",35.988278,-77.5843,44,31
2025-07-17,2025,7,"Linville Falls","Avery",35.972347,-81.933072,NA,31
2025-07-17,2025,7,"Mendenhall School","Guilford",36.1090060008986,-79.802314,39,35
2025-07-17,2025,7,"Millbrook School","Wake",35.856111,-78.574167,43,30
2025-07-17,2025,7,"Pitt Agri. Center","Pitt",35.6412760008938,-77.360126,36,30
2025-07-17,2025,7,"West Johnston Co.","Johnston",35.59095,-78.4622,47,27
2025-07-18,2025,7,"Bryson City","Swain",35.434767,-83.442133,27,26
2025-07-18,2025,7,"Castle Hayne","New Hanover",34.364167,-77.838611,26.5,24
2025-07-18,2025,7,"Clemmons Middle","Forsyth",36.026612,-80.341962,37,34
2025-07-18,2025,7,"Durham Armory","Durham",36.0329550008979,-78.904037,30.5,40
2025-07-18,2025,7,"Frying Pan Mountain","Haywood",35.379167,-82.7925,19,32
2025-07-18,2025,7,"Garinger High School","Mecklenburg",35.2401000008895,-80.785683,41,33
2025-07-18,2025,7,"Hattie Avenue","Forsyth",36.11094,-80.224501,33.5,38
2025-07-18,2025,7,"Leggett","Edgecombe",35.988278,-77.5843,47,44
2025-07-18,2025,7,"Linville Falls","Avery",35.972347,-81.933072,20,28
2025-07-18,2025,7,"Mendenhall School","Guilford",36.1090060008986,-79.802314,39,40
2025-07-18,2025,7,"Millbrook School","Wake",35.856111,-78.574167,42.5,37
2025-07-18,2025,7,"Pitt Agri. Center","Pitt",35.6412760008938,-77.360126,36,34
2025-07-18,2025,7,"West Johnston Co.","Johnston",35.59095,-78.4622,39,35
2025-07-19,2025,7,"Bryson City","Swain",35.434767,-83.442133,20,27
2025-07-19,2025,7,"Castle Hayne","New Hanover",34.364167,-77.838611,30.5,28
2025-07-19,2025,7,"Clemmons Middle","Forsyth",36.026612,-80.341962,23,31
2025-07-19,2025,7,"Durham Armory","Durham",36.0329550008979,-78.904037,25,33
2025-07-19,2025,7,"Frying Pan Mountain","Haywood",35.379167,-82.7925,NA,28
2025-07-19,2025,7,"Garinger High School","Mecklenburg",35.2401000008895,-80.785683,26,42
2025-07-19,2025,7,"Hattie Avenue","Forsyth",36.11094,-80.224501,23,32
2025-07-19,2025,7,"Leggett","Edgecombe",35.988278,-77.5843,42,37
2025-07-19,2025,7,"Linville Falls","Avery",35.972347,-81.933072,NA,29
2025-07-19,2025,7,"Mendenhall School","Guilford",36.1090060008986,-79.802314,28,36
2025-07-19,2025,7,"Millbrook School","Wake",35.856111,-78.574167,42,31
2025-07-19,2025,7,"Pitt Agri. Center","Pitt",35.6412760008938,-77.360126,47,31
2025-07-19,2025,7,"West Johnston Co.","Johnston",35.59095,-78.4622,43,34
2025-07-20,2025,7,"Bryson City","Swain",35.434767,-83.442133,34,28
2025-07-20,2025,7,"Castle Hayne","New Hanover",34.364167,-77.838611,38,31
2025-07-20,2025,7,"Clemmons Middle","Forsyth",36.026612,-80.341962,37,31
2025-07-20,2025,7,"Durham Armory","Durham",36.0329550008979,-78.904037,30.5,31
2025-07-20,2025,7,"Frying Pan Mountain","Haywood",35.379167,-82.7925,NA,29
2025-07-20,2025,7,"Garinger High School","Mecklenburg",35.2401000008895,-80.785683,36,36
2025-07-20,2025,7,"Hattie Avenue","Forsyth",36.11094,-80.224501,36,30
2025-07-20,2025,7,"Leggett","Edgecombe",35.988278,-77.5843,40,35
2025-07-20,2025,7,"Linville Falls","Avery",35.972347,-81.933072,NA,31
2025-07-20,2025,7,"Mendenhall School","Guilford",36.1090060008986,-79.802314,33,31
2025-07-20,2025,7,"Millbrook School","Wake",35.856111,-78.574167,39,34
2025-07-20,2025,7,"Pitt Agri. Center","Pitt",35.6412760008938,-77.360126,37,31
2025-07-20,2025,7,"West Johnston Co.","Johnston",35.59095,-78.4622,43,33
2025-07-21,2025,7,"Bryson City","Swain",35.434767,-83.442133,41,27
2025-07-21,2025,7,"Castle Hayne","New Hanover",34.364167,-77.838611,47.5,31
2025-07-21,2025,7,"Clemmons Middle","Forsyth",36.026612,-80.341962,41,31
2025-07-21,2025,7,"Durham Armory","Durham",36.0329550008979,-78.904037,32,34
2025-07-21,2025,7,"Frying Pan Mountain","Haywood",35.379167,-82.7925,39,31
2025-07-21,2025,7,"Garinger High School","Mecklenburg",35.2401000008895,-80.785683,51.5,40
2025-07-21,2025,7,"Hattie Avenue","Forsyth",36.11094,-80.224501,45.5,32
2025-07-21,2025,7,"Leggett","Edgecombe",35.988278,-77.5843,53,38
2025-07-21,2025,7,"Linville Falls","Avery",35.972347,-81.933072,47,30
2025-07-21,2025,7,"Mendenhall School","Guilford",36.1090060008986,-79.802314,36,32
2025-07-21,2025,7,"Millbrook School","Wake",35.856111,-78.574167,45.5,36
2025-07-21,2025,7,"Pitt Agri. Center","Pitt",35.6412760008938,-77.360126,48,35
2025-07-21,2025,7,"West Johnston Co.","Johnston",35.59095,-78.4622,49,44
2025-07-22,2025,7,"Bryson City","Swain",35.434767,-83.442133,37,23
2025-07-22,2025,7,"Castle Hayne","New Hanover",34.364167,-77.838611,46,29
2025-07-22,2025,7,"Clemmons Middle","Forsyth",36.026612,-80.341962,49,44
2025-07-22,2025,7,"Durham Armory","Durham",36.0329550008979,-78.904037,45,44
2025-07-22,2025,7,"Frying Pan Mountain","Haywood",35.379167,-82.7925,NA,30
2025-07-22,2025,7,"Garinger High School","Mecklenburg",35.2401000008895,-80.785683,39,32
2025-07-22,2025,7,"Hattie Avenue","Forsyth",36.11094,-80.224501,52,44
2025-07-22,2025,7,"Leggett","Edgecombe",35.988278,-77.5843,42,44
2025-07-22,2025,7,"Linville Falls","Avery",35.972347,-81.933072,NA,31
2025-07-22,2025,7,"Mendenhall School","Guilford",36.1090060008986,-79.802314,45,36
2025-07-22,2025,7,"Millbrook School","Wake",35.856111,-78.574167,52,44
2025-07-22,2025,7,"Pitt Agri. Center","Pitt",35.6412760008938,-77.360126,33,41
2025-07-22,2025,7,"West Johnston Co.","Johnston",35.59095,-78.4622,44,44
2025-07-23,2025,7,"Bryson City","Swain",35.434767,-83.442133,41,31
2025-07-23,2025,7,"Castle Hayne","New Hanover",34.364167,-77.838611,35,31
2025-07-23,2025,7,"Clemmons Middle","Forsyth",36.026612,-80.341962,59,67
2025-07-23,2025,7,"Durham Armory","Durham",36.0329550008979,-78.904037,55,41
2025-07-23,2025,7,"Frying Pan Mountain","Haywood",35.379167,-82.7925,NA,39
2025-07-23,2025,7,"Garinger High School","Mecklenburg",35.2401000008895,-80.785683,52,49
2025-07-23,2025,7,"Hattie Avenue","Forsyth",36.11094,-80.224501,59,51
2025-07-23,2025,7,"Leggett","Edgecombe",35.988278,-77.5843,44,NA
2025-07-23,2025,7,"Linville Falls","Avery",35.972347,-81.933072,NA,39
2025-07-23,2025,7,"Mendenhall School","Guilford",36.1090060008986,-79.802314,53,42
2025-07-23,2025,7,"Millbrook School","Wake",35.856111,-78.574167,55,41
2025-07-23,2025,7,"Pitt Agri. Center","Pitt",35.6412760008938,-77.360126,55,35
2025-07-23,2025,7,"West Johnston Co.","Johnston",35.59095,-78.4622,48,39
2025-07-24,2025,7,"Bryson City","Swain",35.434767,-83.442133,53,37
2025-07-24,2025,7,"Castle Hayne","New Hanover",34.364167,-77.838611,22.5,25
2025-07-24,2025,7,"Clemmons Middle","Forsyth",36.026612,-80.341962,55.5,42
2025-07-24,2025,7,"Durham Armory","Durham",36.0329550008979,-78.904037,36,39
2025-07-24,2025,7,"Frying Pan Mountain","Haywood",35.379167,-82.7925,39,32
2025-07-24,2025,7,"Garinger High School","Mecklenburg",35.2401000008895,-80.785683,51.5,44
2025-07-24,2025,7,"Hattie Avenue","Forsyth",36.11094,-80.224501,55.5,50
2025-07-24,2025,7,"Leggett","Edgecombe",35.988278,-77.5843,40,NA
2025-07-24,2025,7,"Linville Falls","Avery",35.972347,-81.933072,44,41
2025-07-24,2025,7,"Mendenhall School","Guilford",36.1090060008986,-79.802314,51,42
2025-07-24,2025,7,"Millbrook School","Wake",35.856111,-78.574167,50,38
2025-07-24,2025,7,"Pitt Agri. Center","Pitt",35.6412760008938,-77.360126,36,31
2025-07-24,2025,7,"West Johnston Co.","Johnston",35.59095,-78.4622,56,39
2025-07-25,2025,7,"Bryson City","Swain",35.434767,-83.442133,34,30
2025-07-25,2025,7,"Castle Hayne","New Hanover",34.364167,-77.838611,36,30
2025-07-25,2025,7,"Clemmons Middle","Forsyth",36.026612,-80.341962,53,44
2025-07-25,2025,7,"Durham Armory","Durham",36.0329550008979,-78.904037,46.5,45
2025-07-25,2025,7,"Frying Pan Mountain","Haywood",35.379167,-82.7925,NA,31
2025-07-25,2025,7,"Garinger High School","Mecklenburg",35.2401000008895,-80.785683,28,45
2025-07-25,2025,7,"Hattie Avenue","Forsyth",36.11094,-80.224501,56,43
2025-07-25,2025,7,"Leggett","Edgecombe",35.988278,-77.5843,52,44
2025-07-25,2025,7,"Linville Falls","Avery",35.972347,-81.933072,NA,31
2025-07-25,2025,7,"Mendenhall School","Guilford",36.1090060008986,-79.802314,53,49
2025-07-25,2025,7,"Millbrook School","Wake",35.856111,-78.574167,52,42
2025-07-25,2025,7,"Pitt Agri. Center","Pitt",35.6412760008938,-77.360126,50,40
2025-07-25,2025,7,"West Johnston Co.","Johnston",35.59095,-78.4622,59,39
2025-07-26,2025,7,"Bryson City","Swain",35.434767,-83.442133,24,30
2025-07-26,2025,7,"Castle Hayne","New Hanover",34.364167,-77.838611,52,31
2025-07-26,2025,7,"Clemmons Middle","Forsyth",36.026612,-80.341962,54,51
2025-07-26,2025,7,"Durham Armory","Durham",36.0329550008979,-78.904037,43,38
2025-07-26,2025,7,"Frying Pan Mountain","Haywood",35.379167,-82.7925,NA,30
2025-07-26,2025,7,"Garinger High School","Mecklenburg",35.2401000008895,-80.785683,39,64
2025-07-26,2025,7,"Hattie Avenue","Forsyth",36.11094,-80.224501,55,44
2025-07-26,2025,7,"Leggett","Edgecombe",35.988278,-77.5843,58,38
2025-07-26,2025,7,"Linville Falls","Avery",35.972347,-81.933072,NA,31
2025-07-26,2025,7,"Mendenhall School","Guilford",36.1090060008986,-79.802314,53,34
2025-07-26,2025,7,"Millbrook School","Wake",35.856111,-78.574167,58,38
2025-07-26,2025,7,"Pitt Agri. Center","Pitt",35.6412760008938,-77.360126,59,48
2025-07-26,2025,7,"West Johnston Co.","Johnston",35.59095,-78.4622,57,46
2025-07-27,2025,7,"Bryson City","Swain",35.434767,-83.442133,25,24
2025-07-27,2025,7,"Castle Hayne","New Hanover",34.364167,-77.838611,51,31
2025-07-27,2025,7,"Clemmons Middle","Forsyth",36.026612,-80.341962,32,31
2025-07-27,2025,7,"Durham Armory","Durham",36.0329550008979,-78.904037,33.5,33
2025-07-27,2025,7,"Frying Pan Mountain","Haywood",35.379167,-82.7925,15,27
2025-07-27,2025,7,"Garinger High School","Mecklenburg",35.2401000008895,-80.785683,46,44
2025-07-27,2025,7,"Hattie Avenue","Forsyth",36.11094,-80.224501,34,31
2025-07-27,2025,7,"Leggett","Edgecombe",35.988278,-77.5843,54,32
2025-07-27,2025,7,"Linville Falls","Avery",35.972347,-81.933072,22,25
2025-07-27,2025,7,"Mendenhall School","Guilford",36.1090060008986,-79.802314,36,31
2025-07-27,2025,7,"Millbrook School","Wake",35.856111,-78.574167,54.5,35
2025-07-27,2025,7,"Pitt Agri. Center","Pitt",35.6412760008938,-77.360126,54,32
2025-07-27,2025,7,"West Johnston Co.","Johnston",35.59095,-78.4622,53,44
2025-07-28,2025,7,"Bryson City","Swain",35.434767,-83.442133,16,28
2025-07-28,2025,7,"Castle Hayne","New Hanover",34.364167,-77.838611,38,34
2025-07-28,2025,7,"Clemmons Middle","Forsyth",36.026612,-80.341962,28,41
2025-07-28,2025,7,"Durham Armory","Durham",36.0329550008979,-78.904037,22,36
2025-07-28,2025,7,"Frying Pan Mountain","Haywood",35.379167,-82.7925,NA,32
2025-07-28,2025,7,"Garinger High School","Mecklenburg",35.2401000008895,-80.785683,26,44
2025-07-28,2025,7,"Hattie Avenue","Forsyth",36.11094,-80.224501,28,43
2025-07-28,2025,7,"Leggett","Edgecombe",35.988278,-77.5843,47,35
2025-07-28,2025,7,"Linville Falls","Avery",35.972347,-81.933072,NA,29
2025-07-28,2025,7,"Mendenhall School","Guilford",36.1090060008986,-79.802314,27,34
2025-07-28,2025,7,"Millbrook School","Wake",35.856111,-78.574167,42,36
2025-07-28,2025,7,"Pitt Agri. Center","Pitt",35.6412760008938,-77.360126,31,33
2025-07-28,2025,7,"West Johnston Co.","Johnston",35.59095,-78.4622,34,43
2025-07-29,2025,7,"Bryson City","Swain",35.434767,-83.442133,20,29
2025-07-29,2025,7,"Castle Hayne","New Hanover",34.364167,-77.838611,25,29
2025-07-29,2025,7,"Clemmons Middle","Forsyth",36.026612,-80.341962,34,45
2025-07-29,2025,7,"Durham Armory","Durham",36.0329550008979,-78.904037,36,NA
2025-07-29,2025,7,"Frying Pan Mountain","Haywood",35.379167,-82.7925,NA,31
2025-07-29,2025,7,"Garinger High School","Mecklenburg",35.2401000008895,-80.785683,23,42
2025-07-29,2025,7,"Hattie Avenue","Forsyth",36.11094,-80.224501,33,47
2025-07-29,2025,7,"Leggett","Edgecombe",35.988278,-77.5843,52,38
2025-07-29,2025,7,"Linville Falls","Avery",35.972347,-81.933072,NA,24
2025-07-29,2025,7,"Mendenhall School","Guilford",36.1090060008986,-79.802314,41,36
2025-07-29,2025,7,"Millbrook School","Wake",35.856111,-78.574167,43,42
2025-07-29,2025,7,"Pitt Agri. Center","Pitt",35.6412760008938,-77.360126,39,34
2025-07-29,2025,7,"West Johnston Co.","Johnston",35.59095,-78.4622,39,42
2025-07-30,2025,7,"Bryson City","Swain",35.434767,-83.442133,18,30
2025-07-30,2025,7,"Castle Hayne","New Hanover",34.364167,-77.838611,29.5,23
2025-07-30,2025,7,"Clemmons Middle","Forsyth",36.026612,-80.341962,48,49
2025-07-30,2025,7,"Durham Armory","Durham",36.0329550008979,-78.904037,26.5,54
2025-07-30,2025,7,"Frying Pan Mountain","Haywood",35.379167,-82.7925,22,34
2025-07-30,2025,7,"Garinger High School","Mecklenburg",35.2401000008895,-80.785683,41.5,46
2025-07-30,2025,7,"Hattie Avenue","Forsyth",36.11094,-80.224501,45.5,54
2025-07-30,2025,7,"Leggett","Edgecombe",35.988278,-77.5843,46,40
2025-07-30,2025,7,"Linville Falls","Avery",35.972347,-81.933072,30,32
2025-07-30,2025,7,"Mendenhall School","Guilford",36.1090060008986,-79.802314,44,41
2025-07-30,2025,7,"Millbrook School","Wake",35.856111,-78.574167,38.5,44
2025-07-30,2025,7,"Pitt Agri. Center","Pitt",35.6412760008938,-77.360126,38,36
2025-07-30,2025,7,"West Johnston Co.","Johnston",35.59095,-78.4622,38,38
2025-07-31,2025,7,"Castle Hayne","New Hanover",34.364167,-77.838611,35,30
2025-07-31,2025,7,"Clemmons Middle","Forsyth",36.026612,-80.341962,27,44
2025-07-31,2025,7,"Durham Armory","Durham",36.0329550008979,-78.904037,27,36
2025-07-31,2025,7,"Frying Pan Mountain","Haywood",35.379167,-82.7925,NA,33
2025-07-31,2025,7,"Garinger High School","Mecklenburg",35.2401000008895,-80.785683,26,45
2025-07-31,2025,7,"Hattie Avenue","Forsyth",36.11094,-80.224501,29,46
2025-07-31,2025,7,"Leggett","Edgecombe",35.988278,-77.5843,51,38
2025-07-31,2025,7,"Linville Falls","Avery",35.972347,-81.933072,NA,25
2025-07-31,2025,7,"Mendenhall School","Guilford",36.1090060008986,-79.802314,39,47
2025-07-31,2025,7,"Millbrook School","Wake",35.856111,-78.574167,52,41
2025-07-31,2025,7,"Pitt Agri. Center","Pitt",35.6412760008938,-77.360126,40,37
2025-07-31,2025,7,"West Johnston Co.","Johnston",35.59095,-78.4622,44,41
2025-08-01,2025,8,"Bryson City","Swain",35.434767,-83.442133,NA,32
2025-08-01,2025,8,"Castle Hayne","New Hanover",34.364167,-77.838611,27.5,33
2025-08-01,2025,8,"Clemmons Middle","Forsyth",36.026612,-80.341962,28,39
2025-08-01,2025,8,"Durham Armory","Durham",36.0329550008979,-78.904037,25,31
2025-08-01,2025,8,"Frying Pan Mountain","Haywood",35.379167,-82.7925,NA,37
2025-08-01,2025,8,"Garinger High School","Mecklenburg",35.2401000008895,-80.785683,31,37
2025-08-01,2025,8,"Hattie Avenue","Forsyth",36.11094,-80.224501,29,36
2025-08-01,2025,8,"Leggett","Edgecombe",35.988278,-77.5843,39,25
2025-08-01,2025,8,"Linville Falls","Avery",35.972347,-81.933072,NA,33
2025-08-01,2025,8,"Mendenhall School","Guilford",36.1090060008986,-79.802314,28,31
2025-08-01,2025,8,"Millbrook School","Wake",35.856111,-78.574167,42,31
2025-08-01,2025,8,"Pitt Agri. Center","Pitt",35.6412760008938,-77.360126,44,27
2025-08-01,2025,8,"West Johnston Co.","Johnston",35.59095,-78.4622,44,31
2025-08-02,2025,8,"Bryson City","Swain",35.434767,-83.442133,16,21
2025-08-02,2025,8,"Castle Hayne","New Hanover",34.364167,-77.838611,30.5,26
2025-08-02,2025,8,"Clemmons Middle","Forsyth",36.026612,-80.341962,28,34
2025-08-02,2025,8,"Durham Armory","Durham",36.0329550008979,-78.904037,19,31
2025-08-02,2025,8,"Frying Pan Mountain","Haywood",35.379167,-82.7925,1,26
2025-08-02,2025,8,"Garinger High School","Mecklenburg",35.2401000008895,-80.785683,18,24
2025-08-02,2025,8,"Hattie Avenue","Forsyth",36.11094,-80.224501,27,35
2025-08-02,2025,8,"Leggett","Edgecombe",35.988278,-77.5843,28,30
2025-08-02,2025,8,"Linville Falls","Avery",35.972347,-81.933072,2,31
2025-08-02,2025,8,"Mendenhall School","Guilford",36.1090060008986,-79.802314,28,27
2025-08-02,2025,8,"Millbrook School","Wake",35.856111,-78.574167,29,29
2025-08-02,2025,8,"Pitt Agri. Center","Pitt",35.6412760008938,-77.360126,19,29
2025-08-02,2025,8,"West Johnston Co.","Johnston",35.59095,-78.4622,18,30
2025-08-03,2025,8,"Bryson City","Swain",35.434767,-83.442133,22,25
2025-08-03,2025,8,"Castle Hayne","New Hanover",34.364167,-77.838611,41,29
2025-08-03,2025,8,"Clemmons Middle","Forsyth",36.026612,-80.341962,46,33
2025-08-03,2025,8,"Durham Armory","Durham",36.0329550008979,-78.904037,32,41
2025-08-03,2025,8,"Frying Pan Mountain","Haywood",35.379167,-82.7925,NA,34
2025-08-03,2025,8,"Garinger High School","Mecklenburg",35.2401000008895,-80.785683,38,33
2025-08-03,2025,8,"Hattie Avenue","Forsyth",36.11094,-80.224501,48,32
2025-08-03,2025,8,"Leggett","Edgecombe",35.988278,-77.5843,33,37
2025-08-03,2025,8,"Linville Falls","Avery",35.972347,-81.933072,NA,33
2025-08-03,2025,8,"Mendenhall School","Guilford",36.1090060008986,-79.802314,38,33
2025-08-03,2025,8,"Millbrook School","Wake",35.856111,-78.574167,34,38
2025-08-03,2025,8,"Pitt Agri. Center","Pitt",35.6412760008938,-77.360126,29,35
2025-08-03,2025,8,"West Johnston Co.","Johnston",35.59095,-78.4622,34,37
2025-08-04,2025,8,"Bryson City","Swain",35.434767,-83.442133,25,23
2025-08-04,2025,8,"Castle Hayne","New Hanover",34.364167,-77.838611,35.5,29
2025-08-04,2025,8,"Clemmons Middle","Forsyth",36.026612,-80.341962,48,44
2025-08-04,2025,8,"Durham Armory","Durham",36.0329550008979,-78.904037,34.5,44
2025-08-04,2025,8,"Frying Pan Mountain","Haywood",35.379167,-82.7925,NA,35
2025-08-04,2025,8,"Garinger High School","Mecklenburg",35.2401000008895,-80.785683,45,36
2025-08-04,2025,8,"Hattie Avenue","Forsyth",36.11094,-80.224501,47,42
2025-08-04,2025,8,"Leggett","Edgecombe",35.988278,-77.5843,31,41
2025-08-04,2025,8,"Linville Falls","Avery",35.972347,-81.933072,NA,35
2025-08-04,2025,8,"Mendenhall School","Guilford",36.1090060008986,-79.802314,46,37
2025-08-04,2025,8,"Millbrook School","Wake",35.856111,-78.574167,38,41
2025-08-04,2025,8,"Pitt Agri. Center","Pitt",35.6412760008938,-77.360126,22,37
2025-08-04,2025,8,"West Johnston Co.","Johnston",35.59095,-78.4622,39,42
2025-08-05,2025,8,"Bryson City","Swain",35.434767,-83.442133,13,24
2025-08-05,2025,8,"Castle Hayne","New Hanover",34.364167,-77.838611,27,27
2025-08-05,2025,8,"Clemmons Middle","Forsyth",36.026612,-80.341962,40,34
2025-08-05,2025,8,"Durham Armory","Durham",36.0329550008979,-78.904037,24.5,36
2025-08-05,2025,8,"Frying Pan Mountain","Haywood",35.379167,-82.7925,2,29
2025-08-05,2025,8,"Garinger High School","Mecklenburg",35.2401000008895,-80.785683,26,33
2025-08-05,2025,8,"Hattie Avenue","Forsyth",36.11094,-80.224501,41,36
2025-08-05,2025,8,"Leggett","Edgecombe",35.988278,-77.5843,32,28
2025-08-05,2025,8,"Linville Falls","Avery",35.972347,-81.933072,16,33
2025-08-05,2025,8,"Mendenhall School","Guilford",36.1090060008986,-79.802314,32,31
2025-08-05,2025,8,"Millbrook School","Wake",35.856111,-78.574167,38,29
2025-08-05,2025,8,"Pitt Agri. Center","Pitt",35.6412760008938,-77.360126,26,30
2025-08-05,2025,8,"West Johnston Co.","Johnston",35.59095,-78.4622,36,30
2025-08-06,2025,8,"Bryson City","Swain",35.434767,-83.442133,21,26
2025-08-06,2025,8,"Castle Hayne","New Hanover",34.364167,-77.838611,14,25
2025-08-06,2025,8,"Clemmons Middle","Forsyth",36.026612,-80.341962,36,28
2025-08-06,2025,8,"Durham Armory","Durham",36.0329550008979,-78.904037,10,30
2025-08-06,2025,8,"Frying Pan Mountain","Haywood",35.379167,-82.7925,NA,26
2025-08-06,2025,8,"Garinger High School","Mecklenburg",35.2401000008895,-80.785683,21,24
2025-08-06,2025,8,"Hattie Avenue","Forsyth",36.11094,-80.224501,37,30
2025-08-06,2025,8,"Leggett","Edgecombe",35.988278,-77.5843,35,26
2025-08-06,2025,8,"Linville Falls","Avery",35.972347,-81.933072,NA,26
2025-08-06,2025,8,"Mendenhall School","Guilford",36.1090060008986,-79.802314,20,26
2025-08-06,2025,8,"Millbrook School","Wake",35.856111,-78.574167,28,31
2025-08-06,2025,8,"Pitt Agri. Center","Pitt",35.6412760008938,-77.360126,33,26
2025-08-06,2025,8,"West Johnston Co.","Johnston",35.59095,-78.4622,26,29
2025-08-07,2025,8,"Bryson City","Swain",35.434767,-83.442133,24,26
2025-08-07,2025,8,"Castle Hayne","New Hanover",34.364167,-77.838611,49,26
2025-08-07,2025,8,"Clemmons Middle","Forsyth",36.026612,-80.341962,64,27
2025-08-07,2025,8,"Durham Armory","Durham",36.0329550008979,-78.904037,61,31
2025-08-07,2025,8,"Frying Pan Mountain","Haywood",35.379167,-82.7925,NA,29
2025-08-07,2025,8,"Garinger High School","Mecklenburg",35.2401000008895,-80.785683,44,29
2025-08-07,2025,8,"Hattie Avenue","Forsyth",36.11094,-80.224501,66,26
2025-08-07,2025,8,"Leggett","Edgecombe",35.988278,-77.5843,68,31
2025-08-07,2025,8,"Linville Falls","Avery",35.972347,-81.933072,NA,31
2025-08-07,2025,8,"Mendenhall School","Guilford",36.1090060008986,-79.802314,60,21
2025-08-07,2025,8,"Millbrook School","Wake",35.856111,-78.574167,67,28
2025-08-07,2025,8,"Pitt Agri. Center","Pitt",35.6412760008938,-77.360126,68,31
2025-08-07,2025,8,"West Johnston Co.","Johnston",35.59095,-78.4622,62,27
2025-08-08,2025,8,"Bryson City","Swain",35.434767,-83.442133,36,30
2025-08-08,2025,8,"Castle Hayne","New Hanover",34.364167,-77.838611,62.5,23
2025-08-08,2025,8,"Clemmons Middle","Forsyth",36.026612,-80.341962,85,39
2025-08-08,2025,8,"Durham Armory","Durham",36.0329550008979,-78.904037,69.5,37
2025-08-08,2025,8,"Frying Pan Mountain","Haywood",35.379167,-82.7925,19,30
2025-08-08,2025,8,"Garinger High School","Mecklenburg",35.2401000008895,-80.785683,74.5,34
2025-08-08,2025,8,"Hattie Avenue","Forsyth",36.11094,-80.224501,81.5,39
2025-08-08,2025,8,"Leggett","Edgecombe",35.988278,-77.5843,63,28
2025-08-08,2025,8,"Linville Falls","Avery",35.972347,-81.933072,65,34
2025-08-08,2025,8,"Mendenhall School","Guilford",36.1090060008986,-79.802314,72,33
2025-08-08,2025,8,"Millbrook School","Wake",35.856111,-78.574167,70,30
2025-08-08,2025,8,"Pitt Agri. Center","Pitt",35.6412760008938,-77.360126,61,28
2025-08-08,2025,8,"West Johnston Co.","Johnston",35.59095,-78.4622,68,27
2025-08-09,2025,8,"Bryson City","Swain",35.434767,-83.442133,58,28
2025-08-09,2025,8,"Castle Hayne","New Hanover",34.364167,-77.838611,29,24
2025-08-09,2025,8,"Clemmons Middle","Forsyth",36.026612,-80.341962,61,37
2025-08-09,2025,8,"Durham Armory","Durham",36.0329550008979,-78.904037,40.5,37
2025-08-09,2025,8,"Frying Pan Mountain","Haywood",35.379167,-82.7925,NA,30
2025-08-09,2025,8,"Garinger High School","Mecklenburg",35.2401000008895,-80.785683,57,32
2025-08-09,2025,8,"Hattie Avenue","Forsyth",36.11094,-80.224501,60,36
2025-08-09,2025,8,"Leggett","Edgecombe",35.988278,-77.5843,33,28
2025-08-09,2025,8,"Linville Falls","Avery",35.972347,-81.933072,NA,32
2025-08-09,2025,8,"Mendenhall School","Guilford",36.1090060008986,-79.802314,48,31
2025-08-09,2025,8,"Millbrook School","Wake",35.856111,-78.574167,44,32
2025-08-09,2025,8,"Pitt Agri. Center","Pitt",35.6412760008938,-77.360126,27,27
2025-08-09,2025,8,"West Johnston Co.","Johnston",35.59095,-78.4622,39,31
2025-08-10,2025,8,"Bryson City","Swain",35.434767,-83.442133,45,22
2025-08-10,2025,8,"Castle Hayne","New Hanover",34.364167,-77.838611,13.5,23
2025-08-10,2025,8,"Clemmons Middle","Forsyth",36.026612,-80.341962,51,39
2025-08-10,2025,8,"Durham Armory","Durham",36.0329550008979,-78.904037,29.5,33
2025-08-10,2025,8,"Frying Pan Mountain","Haywood",35.379167,-82.7925,NA,25
2025-08-10,2025,8,"Garinger High School","Mecklenburg",35.2401000008895,-80.785683,31,26
2025-08-10,2025,8,"Hattie Avenue","Forsyth",36.11094,-80.224501,48,36
2025-08-10,2025,8,"Leggett","Edgecombe",35.988278,-77.5843,31,24
2025-08-10,2025,8,"Linville Falls","Avery",35.972347,-81.933072,NA,28
2025-08-10,2025,8,"Mendenhall School","Guilford",36.1090060008986,-79.802314,42,32
2025-08-10,2025,8,"Millbrook School","Wake",35.856111,-78.574167,35,28
2025-08-10,2025,8,"Pitt Agri. Center","Pitt",35.6412760008938,-77.360126,15,24
2025-08-10,2025,8,"West Johnston Co.","Johnston",35.59095,-78.4622,29,27
2025-08-11,2025,8,"Bryson City","Swain",35.434767,-83.442133,24,20
2025-08-11,2025,8,"Castle Hayne","New Hanover",34.364167,-77.838611,9.5,15
2025-08-11,2025,8,"Clemmons Middle","Forsyth",36.026612,-80.341962,26,24
2025-08-11,2025,8,"Durham Armory","Durham",36.0329550008979,-78.904037,9.5,25
2025-08-11,2025,8,"Frying Pan Mountain","Haywood",35.379167,-82.7925,2,19
2025-08-11,2025,8,"Garinger High School","Mecklenburg",35.2401000008895,-80.785683,8.5,17
2025-08-11,2025,8,"Hattie Avenue","Forsyth",36.11094,-80.224501,30,22
2025-08-11,2025,8,"Leggett","Edgecombe",35.988278,-77.5843,22,19
2025-08-11,2025,8,"Linville Falls","Avery",35.972347,-81.933072,10,21
2025-08-11,2025,8,"Mendenhall School","Guilford",36.1090060008986,-79.802314,26,19
2025-08-11,2025,8,"Millbrook School","Wake",35.856111,-78.574167,22,19
2025-08-11,2025,8,"Pitt Agri. Center","Pitt",35.6412760008938,-77.360126,11,17
2025-08-11,2025,8,"West Johnston Co.","Johnston",35.59095,-78.4622,24,21
2025-08-12,2025,8,"Bryson City","Swain",35.434767,-83.442133,16,16
2025-08-12,2025,8,"Castle Hayne","New Hanover",34.364167,-77.838611,11,10
2025-08-12,2025,8,"Clemmons Middle","Forsyth",36.026612,-80.341962,18,21
2025-08-12,2025,8,"Durham Armory","Durham",36.0329550008979,-78.904037,9,19
2025-08-12,2025,8,"Frying Pan Mountain","Haywood",35.379167,-82.7925,NA,23
2025-08-12,2025,8,"Garinger High School","Mecklenburg",35.2401000008895,-80.785683,20,22
2025-08-12,2025,8,"Hattie Avenue","Forsyth",36.11094,-80.224501,21,21
2025-08-12,2025,8,"Leggett","Edgecombe",35.988278,-77.5843,16,19
2025-08-12,2025,8,"Linville Falls","Avery",35.972347,-81.933072,NA,19
2025-08-12,2025,8,"Mendenhall School","Guilford",36.1090060008986,-79.802314,17,23
2025-08-12,2025,8,"Millbrook School","Wake",35.856111,-78.574167,22,15
2025-08-12,2025,8,"Pitt Agri. Center","Pitt",35.6412760008938,-77.360126,8,15
2025-08-12,2025,8,"West Johnston Co.","Johnston",35.59095,-78.4622,17,19
2025-08-13,2025,8,"Bryson City","Swain",35.434767,-83.442133,13,18
2025-08-13,2025,8,"Castle Hayne","New Hanover",34.364167,-77.838611,18,13
2025-08-13,2025,8,"Clemmons Middle","Forsyth",36.026612,-80.341962,26,24
2025-08-13,2025,8,"Durham Armory","Durham",36.0329550008979,-78.904037,11,24
2025-08-13,2025,8,"Frying Pan Mountain","Haywood",35.379167,-82.7925,NA,23
2025-08-13,2025,8,"Garinger High School","Mecklenburg",35.2401000008895,-80.785683,27,21
2025-08-13,2025,8,"Hattie Avenue","Forsyth",36.11094,-80.224501,29,24
2025-08-13,2025,8,"Leggett","Edgecombe",35.988278,-77.5843,28,24
2025-08-13,2025,8,"Linville Falls","Avery",35.972347,-81.933072,NA,22
2025-08-13,2025,8,"Mendenhall School","Guilford",36.1090060008986,-79.802314,38,24
2025-08-13,2025,8,"Millbrook School","Wake",35.856111,-78.574167,28,22
2025-08-13,2025,8,"Pitt Agri. Center","Pitt",35.6412760008938,-77.360126,23,23
2025-08-13,2025,8,"West Johnston Co.","Johnston",35.59095,-78.4622,21,36
2025-08-14,2025,8,"Bryson City","Swain",35.434767,-83.442133,17,23
2025-08-14,2025,8,"Castle Hayne","New Hanover",34.364167,-77.838611,17,21
2025-08-14,2025,8,"Clemmons Middle","Forsyth",36.026612,-80.341962,20,27
2025-08-14,2025,8,"Durham Armory","Durham",36.0329550008979,-78.904037,12.5,29
2025-08-14,2025,8,"Frying Pan Mountain","Haywood",35.379167,-82.7925,NA,35
2025-08-14,2025,8,"Garinger High School","Mecklenburg",35.2401000008895,-80.785683,23.5,31
2025-08-14,2025,8,"Hattie Avenue","Forsyth",36.11094,-80.224501,28,30
2025-08-14,2025,8,"Leggett","Edgecombe",35.988278,-77.5843,42,22
2025-08-14,2025,8,"Linville Falls","Avery",35.972347,-81.933072,19,27
2025-08-14,2025,8,"Mendenhall School","Guilford",36.1090060008986,-79.802314,23,37
2025-08-14,2025,8,"Millbrook School","Wake",35.856111,-78.574167,35,27
2025-08-14,2025,8,"Pitt Agri. Center","Pitt",35.6412760008938,-77.360126,31,23
2025-08-14,2025,8,"West Johnston Co.","Johnston",35.59095,-78.4622,38,31
2025-08-15,2025,8,"Bryson City","Swain",35.434767,-83.442133,29,30
2025-08-15,2025,8,"Castle Hayne","New Hanover",34.364167,-77.838611,25,20
2025-08-15,2025,8,"Clemmons Middle","Forsyth",36.026612,-80.341962,37,46
2025-08-15,2025,8,"Durham Armory","Durham",36.0329550008979,-78.904037,25.5,39
2025-08-15,2025,8,"Frying Pan Mountain","Haywood",35.379167,-82.7925,NA,43
2025-08-15,2025,8,"Garinger High School","Mecklenburg",35.2401000008895,-80.785683,36,42
2025-08-15,2025,8,"Hattie Avenue","Forsyth",36.11094,-80.224501,42,44
2025-08-15,2025,8,"Leggett","Edgecombe",35.988278,-77.5843,29,30
2025-08-15,2025,8,"Linville Falls","Avery",35.972347,-81.933072,NA,29
2025-08-15,2025,8,"Mendenhall School","Guilford",36.1090060008986,-79.802314,33,38
2025-08-15,2025,8,"Millbrook School","Wake",35.856111,-78.574167,43,36
2025-08-15,2025,8,"Pitt Agri. Center","Pitt",35.6412760008938,-77.360126,24,24
2025-08-15,2025,8,"West Johnston Co.","Johnston",35.59095,-78.4622,39,43
2025-08-16,2025,8,"Bryson City","Swain",35.434767,-83.442133,38,24
2025-08-16,2025,8,"Castle Hayne","New Hanover",34.364167,-77.838611,28.5,20
2025-08-16,2025,8,"Clemmons Middle","Forsyth",36.026612,-80.341962,51,45
2025-08-16,2025,8,"Durham Armory","Durham",36.0329550008979,-78.904037,27,32
2025-08-16,2025,8,"Frying Pan Mountain","Haywood",35.379167,-82.7925,NA,39
2025-08-16,2025,8,"Garinger High School","Mecklenburg",35.2401000008895,-80.785683,51,43
2025-08-16,2025,8,"Hattie Avenue","Forsyth",36.11094,-80.224501,52,45
2025-08-16,2025,8,"Leggett","Edgecombe",35.988278,-77.5843,42,34
2025-08-16,2025,8,"Linville Falls","Avery",35.972347,-81.933072,NA,26
2025-08-16,2025,8,"Mendenhall School","Guilford",36.1090060008986,-79.802314,46,36
2025-08-16,2025,8,"Millbrook School","Wake",35.856111,-78.574167,51,30
2025-08-16,2025,8,"Pitt Agri. Center","Pitt",35.6412760008938,-77.360126,32,31
2025-08-16,2025,8,"West Johnston Co.","Johnston",35.59095,-78.4622,46,32
2025-08-17,2025,8,"Bryson City","Swain",35.434767,-83.442133,45,29
2025-08-17,2025,8,"Castle Hayne","New Hanover",34.364167,-77.838611,40.5,32
2025-08-17,2025,8,"Clemmons Middle","Forsyth",36.026612,-80.341962,52.5,37
2025-08-17,2025,8,"Durham Armory","Durham",36.0329550008979,-78.904037,33.5,39
2025-08-17,2025,8,"Frying Pan Mountain","Haywood",35.379167,-82.7925,38,42
2025-08-17,2025,8,"Garinger High School","Mecklenburg",35.2401000008895,-80.785683,51.5,45
2025-08-17,2025,8,"Hattie Avenue","Forsyth",36.11094,-80.224501,53.5,37
2025-08-17,2025,8,"Leggett","Edgecombe",35.988278,-77.5843,46,35
2025-08-17,2025,8,"Linville Falls","Avery",35.972347,-81.933072,51,38
2025-08-17,2025,8,"Mendenhall School","Guilford",36.1090060008986,-79.802314,49,37
2025-08-17,2025,8,"Millbrook School","Wake",35.856111,-78.574167,51.5,39
2025-08-17,2025,8,"Pitt Agri. Center","Pitt",35.6412760008938,-77.360126,46,35
2025-08-17,2025,8,"West Johnston Co.","Johnston",35.59095,-78.4622,55,40
2025-08-18,2025,8,"Bryson City","Swain",35.434767,-83.442133,47,30
2025-08-18,2025,8,"Castle Hayne","New Hanover",34.364167,-77.838611,45,35
2025-08-18,2025,8,"Clemmons Middle","Forsyth",36.026612,-80.341962,47,46
2025-08-18,2025,8,"Durham Armory","Durham",36.0329550008979,-78.904037,29.5,36
2025-08-18,2025,8,"Frying Pan Mountain","Haywood",35.379167,-82.7925,NA,38
2025-08-18,2025,8,"Garinger High School","Mecklenburg",35.2401000008895,-80.785683,52,43
2025-08-18,2025,8,"Hattie Avenue","Forsyth",36.11094,-80.224501,51,46
2025-08-18,2025,8,"Leggett","Edgecombe",35.988278,-77.5843,52,38
2025-08-18,2025,8,"Linville Falls","Avery",35.972347,-81.933072,NA,32
2025-08-18,2025,8,"Mendenhall School","Guilford",36.1090060008986,-79.802314,48,36
2025-08-18,2025,8,"Millbrook School","Wake",35.856111,-78.574167,53,38
2025-08-18,2025,8,"Pitt Agri. Center","Pitt",35.6412760008938,-77.360126,53,32
2025-08-18,2025,8,"West Johnston Co.","Johnston",35.59095,-78.4622,52,39
2025-08-19,2025,8,"Bryson City","Swain",35.434767,-83.442133,37,29
2025-08-19,2025,8,"Castle Hayne","New Hanover",34.364167,-77.838611,46,25
2025-08-19,2025,8,"Clemmons Middle","Forsyth",36.026612,-80.341962,36,NA
2025-08-19,2025,8,"Durham Armory","Durham",36.0329550008979,-78.904037,10.5,22
2025-08-19,2025,8,"Frying Pan Mountain","Haywood",35.379167,-82.7925,NA,36
2025-08-19,2025,8,"Garinger High School","Mecklenburg",35.2401000008895,-80.785683,42,41
2025-08-19,2025,8,"Hattie Avenue","Forsyth",36.11094,-80.224501,37,35
2025-08-19,2025,8,"Leggett","Edgecombe",35.988278,-77.5843,20,22
2025-08-19,2025,8,"Linville Falls","Avery",35.972347,-81.933072,NA,29
2025-08-19,2025,8,"Mendenhall School","Guilford",36.1090060008986,-79.802314,26,25
2025-08-19,2025,8,"Millbrook School","Wake",35.856111,-78.574167,28,22
2025-08-19,2025,8,"Pitt Agri. Center","Pitt",35.6412760008938,-77.360126,22,20
2025-08-19,2025,8,"West Johnston Co.","Johnston",35.59095,-78.4622,26,25
2025-08-20,2025,8,"Bryson City","Swain",35.434767,-83.442133,27,26
2025-08-20,2025,8,"Castle Hayne","New Hanover",34.364167,-77.838611,23.5,16
2025-08-20,2025,8,"Clemmons Middle","Forsyth",36.026612,-80.341962,44,36
2025-08-20,2025,8,"Durham Armory","Durham",36.0329550008979,-78.904037,12.5,29
2025-08-20,2025,8,"Frying Pan Mountain","Haywood",35.379167,-82.7925,29,36
2025-08-20,2025,8,"Garinger High School","Mecklenburg",35.2401000008895,-80.785683,43,41
2025-08-20,2025,8,"Hattie Avenue","Forsyth",36.11094,-80.224501,43,32
2025-08-20,2025,8,"Leggett","Edgecombe",35.988278,-77.5843,23,20
2025-08-20,2025,8,"Linville Falls","Avery",35.972347,-81.933072,38,31
2025-08-20,2025,8,"Mendenhall School","Guilford",36.1090060008986,-79.802314,32,25
2025-08-20,2025,8,"Millbrook School","Wake",35.856111,-78.574167,30.5,24
2025-08-20,2025,8,"Pitt Agri. Center","Pitt",35.6412760008938,-77.360126,22,19
2025-08-20,2025,8,"West Johnston Co.","Johnston",35.59095,-78.4622,28,24
2025-08-21,2025,8,"Bryson City","Swain",35.434767,-83.442133,29,29
2025-08-21,2025,8,"Castle Hayne","New Hanover",34.364167,-77.838611,26,23
2025-08-21,2025,8,"Clemmons Middle","Forsyth",36.026612,-80.341962,35,35
2025-08-21,2025,8,"Durham Armory","Durham",36.0329550008979,-78.904037,14,28
2025-08-21,2025,8,"Frying Pan Mountain","Haywood",35.379167,-82.7925,NA,32
2025-08-21,2025,8,"Garinger High School","Mecklenburg",35.2401000008895,-80.785683,42,39
2025-08-21,2025,8,"Hattie Avenue","Forsyth",36.11094,-80.224501,35,38
2025-08-21,2025,8,"Leggett","Edgecombe",35.988278,-77.5843,23,25
2025-08-21,2025,8,"Linville Falls","Avery",35.972347,-81.933072,NA,24
2025-08-21,2025,8,"Mendenhall School","Guilford",36.1090060008986,-79.802314,25,31
2025-08-21,2025,8,"Millbrook School","Wake",35.856111,-78.574167,31,24
2025-08-21,2025,8,"Pitt Agri. Center","Pitt",35.6412760008938,-77.360126,23,23
2025-08-21,2025,8,"West Johnston Co.","Johnston",35.59095,-78.4622,31,25
2025-08-22,2025,8,"Bryson City","Swain",35.434767,-83.442133,32,29
2025-08-22,2025,8,"Castle Hayne","New Hanover",34.364167,-77.838611,17.5,29
2025-08-22,2025,8,"Clemmons Middle","Forsyth",36.026612,-80.341962,24,31
2025-08-22,2025,8,"Durham Armory","Durham",36.0329550008979,-78.904037,10.5,33
2025-08-22,2025,8,"Frying Pan Mountain","Haywood",35.379167,-82.7925,NA,27
2025-08-22,2025,8,"Garinger High School","Mecklenburg",35.2401000008895,-80.785683,16,25
2025-08-22,2025,8,"Hattie Avenue","Forsyth",36.11094,-80.224501,23,32
2025-08-22,2025,8,"Leggett","Edgecombe",35.988278,-77.5843,26,34
2025-08-22,2025,8,"Linville Falls","Avery",35.972347,-81.933072,NA,31
2025-08-22,2025,8,"Mendenhall School","Guilford",36.1090060008986,-79.802314,19,27
2025-08-22,2025,8,"Millbrook School","Wake",35.856111,-78.574167,30,28
2025-08-22,2025,8,"Pitt Agri. Center","Pitt",35.6412760008938,-77.360126,16,34
2025-08-22,2025,8,"West Johnston Co.","Johnston",35.59095,-78.4622,25,30
2025-08-23,2025,8,"Bryson City","Swain",35.434767,-83.442133,30,22
2025-08-23,2025,8,"Castle Hayne","New Hanover",34.364167,-77.838611,18.5,32
2025-08-23,2025,8,"Clemmons Middle","Forsyth",36.026612,-80.341962,33,31
2025-08-23,2025,8,"Durham Armory","Durham",36.0329550008979,-78.904037,26,40
2025-08-23,2025,8,"Frying Pan Mountain","Haywood",35.379167,-82.7925,12,34
2025-08-23,2025,8,"Garinger High School","Mecklenburg",35.2401000008895,-80.785683,34.5,31
2025-08-23,2025,8,"Hattie Avenue","Forsyth",36.11094,-80.224501,36,35
2025-08-23,2025,8,"Leggett","Edgecombe",35.988278,-77.5843,29,32
2025-08-23,2025,8,"Linville Falls","Avery",35.972347,-81.933072,28,30
2025-08-23,2025,8,"Mendenhall School","Guilford",36.1090060008986,-79.802314,32,32
2025-08-23,2025,8,"Millbrook School","Wake",35.856111,-78.574167,38.5,34
2025-08-23,2025,8,"Pitt Agri. Center","Pitt",35.6412760008938,-77.360126,29,31
2025-08-23,2025,8,"West Johnston Co.","Johnston",35.59095,-78.4622,38,33
2025-08-24,2025,8,"Bryson City","Swain",35.434767,-83.442133,31,29
2025-08-24,2025,8,"Castle Hayne","New Hanover",34.364167,-77.838611,20,24
2025-08-24,2025,8,"Clemmons Middle","Forsyth",36.026612,-80.341962,33,34
2025-08-24,2025,8,"Durham Armory","Durham",36.0329550008979,-78.904037,21.5,35
2025-08-24,2025,8,"Frying Pan Mountain","Haywood",35.379167,-82.7925,NA,31
2025-08-24,2025,8,"Garinger High School","Mecklenburg",35.2401000008895,-80.785683,36,46
2025-08-24,2025,8,"Hattie Avenue","Forsyth",36.11094,-80.224501,39,39
2025-08-24,2025,8,"Leggett","Edgecombe",35.988278,-77.5843,32,27
2025-08-24,2025,8,"Linville Falls","Avery",35.972347,-81.933072,NA,30
2025-08-24,2025,8,"Mendenhall School","Guilford",36.1090060008986,-79.802314,44,40
2025-08-24,2025,8,"Millbrook School","Wake",35.856111,-78.574167,41,28
2025-08-24,2025,8,"Pitt Agri. Center","Pitt",35.6412760008938,-77.360126,27,27
2025-08-24,2025,8,"West Johnston Co.","Johnston",35.59095,-78.4622,38,26
2025-08-25,2025,8,"Bryson City","Swain",35.434767,-83.442133,18,31
2025-08-25,2025,8,"Castle Hayne","New Hanover",34.364167,-77.838611,28.5,31
2025-08-25,2025,8,"Clemmons Middle","Forsyth",36.026612,-80.341962,27,35
2025-08-25,2025,8,"Durham Armory","Durham",36.0329550008979,-78.904037,27.5,39
2025-08-25,2025,8,"Frying Pan Mountain","Haywood",35.379167,-82.7925,NA,31
2025-08-25,2025,8,"Garinger High School","Mecklenburg",35.2401000008895,-80.785683,32,45
2025-08-25,2025,8,"Hattie Avenue","Forsyth",36.11094,-80.224501,30,37
2025-08-25,2025,8,"Leggett","Edgecombe",35.988278,-77.5843,34,33
2025-08-25,2025,8,"Linville Falls","Avery",35.972347,-81.933072,NA,34
2025-08-25,2025,8,"Mendenhall School","Guilford",36.1090060008986,-79.802314,24,37
2025-08-25,2025,8,"Millbrook School","Wake",35.856111,-78.574167,43,38
2025-08-25,2025,8,"Pitt Agri. Center","Pitt",35.6412760008938,-77.360126,41,36
2025-08-25,2025,8,"West Johnston Co.","Johnston",35.59095,-78.4622,41,43
2025-08-26,2025,8,"Bryson City","Swain",35.434767,-83.442133,22,32
2025-08-26,2025,8,"Castle Hayne","New Hanover",34.364167,-77.838611,38,35
2025-08-26,2025,8,"Clemmons Middle","Forsyth",36.026612,-80.341962,23,37
2025-08-26,2025,8,"Durham Armory","Durham",36.0329550008979,-78.904037,26,38
2025-08-26,2025,8,"Frying Pan Mountain","Haywood",35.379167,-82.7925,17,34
2025-08-26,2025,8,"Garinger High School","Mecklenburg",35.2401000008895,-80.785683,34,41
2025-08-26,2025,8,"Hattie Avenue","Forsyth",36.11094,-80.224501,29,39
2025-08-26,2025,8,"Leggett","Edgecombe",35.988278,-77.5843,31,32
2025-08-26,2025,8,"Linville Falls","Avery",35.972347,-81.933072,24,37
2025-08-26,2025,8,"Mendenhall School","Guilford",36.1090060008986,-79.802314,23,36
2025-08-26,2025,8,"Millbrook School","Wake",35.856111,-78.574167,31.5,36
2025-08-26,2025,8,"Pitt Agri. Center","Pitt",35.6412760008938,-77.360126,32,33
2025-08-26,2025,8,"West Johnston Co.","Johnston",35.59095,-78.4622,31,33
2025-08-27,2025,8,"Bryson City","Swain",35.434767,-83.442133,20,33
2025-08-27,2025,8,"Castle Hayne","New Hanover",34.364167,-77.838611,33,38
2025-08-27,2025,8,"Clemmons Middle","Forsyth",36.026612,-80.341962,24,40
2025-08-27,2025,8,"Durham Armory","Durham",36.0329550008979,-78.904037,27.5,42
2025-08-27,2025,8,"Frying Pan Mountain","Haywood",35.379167,-82.7925,NA,34
2025-08-27,2025,8,"Garinger High School","Mecklenburg",35.2401000008895,-80.785683,29,45
2025-08-27,2025,8,"Hattie Avenue","Forsyth",36.11094,-80.224501,29,43
2025-08-27,2025,8,"Leggett","Edgecombe",35.988278,-77.5843,38,39
2025-08-27,2025,8,"Linville Falls","Avery",35.972347,-81.933072,NA,37
2025-08-27,2025,8,"Mendenhall School","Guilford",36.1090060008986,-79.802314,24,36
2025-08-27,2025,8,"Millbrook School","Wake",35.856111,-78.574167,26,39
2025-08-27,2025,8,"Pitt Agri. Center","Pitt",35.6412760008938,-77.360126,33,39
2025-08-27,2025,8,"West Johnston Co.","Johnston",35.59095,-78.4622,39,40
2025-08-28,2025,8,"Bryson City","Swain",35.434767,-83.442133,23,33
2025-08-28,2025,8,"Castle Hayne","New Hanover",34.364167,-77.838611,33,40
2025-08-28,2025,8,"Clemmons Middle","Forsyth",36.026612,-80.341962,43,47
2025-08-28,2025,8,"Durham Armory","Durham",36.0329550008979,-78.904037,34.5,48
2025-08-28,2025,8,"Frying Pan Mountain","Haywood",35.379167,-82.7925,NA,45
2025-08-28,2025,8,"Garinger High School","Mecklenburg",35.2401000008895,-80.785683,46,45
2025-08-28,2025,8,"Hattie Avenue","Forsyth",36.11094,-80.224501,42,54
2025-08-28,2025,8,"Leggett","Edgecombe",35.988278,-77.5843,34,42
2025-08-28,2025,8,"Linville Falls","Avery",35.972347,-81.933072,NA,41
2025-08-28,2025,8,"Mendenhall School","Guilford",36.1090060008986,-79.802314,39,45
2025-08-28,2025,8,"Millbrook School","Wake",35.856111,-78.574167,42,44
2025-08-28,2025,8,"Pitt Agri. Center","Pitt",35.6412760008938,-77.360126,39,40
2025-08-28,2025,8,"West Johnston Co.","Johnston",35.59095,-78.4622,36,42
2025-08-29,2025,8,"Bryson City","Swain",35.434767,-83.442133,32,35
2025-08-29,2025,8,"Castle Hayne","New Hanover",34.364167,-77.838611,42,45
2025-08-29,2025,8,"Clemmons Middle","Forsyth",36.026612,-80.341962,38.5,42
2025-08-29,2025,8,"Durham Armory","Durham",36.0329550008979,-78.904037,36,44
2025-08-29,2025,8,"Frying Pan Mountain","Haywood",35.379167,-82.7925,21,44
2025-08-29,2025,8,"Garinger High School","Mecklenburg",35.2401000008895,-80.785683,48.5,49
2025-08-29,2025,8,"Hattie Avenue","Forsyth",36.11094,-80.224501,45,44
2025-08-29,2025,8,"Leggett","Edgecombe",35.988278,-77.5843,41,41
2025-08-29,2025,8,"Linville Falls","Avery",35.972347,-81.933072,23,39
2025-08-29,2025,8,"Mendenhall School","Guilford",36.1090060008986,-79.802314,38,44
2025-08-29,2025,8,"Millbrook School","Wake",35.856111,-78.574167,44,43
2025-08-29,2025,8,"Pitt Agri. Center","Pitt",35.6412760008938,-77.360126,41,43
2025-08-29,2025,8,"West Johnston Co.","Johnston",35.59095,-78.4622,48,46
2025-08-30,2025,8,"Bryson City","Swain",35.434767,-83.442133,41,33
2025-08-30,2025,8,"Castle Hayne","New Hanover",34.364167,-77.838611,41.5,37
2025-08-30,2025,8,"Clemmons Middle","Forsyth",36.026612,-80.341962,36,44
2025-08-30,2025,8,"Durham Armory","Durham",36.0329550008979,-78.904037,33,42
2025-08-30,2025,8,"Frying Pan Mountain","Haywood",35.379167,-82.7925,NA,41
2025-08-30,2025,8,"Garinger High School","Mecklenburg",35.2401000008895,-80.785683,52,44
2025-08-30,2025,8,"Hattie Avenue","Forsyth",36.11094,-80.224501,39,43
2025-08-30,2025,8,"Leggett","Edgecombe",35.988278,-77.5843,31,38
2025-08-30,2025,8,"Linville Falls","Avery",35.972347,-81.933072,NA,32
2025-08-30,2025,8,"Mendenhall School","Guilford",36.1090060008986,-79.802314,36,39
2025-08-30,2025,8,"Millbrook School","Wake",35.856111,-78.574167,43,39
2025-08-30,2025,8,"Pitt Agri. Center","Pitt",35.6412760008938,-77.360126,43,38
2025-08-30,2025,8,"West Johnston Co.","Johnston",35.59095,-78.4622,45,42
2025-08-31,2025,8,"Bryson City","Swain",35.434767,-83.442133,36,32
2025-08-31,2025,8,"Castle Hayne","New Hanover",34.364167,-77.838611,23.5,37
2025-08-31,2025,8,"Clemmons Middle","Forsyth",36.026612,-80.341962,34,41
2025-08-31,2025,8,"Durham Armory","Durham",36.0329550008979,-78.904037,26.5,40
2025-08-31,2025,8,"Frying Pan Mountain","Haywood",35.379167,-82.7925,NA,31
2025-08-31,2025,8,"Garinger High School","Mecklenburg",35.2401000008895,-80.785683,40,37
2025-08-31,2025,8,"Hattie Avenue","Forsyth",36.11094,-80.224501,34,43
2025-08-31,2025,8,"Leggett","Edgecombe",35.988278,-77.5843,27,40
2025-08-31,2025,8,"Linville Falls","Avery",35.972347,-81.933072,NA,31
2025-08-31,2025,8,"Mendenhall School","Guilford",36.1090060008986,-79.802314,27,36
2025-08-31,2025,8,"Millbrook School","Wake",35.856111,-78.574167,28,38
2025-08-31,2025,8,"Pitt Agri. Center","Pitt",35.6412760008938,-77.360126,16,42
2025-08-31,2025,8,"West Johnston Co.","Johnston",35.59095,-78.4622,23,38
2025-09-01,2025,9,"Bryson City","Swain",35.434767,-83.442133,38,31
2025-09-01,2025,9,"Castle Hayne","New Hanover",34.364167,-77.838611,19.5,31
2025-09-01,2025,9,"Clemmons Middle","Forsyth",36.026612,-80.341962,26.5,40
2025-09-01,2025,9,"Durham Armory","Durham",36.0329550008979,-78.904037,23,37
2025-09-01,2025,9,"Frying Pan Mountain","Haywood",35.379167,-82.7925,22,39
2025-09-01,2025,9,"Garinger High School","Mecklenburg",35.2401000008895,-80.785683,30.5,39
2025-09-01,2025,9,"Hattie Avenue","Forsyth",36.11094,-80.224501,25.5,40
2025-09-01,2025,9,"Leggett","Edgecombe",35.988278,-77.5843,21,34
2025-09-01,2025,9,"Linville Falls","Avery",35.972347,-81.933072,21,36
2025-09-01,2025,9,"Mendenhall School","Guilford",36.1090060008986,-79.802314,22,34
2025-09-01,2025,9,"Millbrook School","Wake",35.856111,-78.574167,23.5,31
2025-09-01,2025,9,"Pitt Agri. Center","Pitt",35.6412760008938,-77.360126,18,32
2025-09-01,2025,9,"West Johnston Co.","Johnston",35.59095,-78.4622,31,33
2025-09-02,2025,9,"Bryson City","Swain",35.434767,-83.442133,31,29
2025-09-02,2025,9,"Castle Hayne","New Hanover",34.364167,-77.838611,20,30
2025-09-02,2025,9,"Clemmons Middle","Forsyth",36.026612,-80.341962,24,44
2025-09-02,2025,9,"Durham Armory","Durham",36.0329550008979,-78.904037,25.5,39
2025-09-02,2025,9,"Frying Pan Mountain","Haywood",35.379167,-82.7925,NA,35
2025-09-02,2025,9,"Garinger High School","Mecklenburg",35.2401000008895,-80.785683,34,43
2025-09-02,2025,9,"Hattie Avenue","Forsyth",36.11094,-80.224501,23,44
2025-09-02,2025,9,"Leggett","Edgecombe",35.988278,-77.5843,21,31
2025-09-02,2025,9,"Linville Falls","Avery",35.972347,-81.933072,NA,31
2025-09-02,2025,9,"Mendenhall School","Guilford",36.1090060008986,-79.802314,22,36
2025-09-02,2025,9,"Millbrook School","Wake",35.856111,-78.574167,23,35
2025-09-02,2025,9,"Pitt Agri. Center","Pitt",35.6412760008938,-77.360126,14,31
2025-09-02,2025,9,"West Johnston Co.","Johnston",35.59095,-78.4622,21,35
2025-09-03,2025,9,"Bryson City","Swain",35.434767,-83.442133,30,30
2025-09-03,2025,9,"Castle Hayne","New Hanover",34.364167,-77.838611,27.5,39
2025-09-03,2025,9,"Clemmons Middle","Forsyth",36.026612,-80.341962,35,45
2025-09-03,2025,9,"Durham Armory","Durham",36.0329550008979,-78.904037,30.5,47
2025-09-03,2025,9,"Frying Pan Mountain","Haywood",35.379167,-82.7925,NA,36
2025-09-03,2025,9,"Garinger High School","Mecklenburg",35.2401000008895,-80.785683,50,47
2025-09-03,2025,9,"Hattie Avenue","Forsyth",36.11094,-80.224501,37,45
2025-09-03,2025,9,"Leggett","Edgecombe",35.988278,-77.5843,29,42
2025-09-03,2025,9,"Linville Falls","Avery",35.972347,-81.933072,NA,29
2025-09-03,2025,9,"Mendenhall School","Guilford",36.1090060008986,-79.802314,33,46
2025-09-03,2025,9,"Millbrook School","Wake",35.856111,-78.574167,34,44
2025-09-03,2025,9,"Pitt Agri. Center","Pitt",35.6412760008938,-77.360126,23,39
2025-09-03,2025,9,"West Johnston Co.","Johnston",35.59095,-78.4622,38,42
2025-09-04,2025,9,"Bryson City","Swain",35.434767,-83.442133,30,29
2025-09-04,2025,9,"Castle Hayne","New Hanover",34.364167,-77.838611,28.5,44
2025-09-04,2025,9,"Clemmons Middle","Forsyth",36.026612,-80.341962,45.5,38
2025-09-04,2025,9,"Durham Armory","Durham",36.0329550008979,-78.904037,42,45
2025-09-04,2025,9,"Frying Pan Mountain","Haywood",35.379167,-82.7925,31,36
2025-09-04,2025,9,"Garinger High School","Mecklenburg",35.2401000008895,-80.785683,50,38
2025-09-04,2025,9,"Hattie Avenue","Forsyth",36.11094,-80.224501,51,41
2025-09-04,2025,9,"Leggett","Edgecombe",35.988278,-77.5843,50,44
2025-09-04,2025,9,"Linville Falls","Avery",35.972347,-81.933072,26,27
2025-09-04,2025,9,"Mendenhall School","Guilford",36.1090060008986,-79.802314,52,43
2025-09-04,2025,9,"Millbrook School","Wake",35.856111,-78.574167,50,44
2025-09-04,2025,9,"Pitt Agri. Center","Pitt",35.6412760008938,-77.360126,31,42
2025-09-04,2025,9,"West Johnston Co.","Johnston",35.59095,-78.4622,52,47
2025-09-05,2025,9,"Bryson City","Swain",35.434767,-83.442133,50,27
2025-09-05,2025,9,"Castle Hayne","New Hanover",34.364167,-77.838611,20,38
2025-09-05,2025,9,"Clemmons Middle","Forsyth",36.026612,-80.341962,51,41
2025-09-05,2025,9,"Durham Armory","Durham",36.0329550008979,-78.904037,47,44
2025-09-05,2025,9,"Frying Pan Mountain","Haywood",35.379167,-82.7925,NA,41
2025-09-05,2025,9,"Garinger High School","Mecklenburg",35.2401000008895,-80.785683,54,42
2025-09-05,2025,9,"Hattie Avenue","Forsyth",36.11094,-80.224501,55,46
2025-09-05,2025,9,"Leggett","Edgecombe",35.988278,-77.5843,50,44
2025-09-05,2025,9,"Linville Falls","Avery",35.972347,-81.933072,NA,31
2025-09-05,2025,9,"Mendenhall School","Guilford",36.1090060008986,-79.802314,54,47
2025-09-05,2025,9,"Millbrook School","Wake",35.856111,-78.574167,54,43
2025-09-05,2025,9,"Pitt Agri. Center","Pitt",35.6412760008938,-77.360126,39,42
2025-09-05,2025,9,"West Johnston Co.","Johnston",35.59095,-78.4622,52,43
2025-09-06,2025,9,"Bryson City","Swain",35.434767,-83.442133,27,28
2025-09-06,2025,9,"Castle Hayne","New Hanover",34.364167,-77.838611,10.5,31
2025-09-06,2025,9,"Clemmons Middle","Forsyth",36.026612,-80.341962,59,34
2025-09-06,2025,9,"Durham Armory","Durham",36.0329550008979,-78.904037,47,39
2025-09-06,2025,9,"Frying Pan Mountain","Haywood",35.379167,-82.7925,NA,44
2025-09-06,2025,9,"Garinger High School","Mecklenburg",35.2401000008895,-80.785683,54,36
2025-09-06,2025,9,"Hattie Avenue","Forsyth",36.11094,-80.224501,61,36
2025-09-06,2025,9,"Leggett","Edgecombe",35.988278,-77.5843,53,41
2025-09-06,2025,9,"Linville Falls","Avery",35.972347,-81.933072,NA,34
2025-09-06,2025,9,"Mendenhall School","Guilford",36.1090060008986,-79.802314,56,37
2025-09-06,2025,9,"Millbrook School","Wake",35.856111,-78.574167,55,41
2025-09-06,2025,9,"Pitt Agri. Center","Pitt",35.6412760008938,-77.360126,35,36
2025-09-06,2025,9,"West Johnston Co.","Johnston",35.59095,-78.4622,51,40
2025-09-07,2025,9,"Bryson City","Swain",35.434767,-83.442133,18,29
2025-09-07,2025,9,"Castle Hayne","New Hanover",34.364167,-77.838611,30,27
2025-09-07,2025,9,"Clemmons Middle","Forsyth",36.026612,-80.341962,39,25
2025-09-07,2025,9,"Durham Armory","Durham",36.0329550008979,-78.904037,33.5,25
2025-09-07,2025,9,"Frying Pan Mountain","Haywood",35.379167,-82.7925,14,33
2025-09-07,2025,9,"Garinger High School","Mecklenburg",35.2401000008895,-80.785683,36,27
2025-09-07,2025,9,"Hattie Avenue","Forsyth",36.11094,-80.224501,39.5,27
2025-09-07,2025,9,"Leggett","Edgecombe",35.988278,-77.5843,52,26
2025-09-07,2025,9,"Linville Falls","Avery",35.972347,-81.933072,19,30
2025-09-07,2025,9,"Mendenhall School","Guilford",36.1090060008986,-79.802314,24,21
2025-09-07,2025,9,"Millbrook School","Wake",35.856111,-78.574167,42.5,22
2025-09-07,2025,9,"Pitt Agri. Center","Pitt",35.6412760008938,-77.360126,46,24
2025-09-07,2025,9,"West Johnston Co.","Johnston",35.59095,-78.4622,42,21
2025-09-08,2025,9,"Bryson City","Swain",35.434767,-83.442133,21,31
2025-09-08,2025,9,"Castle Hayne","New Hanover",34.364167,-77.838611,32,33
2025-09-08,2025,9,"Clemmons Middle","Forsyth",36.026612,-80.341962,26,40
2025-09-08,2025,9,"Durham Armory","Durham",36.0329550008979,-78.904037,23.5,40
2025-09-08,2025,9,"Frying Pan Mountain","Haywood",35.379167,-82.7925,NA,38
2025-09-08,2025,9,"Garinger High School","Mecklenburg",35.2401000008895,-80.785683,28,40
2025-09-08,2025,9,"Hattie Avenue","Forsyth",36.11094,-80.224501,24,41
2025-09-08,2025,9,"Leggett","Edgecombe",35.988278,-77.5843,28,40
2025-09-08,2025,9,"Linville Falls","Avery",35.972347,-81.933072,NA,34
2025-09-08,2025,9,"Mendenhall School","Guilford",36.1090060008986,-79.802314,22,35
2025-09-08,2025,9,"Millbrook School","Wake",35.856111,-78.574167,27,38
2025-09-08,2025,9,"Pitt Agri. Center","Pitt",35.6412760008938,-77.360126,37,41
2025-09-08,2025,9,"West Johnston Co.","Johnston",35.59095,-78.4622,24,38
2025-09-09,2025,9,"Bryson City","Swain",35.434767,-83.442133,28,32
2025-09-09,2025,9,"Castle Hayne","New Hanover",34.364167,-77.838611,27,28
2025-09-09,2025,9,"Clemmons Middle","Forsyth",36.026612,-80.341962,23,45
2025-09-09,2025,9,"Durham Armory","Durham",36.0329550008979,-78.904037,25.5,37
2025-09-09,2025,9,"Frying Pan Mountain","Haywood",35.379167,-82.7925,NA,39
2025-09-09,2025,9,"Garinger High School","Mecklenburg",35.2401000008895,-80.785683,29,48
2025-09-09,2025,9,"Hattie Avenue","Forsyth",36.11094,-80.224501,22,46
2025-09-09,2025,9,"Leggett","Edgecombe",35.988278,-77.5843,31,29
2025-09-09,2025,9,"Linville Falls","Avery",35.972347,-81.933072,NA,34
2025-09-09,2025,9,"Mendenhall School","Guilford",36.1090060008986,-79.802314,24,39
2025-09-09,2025,9,"Millbrook School","Wake",35.856111,-78.574167,33,32
2025-09-09,2025,9,"Pitt Agri. Center","Pitt",35.6412760008938,-77.360126,25,30
2025-09-09,2025,9,"West Johnston Co.","Johnston",35.59095,-78.4622,29,31
2025-09-10,2025,9,"Bryson City","Swain",35.434767,-83.442133,28,36
2025-09-10,2025,9,"Castle Hayne","New Hanover",34.364167,-77.838611,16,19
2025-09-10,2025,9,"Clemmons Middle","Forsyth",36.026612,-80.341962,35,40
2025-09-10,2025,9,"Durham Armory","Durham",36.0329550008979,-78.904037,24,29
2025-09-10,2025,9,"Frying Pan Mountain","Haywood",35.379167,-82.7925,22,42
2025-09-10,2025,9,"Garinger High School","Mecklenburg",35.2401000008895,-80.785683,35.5,43
2025-09-10,2025,9,"Hattie Avenue","Forsyth",36.11094,-80.224501,27,41
2025-09-10,2025,9,"Leggett","Edgecombe",35.988278,-77.5843,20,20
2025-09-10,2025,9,"Linville Falls","Avery",35.972347,-81.933072,19,39
2025-09-10,2025,9,"Mendenhall School","Guilford",36.1090060008986,-79.802314,28,38
2025-09-10,2025,9,"Millbrook School","Wake",35.856111,-78.574167,18.5,20
2025-09-10,2025,9,"Pitt Agri. Center","Pitt",35.6412760008938,-77.360126,18,18
2025-09-10,2025,9,"West Johnston Co.","Johnston",35.59095,-78.4622,14,20
2025-09-11,2025,9,"Bryson City","Swain",35.434767,-83.442133,34,35
2025-09-11,2025,9,"Castle Hayne","New Hanover",34.364167,-77.838611,21,17
2025-09-11,2025,9,"Clemmons Middle","Forsyth",36.026612,-80.341962,29,44
2025-09-11,2025,9,"Durham Armory","Durham",36.0329550008979,-78.904037,26,34
2025-09-11,2025,9,"Frying Pan Mountain","Haywood",35.379167,-82.7925,NA,47
2025-09-11,2025,9,"Garinger High School","Mecklenburg",35.2401000008895,-80.785683,40,47
2025-09-11,2025,9,"Hattie Avenue","Forsyth",36.11094,-80.224501,31,46
2025-09-11,2025,9,"Leggett","Edgecombe",35.988278,-77.5843,28,21
2025-09-11,2025,9,"Linville Falls","Avery",35.972347,-81.933072,NA,43
2025-09-11,2025,9,"Mendenhall School","Guilford",36.1090060008986,-79.802314,26,35
2025-09-11,2025,9,"Millbrook School","Wake",35.856111,-78.574167,31,28
2025-09-11,2025,9,"Pitt Agri. Center","Pitt",35.6412760008938,-77.360126,17,20
2025-09-11,2025,9,"West Johnston Co.","Johnston",35.59095,-78.4622,25,24
2025-09-12,2025,9,"Bryson City","Swain",35.434767,-83.442133,39,35
2025-09-12,2025,9,"Castle Hayne","New Hanover",34.364167,-77.838611,35,43
2025-09-12,2025,9,"Clemmons Middle","Forsyth",36.026612,-80.341962,34,49
2025-09-12,2025,9,"Durham Armory","Durham",36.0329550008979,-78.904037,50,47
2025-09-12,2025,9,"Frying Pan Mountain","Haywood",35.379167,-82.7925,NA,49
2025-09-12,2025,9,"Garinger High School","Mecklenburg",35.2401000008895,-80.785683,50,48
2025-09-12,2025,9,"Hattie Avenue","Forsyth",36.11094,-80.224501,39,50
2025-09-12,2025,9,"Leggett","Edgecombe",35.988278,-77.5843,37,46
2025-09-12,2025,9,"Linville Falls","Avery",35.972347,-81.933072,NA,40
2025-09-12,2025,9,"Mendenhall School","Guilford",36.1090060008986,-79.802314,39,42
2025-09-12,2025,9,"Millbrook School","Wake",35.856111,-78.574167,33,44
2025-09-12,2025,9,"Pitt Agri. Center","Pitt",35.6412760008938,-77.360126,32,44
2025-09-12,2025,9,"West Johnston Co.","Johnston",35.59095,-78.4622,33,41
2025-09-13,2025,9,"Bryson City","Swain",35.434767,-83.442133,34,37
2025-09-13,2025,9,"Castle Hayne","New Hanover",34.364167,-77.838611,36,31
2025-09-13,2025,9,"Clemmons Middle","Forsyth",36.026612,-80.341962,37,45
2025-09-13,2025,9,"Durham Armory","Durham",36.0329550008979,-78.904037,42,44
2025-09-13,2025,9,"Frying Pan Mountain","Haywood",35.379167,-82.7925,30,48
2025-09-13,2025,9,"Garinger High School","Mecklenburg",35.2401000008895,-80.785683,52.5,44
2025-09-13,2025,9,"Hattie Avenue","Forsyth",36.11094,-80.224501,43,46
2025-09-13,2025,9,"Leggett","Edgecombe",35.988278,-77.5843,32,43
2025-09-13,2025,9,"Linville Falls","Avery",35.972347,-81.933072,31,41
2025-09-13,2025,9,"Mendenhall School","Guilford",36.1090060008986,-79.802314,42,43
2025-09-13,2025,9,"Millbrook School","Wake",35.856111,-78.574167,39,42
2025-09-13,2025,9,"Pitt Agri. Center","Pitt",35.6412760008938,-77.360126,31,39
2025-09-13,2025,9,"West Johnston Co.","Johnston",35.59095,-78.4622,42,42
2025-09-14,2025,9,"Bryson City","Swain",35.434767,-83.442133,42,31
2025-09-14,2025,9,"Castle Hayne","New Hanover",34.364167,-77.838611,34,36
2025-09-14,2025,9,"Clemmons Middle","Forsyth",36.026612,-80.341962,47,49
2025-09-14,2025,9,"Durham Armory","Durham",36.0329550008979,-78.904037,51,43
2025-09-14,2025,9,"Frying Pan Mountain","Haywood",35.379167,-82.7925,NA,47
2025-09-14,2025,9,"Garinger High School","Mecklenburg",35.2401000008895,-80.785683,53,48
2025-09-14,2025,9,"Hattie Avenue","Forsyth",36.11094,-80.224501,51,61
2025-09-14,2025,9,"Leggett","Edgecombe",35.988278,-77.5843,48,42
2025-09-14,2025,9,"Linville Falls","Avery",35.972347,-81.933072,NA,41
2025-09-14,2025,9,"Mendenhall School","Guilford",36.1090060008986,-79.802314,46,44
2025-09-14,2025,9,"Millbrook School","Wake",35.856111,-78.574167,49,39
2025-09-14,2025,9,"Pitt Agri. Center","Pitt",35.6412760008938,-77.360126,39,41
2025-09-14,2025,9,"West Johnston Co.","Johnston",35.59095,-78.4622,49,41
2025-09-15,2025,9,"Bryson City","Swain",35.434767,-83.442133,40,36
2025-09-15,2025,9,"Castle Hayne","New Hanover",34.364167,-77.838611,45,36
2025-09-15,2025,9,"Clemmons Middle","Forsyth",36.026612,-80.341962,51,44
2025-09-15,2025,9,"Durham Armory","Durham",36.0329550008979,-78.904037,52,44
2025-09-15,2025,9,"Frying Pan Mountain","Haywood",35.379167,-82.7925,NA,45
2025-09-15,2025,9,"Garinger High School","Mecklenburg",35.2401000008895,-80.785683,52,48
2025-09-15,2025,9,"Hattie Avenue","Forsyth",36.11094,-80.224501,54,46
2025-09-15,2025,9,"Leggett","Edgecombe",35.988278,-77.5843,44,40
2025-09-15,2025,9,"Linville Falls","Avery",35.972347,-81.933072,NA,40
2025-09-15,2025,9,"Mendenhall School","Guilford",36.1090060008986,-79.802314,47,37
2025-09-15,2025,9,"Millbrook School","Wake",35.856111,-78.574167,51,42
2025-09-15,2025,9,"Pitt Agri. Center","Pitt",35.6412760008938,-77.360126,31,37
2025-09-15,2025,9,"West Johnston Co.","Johnston",35.59095,-78.4622,43,41
2025-09-16,2025,9,"Bryson City","Swain",35.434767,-83.442133,48,41
2025-09-16,2025,9,"Castle Hayne","New Hanover",34.364167,-77.838611,41,31
2025-09-16,2025,9,"Clemmons Middle","Forsyth",36.026612,-80.341962,39,41
2025-09-16,2025,9,"Durham Armory","Durham",36.0329550008979,-78.904037,40,40
2025-09-16,2025,9,"Frying Pan Mountain","Haywood",35.379167,-82.7925,38,44
2025-09-16,2025,9,"Garinger High School","Mecklenburg",35.2401000008895,-80.785683,40,45
2025-09-16,2025,9,"Hattie Avenue","Forsyth",36.11094,-80.224501,41,43
2025-09-16,2025,9,"Leggett","Edgecombe",35.988278,-77.5843,40,31
2025-09-16,2025,9,"Linville Falls","Avery",35.972347,-81.933072,36,31
2025-09-16,2025,9,"Mendenhall School","Guilford",36.1090060008986,-79.802314,33,38
2025-09-16,2025,9,"Millbrook School","Wake",35.856111,-78.574167,36.5,35
2025-09-16,2025,9,"Pitt Agri. Center","Pitt",35.6412760008938,-77.360126,18,29
2025-09-16,2025,9,"West Johnston Co.","Johnston",35.59095,-78.4622,29,37
2025-09-17,2025,9,"Bryson City","Swain",35.434767,-83.442133,39,40
2025-09-17,2025,9,"Castle Hayne","New Hanover",34.364167,-77.838611,40,39
2025-09-17,2025,9,"Clemmons Middle","Forsyth",36.026612,-80.341962,39,39
2025-09-17,2025,9,"Durham Armory","Durham",36.0329550008979,-78.904037,29,30
2025-09-17,2025,9,"Frying Pan Mountain","Haywood",35.379167,-82.7925,NA,44
2025-09-17,2025,9,"Garinger High School","Mecklenburg",35.2401000008895,-80.785683,47,46
2025-09-17,2025,9,"Hattie Avenue","Forsyth",36.11094,-80.224501,41,42
2025-09-17,2025,9,"Leggett","Edgecombe",35.988278,-77.5843,17,25
2025-09-17,2025,9,"Linville Falls","Avery",35.972347,-81.933072,NA,38
2025-09-17,2025,9,"Mendenhall School","Guilford",36.1090060008986,-79.802314,33,32
2025-09-17,2025,9,"Millbrook School","Wake",35.856111,-78.574167,25,27
2025-09-17,2025,9,"Pitt Agri. Center","Pitt",35.6412760008938,-77.360126,17,27
2025-09-17,2025,9,"West Johnston Co.","Johnston",35.59095,-78.4622,28,35
2025-09-18,2025,9,"Bryson City","Swain",35.434767,-83.442133,38,38
2025-09-18,2025,9,"Castle Hayne","New Hanover",34.364167,-77.838611,21,33
2025-09-18,2025,9,"Clemmons Middle","Forsyth",36.026612,-80.341962,27,41
2025-09-18,2025,9,"Durham Armory","Durham",36.0329550008979,-78.904037,26,35
2025-09-18,2025,9,"Frying Pan Mountain","Haywood",35.379167,-82.7925,NA,44
2025-09-18,2025,9,"Garinger High School","Mecklenburg",35.2401000008895,-80.785683,52,64
2025-09-18,2025,9,"Hattie Avenue","Forsyth",36.11094,-80.224501,30,45
2025-09-18,2025,9,"Leggett","Edgecombe",35.988278,-77.5843,NA,26
2025-09-18,2025,9,"Linville Falls","Avery",35.972347,-81.933072,NA,37
2025-09-18,2025,9,"Mendenhall School","Guilford",36.1090060008986,-79.802314,16,41
2025-09-18,2025,9,"Millbrook School","Wake",35.856111,-78.574167,22,33
2025-09-18,2025,9,"Pitt Agri. Center","Pitt",35.6412760008938,-77.360126,19,25
2025-09-18,2025,9,"West Johnston Co.","Johnston",35.59095,-78.4622,23,41
2025-09-19,2025,9,"Bryson City","Swain",35.434767,-83.442133,32,36
2025-09-19,2025,9,"Castle Hayne","New Hanover",34.364167,-77.838611,37.5,42
2025-09-19,2025,9,"Clemmons Middle","Forsyth",36.026612,-80.341962,47,77
2025-09-19,2025,9,"Durham Armory","Durham",36.0329550008979,-78.904037,51,67
2025-09-19,2025,9,"Frying Pan Mountain","Haywood",35.379167,-82.7925,32,51
2025-09-19,2025,9,"Garinger High School","Mecklenburg",35.2401000008895,-80.785683,57,67
2025-09-19,2025,9,"Hattie Avenue","Forsyth",36.11094,-80.224501,51.5,87
2025-09-19,2025,9,"Leggett","Edgecombe",35.988278,-77.5843,NA,47
2025-09-19,2025,9,"Linville Falls","Avery",35.972347,-81.933072,34,34
2025-09-19,2025,9,"Mendenhall School","Guilford",36.1090060008986,-79.802314,46,74
2025-09-19,2025,9,"Millbrook School","Wake",35.856111,-78.574167,48.5,67
2025-09-19,2025,9,"Pitt Agri. Center","Pitt",35.6412760008938,-77.360126,16,45
2025-09-19,2025,9,"West Johnston Co.","Johnston",35.59095,-78.4622,54,49
2025-09-20,2025,9,"Bryson City","Swain",35.434767,-83.442133,32,32
2025-09-20,2025,9,"Castle Hayne","New Hanover",34.364167,-77.838611,32.5,39
2025-09-20,2025,9,"Clemmons Middle","Forsyth",36.026612,-80.341962,55,61
2025-09-20,2025,9,"Durham Armory","Durham",36.0329550008979,-78.904037,57,50
2025-09-20,2025,9,"Frying Pan Mountain","Haywood",35.379167,-82.7925,NA,50
2025-09-20,2025,9,"Garinger High School","Mecklenburg",35.2401000008895,-80.785683,59,77
2025-09-20,2025,9,"Hattie Avenue","Forsyth",36.11094,-80.224501,55,61
2025-09-20,2025,9,"Leggett","Edgecombe",35.988278,-77.5843,NA,49
2025-09-20,2025,9,"Linville Falls","Avery",35.972347,-81.933072,NA,44
2025-09-20,2025,9,"Mendenhall School","Guilford",36.1090060008986,-79.802314,52,47
2025-09-20,2025,9,"Millbrook School","Wake",35.856111,-78.574167,54,47
2025-09-20,2025,9,"Pitt Agri. Center","Pitt",35.6412760008938,-77.360126,7,49
2025-09-20,2025,9,"West Johnston Co.","Johnston",35.59095,-78.4622,52,49
2025-09-21,2025,9,"Bryson City","Swain",35.434767,-83.442133,43,34
2025-09-21,2025,9,"Castle Hayne","New Hanover",34.364167,-77.838611,46.5,40
2025-09-21,2025,9,"Clemmons Middle","Forsyth",36.026612,-80.341962,55,47
2025-09-21,2025,9,"Durham Armory","Durham",36.0329550008979,-78.904037,56,47
2025-09-21,2025,9,"Frying Pan Mountain","Haywood",35.379167,-82.7925,NA,37
2025-09-21,2025,9,"Garinger High School","Mecklenburg",35.2401000008895,-80.785683,57,48
2025-09-21,2025,9,"Hattie Avenue","Forsyth",36.11094,-80.224501,57,49
2025-09-21,2025,9,"Leggett","Edgecombe",35.988278,-77.5843,3,40
2025-09-21,2025,9,"Linville Falls","Avery",35.972347,-81.933072,NA,43
2025-09-21,2025,9,"Mendenhall School","Guilford",36.1090060008986,-79.802314,53,41
2025-09-21,2025,9,"Millbrook School","Wake",35.856111,-78.574167,54,43
2025-09-21,2025,9,"Pitt Agri. Center","Pitt",35.6412760008938,-77.360126,6,37
2025-09-21,2025,9,"West Johnston Co.","Johnston",35.59095,-78.4622,54,43
2025-09-22,2025,9,"Bryson City","Swain",35.434767,-83.442133,52,34
2025-09-22,2025,9,"Castle Hayne","New Hanover",34.364167,-77.838611,32.5,23
2025-09-22,2025,9,"Clemmons Middle","Forsyth",36.026612,-80.341962,53.5,44
2025-09-22,2025,9,"Durham Armory","Durham",36.0329550008979,-78.904037,50,46
2025-09-22,2025,9,"Frying Pan Mountain","Haywood",35.379167,-82.7925,38,38
2025-09-22,2025,9,"Garinger High School","Mecklenburg",35.2401000008895,-80.785683,55,45
2025-09-22,2025,9,"Hattie Avenue","Forsyth",36.11094,-80.224501,55.5,49
2025-09-22,2025,9,"Leggett","Edgecombe",35.988278,-77.5843,NA,36
2025-09-22,2025,9,"Linville Falls","Avery",35.972347,-81.933072,47,43
2025-09-22,2025,9,"Mendenhall School","Guilford",36.1090060008986,-79.802314,48,45
2025-09-22,2025,9,"Millbrook School","Wake",35.856111,-78.574167,38,42
2025-09-22,2025,9,"Pitt Agri. Center","Pitt",35.6412760008938,-77.360126,6,35
2025-09-22,2025,9,"West Johnston Co.","Johnston",35.59095,-78.4622,34,41
2025-09-23,2025,9,"Bryson City","Swain",35.434767,-83.442133,52,31
2025-09-23,2025,9,"Castle Hayne","New Hanover",34.364167,-77.838611,17.5,29
2025-09-23,2025,9,"Clemmons Middle","Forsyth",36.026612,-80.341962,56,54
2025-09-23,2025,9,"Durham Armory","Durham",36.0329550008979,-78.904037,55,48
2025-09-23,2025,9,"Frying Pan Mountain","Haywood",35.379167,-82.7925,NA,36
2025-09-23,2025,9,"Garinger High School","Mecklenburg",35.2401000008895,-80.785683,55,49
2025-09-23,2025,9,"Hattie Avenue","Forsyth",36.11094,-80.224501,58,64
2025-09-23,2025,9,"Leggett","Edgecombe",35.988278,-77.5843,NA,41
2025-09-23,2025,9,"Linville Falls","Avery",35.972347,-81.933072,NA,33
2025-09-23,2025,9,"Mendenhall School","Guilford",36.1090060008986,-79.802314,52,51
2025-09-23,2025,9,"Millbrook School","Wake",35.856111,-78.574167,46,48
2025-09-23,2025,9,"Pitt Agri. Center","Pitt",35.6412760008938,-77.360126,8,35
2025-09-23,2025,9,"West Johnston Co.","Johnston",35.59095,-78.4622,43,45
2025-09-24,2025,9,"Bryson City","Swain",35.434767,-83.442133,51,22
2025-09-24,2025,9,"Castle Hayne","New Hanover",34.364167,-77.838611,10.5,26
2025-09-24,2025,9,"Clemmons Middle","Forsyth",36.026612,-80.341962,56,48
2025-09-24,2025,9,"Durham Armory","Durham",36.0329550008979,-78.904037,57,45
2025-09-24,2025,9,"Frying Pan Mountain","Haywood",35.379167,-82.7925,NA,37
2025-09-24,2025,9,"Garinger High School","Mecklenburg",35.2401000008895,-80.785683,56,42
2025-09-24,2025,9,"Hattie Avenue","Forsyth",36.11094,-80.224501,59,54
2025-09-24,2025,9,"Leggett","Edgecombe",35.988278,-77.5843,NA,41
2025-09-24,2025,9,"Linville Falls","Avery",35.972347,-81.933072,NA,31
2025-09-24,2025,9,"Mendenhall School","Guilford",36.1090060008986,-79.802314,54,58
2025-09-24,2025,9,"Millbrook School","Wake",35.856111,-78.574167,44,43
2025-09-24,2025,9,"Pitt Agri. Center","Pitt",35.6412760008938,-77.360126,19,32
2025-09-24,2025,9,"West Johnston Co.","Johnston",35.59095,-78.4622,43,44
2025-09-25,2025,9,"Bryson City","Swain",35.434767,-83.442133,14,25
2025-09-25,2025,9,"Castle Hayne","New Hanover",34.364167,-77.838611,16,31
2025-09-25,2025,9,"Clemmons Middle","Forsyth",36.026612,-80.341962,41,31
2025-09-25,2025,9,"Durham Armory","Durham",36.0329550008979,-78.904037,42,34
2025-09-25,2025,9,"Frying Pan Mountain","Haywood",35.379167,-82.7925,11,32
2025-09-25,2025,9,"Garinger High School","Mecklenburg",35.2401000008895,-80.785683,40.5,33
2025-09-25,2025,9,"Hattie Avenue","Forsyth",36.11094,-80.224501,43.5,32
2025-09-25,2025,9,"Leggett","Edgecombe",35.988278,-77.5843,NA,35
2025-09-25,2025,9,"Linville Falls","Avery",35.972347,-81.933072,19,27
2025-09-25,2025,9,"Mendenhall School","Guilford",36.1090060008986,-79.802314,52,33
2025-09-25,2025,9,"Millbrook School","Wake",35.856111,-78.574167,40,34
2025-09-25,2025,9,"Pitt Agri. Center","Pitt",35.6412760008938,-77.360126,36,32
2025-09-25,2025,9,"West Johnston Co.","Johnston",35.59095,-78.4622,50,NA
2025-09-26,2025,9,"Bryson City","Swain",35.434767,-83.442133,16,26
2025-09-26,2025,9,"Castle Hayne","New Hanover",34.364167,-77.838611,22.5,27
2025-09-26,2025,9,"Clemmons Middle","Forsyth",36.026612,-80.341962,31,34
2025-09-26,2025,9,"Durham Armory","Durham",36.0329550008979,-78.904037,28,34
2025-09-26,2025,9,"Frying Pan Mountain","Haywood",35.379167,-82.7925,NA,30
2025-09-26,2025,9,"Garinger High School","Mecklenburg",35.2401000008895,-80.785683,26,31
2025-09-26,2025,9,"Hattie Avenue","Forsyth",36.11094,-80.224501,26,37
2025-09-26,2025,9,"Leggett","Edgecombe",35.988278,-77.5843,22,41
2025-09-26,2025,9,"Linville Falls","Avery",35.972347,-81.933072,NA,29
2025-09-26,2025,9,"Mendenhall School","Guilford",36.1090060008986,-79.802314,27,28
2025-09-26,2025,9,"Millbrook School","Wake",35.856111,-78.574167,41,37
2025-09-26,2025,9,"Pitt Agri. Center","Pitt",35.6412760008938,-77.360126,35,35
2025-09-26,2025,9,"West Johnston Co.","Johnston",35.59095,-78.4622,51,31
2025-09-27,2025,9,"Bryson City","Swain",35.434767,-83.442133,13,27
2025-09-27,2025,9,"Castle Hayne","New Hanover",34.364167,-77.838611,22.5,14
2025-09-27,2025,9,"Clemmons Middle","Forsyth",36.026612,-80.341962,17,33
2025-09-27,2025,9,"Durham Armory","Durham",36.0329550008979,-78.904037,23,29
2025-09-27,2025,9,"Frying Pan Mountain","Haywood",35.379167,-82.7925,NA,35
2025-09-27,2025,9,"Garinger High School","Mecklenburg",35.2401000008895,-80.785683,28,34
2025-09-27,2025,9,"Hattie Avenue","Forsyth",36.11094,-80.224501,17,39
2025-09-27,2025,9,"Leggett","Edgecombe",35.988278,-77.5843,48,20
2025-09-27,2025,9,"Linville Falls","Avery",35.972347,-81.933072,NA,29
2025-09-27,2025,9,"Mendenhall School","Guilford",36.1090060008986,-79.802314,8,36
2025-09-27,2025,9,"Millbrook School","Wake",35.856111,-78.574167,27,30
2025-09-27,2025,9,"Pitt Agri. Center","Pitt",35.6412760008938,-77.360126,33,20
2025-09-27,2025,9,"West Johnston Co.","Johnston",35.59095,-78.4622,32,24
2025-09-28,2025,9,"Bryson City","Swain",35.434767,-83.442133,22,31
2025-09-28,2025,9,"Castle Hayne","New Hanover",34.364167,-77.838611,32.5,21
2025-09-28,2025,9,"Clemmons Middle","Forsyth",36.026612,-80.341962,26,40
2025-09-28,2025,9,"Durham Armory","Durham",36.0329550008979,-78.904037,29,37
2025-09-28,2025,9,"Frying Pan Mountain","Haywood",35.379167,-82.7925,14,38
2025-09-28,2025,9,"Garinger High School","Mecklenburg",35.2401000008895,-80.785683,28.5,36
2025-09-28,2025,9,"Hattie Avenue","Forsyth",36.11094,-80.224501,28.5,41
2025-09-28,2025,9,"Leggett","Edgecombe",35.988278,-77.5843,24,31
2025-09-28,2025,9,"Linville Falls","Avery",35.972347,-81.933072,21,29
2025-09-28,2025,9,"Mendenhall School","Guilford",36.1090060008986,-79.802314,21,32
2025-09-28,2025,9,"Millbrook School","Wake",35.856111,-78.574167,33.5,35
2025-09-28,2025,9,"Pitt Agri. Center","Pitt",35.6412760008938,-77.360126,24,27
2025-09-28,2025,9,"West Johnston Co.","Johnston",35.59095,-78.4622,27,33
2025-09-29,2025,9,"Bryson City","Swain",35.434767,-83.442133,22,37
2025-09-29,2025,9,"Castle Hayne","New Hanover",34.364167,-77.838611,18.5,18
2025-09-29,2025,9,"Clemmons Middle","Forsyth",36.026612,-80.341962,37,37
2025-09-29,2025,9,"Durham Armory","Durham",36.0329550008979,-78.904037,36,28
2025-09-29,2025,9,"Frying Pan Mountain","Haywood",35.379167,-82.7925,NA,36
2025-09-29,2025,9,"Garinger High School","Mecklenburg",35.2401000008895,-80.785683,30,29
2025-09-29,2025,9,"Hattie Avenue","Forsyth",36.11094,-80.224501,38,39
2025-09-29,2025,9,"Leggett","Edgecombe",35.988278,-77.5843,30,31
2025-09-29,2025,9,"Linville Falls","Avery",35.972347,-81.933072,NA,35
2025-09-29,2025,9,"Mendenhall School","Guilford",36.1090060008986,-79.802314,33,29
2025-09-29,2025,9,"Millbrook School","Wake",35.856111,-78.574167,41,23
2025-09-29,2025,9,"Pitt Agri. Center","Pitt",35.6412760008938,-77.360126,27,25
2025-09-29,2025,9,"West Johnston Co.","Johnston",35.59095,-78.4622,33,24
2025-09-30,2025,9,"Bryson City","Swain",35.434767,-83.442133,8,19
2025-09-30,2025,9,"Castle Hayne","New Hanover",34.364167,-77.838611,31.5,28
2025-09-30,2025,9,"Clemmons Middle","Forsyth",36.026612,-80.341962,39,37
2025-09-30,2025,9,"Durham Armory","Durham",36.0329550008979,-78.904037,53,NA
2025-09-30,2025,9,"Frying Pan Mountain","Haywood",35.379167,-82.7925,NA,39
2025-09-30,2025,9,"Garinger High School","Mecklenburg",35.2401000008895,-80.785683,39,40
2025-09-30,2025,9,"Hattie Avenue","Forsyth",36.11094,-80.224501,41,39
2025-09-30,2025,9,"Leggett","Edgecombe",35.988278,-77.5843,44,33
2025-09-30,2025,9,"Linville Falls","Avery",35.972347,-81.933072,NA,29
2025-09-30,2025,9,"Mendenhall School","Guilford",36.1090060008986,-79.802314,35,33
2025-09-30,2025,9,"Millbrook School","Wake",35.856111,-78.574167,55,29
2025-09-30,2025,9,"Pitt Agri. Center","Pitt",35.6412760008938,-77.360126,33,36
2025-09-30,2025,9,"West Johnston Co.","Johnston",35.59095,-78.4622,52,31
2025-10-01,2025,10,"Bryson City","Swain",35.434767,-83.442133,13,25
2025-10-01,2025,10,"Castle Hayne","New Hanover",34.364167,-77.838611,51.5,31
2025-10-01,2025,10,"Clemmons Middle","Forsyth",36.026612,-80.341962,52,41
2025-10-01,2025,10,"Durham Armory","Durham",36.0329550008979,-78.904037,50,NA
2025-10-01,2025,10,"Frying Pan Mountain","Haywood",35.379167,-82.7925,NA,45
2025-10-01,2025,10,"Garinger High School","Mecklenburg",35.2401000008895,-80.785683,45,44
2025-10-01,2025,10,"Hattie Avenue","Forsyth",36.11094,-80.224501,47,41
2025-10-01,2025,10,"Leggett","Edgecombe",35.988278,-77.5843,37,31
2025-10-01,2025,10,"Linville Falls","Avery",35.972347,-81.933072,NA,41
2025-10-01,2025,10,"Mendenhall School","Guilford",36.1090060008986,-79.802314,36,33
2025-10-01,2025,10,"Millbrook School","Wake",35.856111,-78.574167,46.5,31
2025-10-01,2025,10,"Pitt Agri. Center","Pitt",35.6412760008938,-77.360126,40,32
2025-10-01,2025,10,"West Johnston Co.","Johnston",35.59095,-78.4622,39,31
2025-10-02,2025,10,"Bryson City","Swain",35.434767,-83.442133,32,30
2025-10-02,2025,10,"Castle Hayne","New Hanover",34.364167,-77.838611,29,25
2025-10-02,2025,10,"Clemmons Middle","Forsyth",36.026612,-80.341962,33,38
2025-10-02,2025,10,"Durham Armory","Durham",36.0329550008979,-78.904037,31,31
2025-10-02,2025,10,"Frying Pan Mountain","Haywood",35.379167,-82.7925,NA,40
2025-10-02,2025,10,"Garinger High School","Mecklenburg",35.2401000008895,-80.785683,37,35
2025-10-02,2025,10,"Hattie Avenue","Forsyth",36.11094,-80.224501,34,38
2025-10-02,2025,10,"Leggett","Edgecombe",35.988278,-77.5843,18,30
2025-10-02,2025,10,"Linville Falls","Avery",35.972347,-81.933072,NA,38
2025-10-02,2025,10,"Mendenhall School","Guilford",36.1090060008986,-79.802314,NA,30
2025-10-02,2025,10,"Millbrook School","Wake",35.856111,-78.574167,31,31
2025-10-02,2025,10,"Pitt Agri. Center","Pitt",35.6412760008938,-77.360126,26,29
2025-10-02,2025,10,"West Johnston Co.","Johnston",35.59095,-78.4622,23,30
2025-10-03,2025,10,"Bryson City","Swain",35.434767,-83.442133,32,31
2025-10-03,2025,10,"Castle Hayne","New Hanover",34.364167,-77.838611,27.5,27
2025-10-03,2025,10,"Clemmons Middle","Forsyth",36.026612,-80.341962,24,36
2025-10-03,2025,10,"Durham Armory","Durham",36.0329550008979,-78.904037,32,33
2025-10-03,2025,10,"Frying Pan Mountain","Haywood",35.379167,-82.7925,NA,44
2025-10-03,2025,10,"Garinger High School","Mecklenburg",35.2401000008895,-80.785683,32,35
2025-10-03,2025,10,"Hattie Avenue","Forsyth",36.11094,-80.224501,28,35
2025-10-03,2025,10,"Leggett","Edgecombe",35.988278,-77.5843,22,33
2025-10-03,2025,10,"Linville Falls","Avery",35.972347,-81.933072,NA,29
2025-10-03,2025,10,"Mendenhall School","Guilford",36.1090060008986,-79.802314,NA,31
2025-10-03,2025,10,"Millbrook School","Wake",35.856111,-78.574167,31,31
2025-10-03,2025,10,"Pitt Agri. Center","Pitt",35.6412760008938,-77.360126,23,32
2025-10-03,2025,10,"West Johnston Co.","Johnston",35.59095,-78.4622,NA,33
2025-10-04,2025,10,"Bryson City","Swain",35.434767,-83.442133,39,27
2025-10-04,2025,10,"Castle Hayne","New Hanover",34.364167,-77.838611,19,28
2025-10-04,2025,10,"Clemmons Middle","Forsyth",36.026612,-80.341962,39,41
2025-10-04,2025,10,"Durham Armory","Durham",36.0329550008979,-78.904037,36,42
2025-10-04,2025,10,"Frying Pan Mountain","Haywood",35.379167,-82.7925,NA,36
2025-10-04,2025,10,"Garinger High School","Mecklenburg",35.2401000008895,-80.785683,48.5,34
2025-10-04,2025,10,"Hattie Avenue","Forsyth",36.11094,-80.224501,43.5,46
2025-10-04,2025,10,"Leggett","Edgecombe",35.988278,-77.5843,23,32
2025-10-04,2025,10,"Linville Falls","Avery",35.972347,-81.933072,NA,34
2025-10-04,2025,10,"Mendenhall School","Guilford",36.1090060008986,-79.802314,NA,41
2025-10-04,2025,10,"Millbrook School","Wake",35.856111,-78.574167,37,35
2025-10-04,2025,10,"Pitt Agri. Center","Pitt",35.6412760008938,-77.360126,25,31
2025-10-04,2025,10,"West Johnston Co.","Johnston",35.59095,-78.4622,NA,33
2025-10-05,2025,10,"Bryson City","Swain",35.434767,-83.442133,22,28
2025-10-05,2025,10,"Castle Hayne","New Hanover",34.364167,-77.838611,15,34
2025-10-05,2025,10,"Clemmons Middle","Forsyth",36.026612,-80.341962,38,31
2025-10-05,2025,10,"Durham Armory","Durham",36.0329550008979,-78.904037,35,31
2025-10-05,2025,10,"Frying Pan Mountain","Haywood",35.379167,-82.7925,NA,28
2025-10-05,2025,10,"Garinger High School","Mecklenburg",35.2401000008895,-80.785683,35,30
2025-10-05,2025,10,"Hattie Avenue","Forsyth",36.11094,-80.224501,30,34
2025-10-05,2025,10,"Leggett","Edgecombe",35.988278,-77.5843,18,31
2025-10-05,2025,10,"Linville Falls","Avery",35.972347,-81.933072,NA,29
2025-10-05,2025,10,"Mendenhall School","Guilford",36.1090060008986,-79.802314,NA,31
2025-10-05,2025,10,"Millbrook School","Wake",35.856111,-78.574167,30,31
2025-10-05,2025,10,"Pitt Agri. Center","Pitt",35.6412760008938,-77.360126,22,31
2025-10-05,2025,10,"West Johnston Co.","Johnston",35.59095,-78.4622,NA,31
2025-10-06,2025,10,"Bryson City","Swain",35.434767,-83.442133,13,28
2025-10-06,2025,10,"Castle Hayne","New Hanover",34.364167,-77.838611,14,31
2025-10-06,2025,10,"Clemmons Middle","Forsyth",36.026612,-80.341962,33,38
2025-10-06,2025,10,"Durham Armory","Durham",36.0329550008979,-78.904037,29,42
2025-10-06,2025,10,"Frying Pan Mountain","Haywood",35.379167,-82.7925,NA,26
2025-10-06,2025,10,"Garinger High School","Mecklenburg",35.2401000008895,-80.785683,34,27
2025-10-06,2025,10,"Hattie Avenue","Forsyth",36.11094,-80.224501,28,43
2025-10-06,2025,10,"Leggett","Edgecombe",35.988278,-77.5843,17,34
2025-10-06,2025,10,"Linville Falls","Avery",35.972347,-81.933072,NA,33
2025-10-06,2025,10,"Mendenhall School","Guilford",36.1090060008986,-79.802314,NA,34
2025-10-06,2025,10,"Millbrook School","Wake",35.856111,-78.574167,27,35
2025-10-06,2025,10,"Pitt Agri. Center","Pitt",35.6412760008938,-77.360126,14,33
2025-10-06,2025,10,"West Johnston Co.","Johnston",35.59095,-78.4622,NA,35
2025-10-07,2025,10,"Bryson City","Swain",35.434767,-83.442133,18,23
2025-10-07,2025,10,"Castle Hayne","New Hanover",34.364167,-77.838611,12,31
2025-10-07,2025,10,"Clemmons Middle","Forsyth",36.026612,-80.341962,26,32
2025-10-07,2025,10,"Durham Armory","Durham",36.0329550008979,-78.904037,27,35
2025-10-07,2025,10,"Frying Pan Mountain","Haywood",35.379167,-82.7925,NA,24
2025-10-07,2025,10,"Garinger High School","Mecklenburg",35.2401000008895,-80.785683,21,31
2025-10-07,2025,10,"Hattie Avenue","Forsyth",36.11094,-80.224501,29,33
2025-10-07,2025,10,"Leggett","Edgecombe",35.988278,-77.5843,14,31
2025-10-07,2025,10,"Linville Falls","Avery",35.972347,-81.933072,NA,30
2025-10-07,2025,10,"Mendenhall School","Guilford",36.1090060008986,-79.802314,19,31
2025-10-07,2025,10,"Millbrook School","Wake",35.856111,-78.574167,27.5,31
2025-10-07,2025,10,"Pitt Agri. Center","Pitt",35.6412760008938,-77.360126,18,29
2025-10-07,2025,10,"West Johnston Co.","Johnston",35.59095,-78.4622,NA,31
2025-10-08,2025,10,"Bryson City","Swain",35.434767,-83.442133,22,26
2025-10-08,2025,10,"Castle Hayne","New Hanover",34.364167,-77.838611,22.5,25
2025-10-08,2025,10,"Clemmons Middle","Forsyth",36.026612,-80.341962,18,31
2025-10-08,2025,10,"Durham Armory","Durham",36.0329550008979,-78.904037,23,31
2025-10-08,2025,10,"Frying Pan Mountain","Haywood",35.379167,-82.7925,NA,32
2025-10-08,2025,10,"Garinger High School","Mecklenburg",35.2401000008895,-80.785683,19,28
2025-10-08,2025,10,"Hattie Avenue","Forsyth",36.11094,-80.224501,20,32
2025-10-08,2025,10,"Leggett","Edgecombe",35.988278,-77.5843,19,25
2025-10-08,2025,10,"Linville Falls","Avery",35.972347,-81.933072,NA,31
2025-10-08,2025,10,"Mendenhall School","Guilford",36.1090060008986,-79.802314,15,30
2025-10-08,2025,10,"Millbrook School","Wake",35.856111,-78.574167,23,30
2025-10-08,2025,10,"Pitt Agri. Center","Pitt",35.6412760008938,-77.360126,25,24
2025-10-08,2025,10,"West Johnston Co.","Johnston",35.59095,-78.4622,19,28
2025-10-09,2025,10,"Bryson City","Swain",35.434767,-83.442133,27,29
2025-10-09,2025,10,"Castle Hayne","New Hanover",34.364167,-77.838611,27.5,31
2025-10-09,2025,10,"Clemmons Middle","Forsyth",36.026612,-80.341962,21,38
2025-10-09,2025,10,"Durham Armory","Durham",36.0329550008979,-78.904037,21,38
2025-10-09,2025,10,"Frying Pan Mountain","Haywood",35.379167,-82.7925,NA,37
2025-10-09,2025,10,"Garinger High School","Mecklenburg",35.2401000008895,-80.785683,23,40
2025-10-09,2025,10,"Hattie Avenue","Forsyth",36.11094,-80.224501,20,38
2025-10-09,2025,10,"Leggett","Edgecombe",35.988278,-77.5843,19,34
2025-10-09,2025,10,"Linville Falls","Avery",35.972347,-81.933072,NA,35
2025-10-09,2025,10,"Mendenhall School","Guilford",36.1090060008986,-79.802314,17,34
2025-10-09,2025,10,"Millbrook School","Wake",35.856111,-78.574167,19,35
2025-10-09,2025,10,"Pitt Agri. Center","Pitt",35.6412760008938,-77.360126,21,35
2025-10-09,2025,10,"West Johnston Co.","Johnston",35.59095,-78.4622,22,35
2025-10-10,2025,10,"Bryson City","Swain",35.434767,-83.442133,28,34
2025-10-10,2025,10,"Castle Hayne","New Hanover",34.364167,-77.838611,28,31
2025-10-10,2025,10,"Clemmons Middle","Forsyth",36.026612,-80.341962,22,34
2025-10-10,2025,10,"Durham Armory","Durham",36.0329550008979,-78.904037,24,35
2025-10-10,2025,10,"Frying Pan Mountain","Haywood",35.379167,-82.7925,NA,38
2025-10-10,2025,10,"Garinger High School","Mecklenburg",35.2401000008895,-80.785683,26.5,31
2025-10-10,2025,10,"Hattie Avenue","Forsyth",36.11094,-80.224501,27,33
2025-10-10,2025,10,"Leggett","Edgecombe",35.988278,-77.5843,19,33
2025-10-10,2025,10,"Linville Falls","Avery",35.972347,-81.933072,NA,35
2025-10-10,2025,10,"Mendenhall School","Guilford",36.1090060008986,-79.802314,19,30
2025-10-10,2025,10,"Millbrook School","Wake",35.856111,-78.574167,26,34
2025-10-10,2025,10,"Pitt Agri. Center","Pitt",35.6412760008938,-77.360126,21,33
2025-10-10,2025,10,"West Johnston Co.","Johnston",35.59095,-78.4622,23,34
2025-10-11,2025,10,"Bryson City","Swain",35.434767,-83.442133,35,30
2025-10-11,2025,10,"Castle Hayne","New Hanover",34.364167,-77.838611,15.5,30
2025-10-11,2025,10,"Clemmons Middle","Forsyth",36.026612,-80.341962,24,31
2025-10-11,2025,10,"Durham Armory","Durham",36.0329550008979,-78.904037,27,29
2025-10-11,2025,10,"Frying Pan Mountain","Haywood",35.379167,-82.7925,NA,39
2025-10-11,2025,10,"Garinger High School","Mecklenburg",35.2401000008895,-80.785683,22,30
2025-10-11,2025,10,"Hattie Avenue","Forsyth",36.11094,-80.224501,24,31
2025-10-11,2025,10,"Leggett","Edgecombe",35.988278,-77.5843,22,27
2025-10-11,2025,10,"Linville Falls","Avery",35.972347,-81.933072,NA,38
2025-10-11,2025,10,"Mendenhall School","Guilford",36.1090060008986,-79.802314,15,27
2025-10-11,2025,10,"Millbrook School","Wake",35.856111,-78.574167,30,23
2025-10-11,2025,10,"Pitt Agri. Center","Pitt",35.6412760008938,-77.360126,27,29
2025-10-11,2025,10,"West Johnston Co.","Johnston",35.59095,-78.4622,22,24
2025-10-12,2025,10,"Bryson City","Swain",35.434767,-83.442133,32,33
2025-10-12,2025,10,"Castle Hayne","New Hanover",34.364167,-77.838611,6,28
2025-10-12,2025,10,"Clemmons Middle","Forsyth",36.026612,-80.341962,12,28
2025-10-12,2025,10,"Durham Armory","Durham",36.0329550008979,-78.904037,11,29
2025-10-12,2025,10,"Frying Pan Mountain","Haywood",35.379167,-82.7925,NA,37
2025-10-12,2025,10,"Garinger High School","Mecklenburg",35.2401000008895,-80.785683,9,28
2025-10-12,2025,10,"Hattie Avenue","Forsyth",36.11094,-80.224501,13,28
2025-10-12,2025,10,"Leggett","Edgecombe",35.988278,-77.5843,8,30
2025-10-12,2025,10,"Linville Falls","Avery",35.972347,-81.933072,NA,31
2025-10-12,2025,10,"Mendenhall School","Guilford",36.1090060008986,-79.802314,8,24
2025-10-12,2025,10,"Millbrook School","Wake",35.856111,-78.574167,11,25
2025-10-12,2025,10,"Pitt Agri. Center","Pitt",35.6412760008938,-77.360126,8,30
2025-10-12,2025,10,"West Johnston Co.","Johnston",35.59095,-78.4622,4,29
2025-10-13,2025,10,"Bryson City","Swain",35.434767,-83.442133,29,33
2025-10-13,2025,10,"Castle Hayne","New Hanover",34.364167,-77.838611,22,19
2025-10-13,2025,10,"Clemmons Middle","Forsyth",36.026612,-80.341962,9,32
2025-10-13,2025,10,"Durham Armory","Durham",36.0329550008979,-78.904037,12,29
2025-10-13,2025,10,"Frying Pan Mountain","Haywood",35.379167,-82.7925,NA,39
2025-10-13,2025,10,"Garinger High School","Mecklenburg",35.2401000008895,-80.785683,10.5,35
2025-10-13,2025,10,"Hattie Avenue","Forsyth",36.11094,-80.224501,13,32
2025-10-13,2025,10,"Leggett","Edgecombe",35.988278,-77.5843,7,24
2025-10-13,2025,10,"Linville Falls","Avery",35.972347,-81.933072,NA,37
2025-10-13,2025,10,"Mendenhall School","Guilford",36.1090060008986,-79.802314,11,31
2025-10-13,2025,10,"Millbrook School","Wake",35.856111,-78.574167,11.5,25
2025-10-13,2025,10,"Pitt Agri. Center","Pitt",35.6412760008938,-77.360126,8,21
2025-10-13,2025,10,"West Johnston Co.","Johnston",35.59095,-78.4622,NA,25
2025-10-14,2025,10,"Bryson City","Swain",35.434767,-83.442133,15,34
2025-10-14,2025,10,"Castle Hayne","New Hanover",34.364167,-77.838611,25,19
2025-10-14,2025,10,"Clemmons Middle","Forsyth",36.026612,-80.341962,16,36
2025-10-14,2025,10,"Durham Armory","Durham",36.0329550008979,-78.904037,11.5,26
2025-10-14,2025,10,"Frying Pan Mountain","Haywood",35.379167,-82.7925,NA,43
2025-10-14,2025,10,"Garinger High School","Mecklenburg",35.2401000008895,-80.785683,14,38
2025-10-14,2025,10,"Hattie Avenue","Forsyth",36.11094,-80.224501,19,35
2025-10-14,2025,10,"Leggett","Edgecombe",35.988278,-77.5843,8,20
2025-10-14,2025,10,"Linville Falls","Avery",35.972347,-81.933072,NA,38
2025-10-14,2025,10,"Mendenhall School","Guilford",36.1090060008986,-79.802314,14,30
2025-10-14,2025,10,"Millbrook School","Wake",35.856111,-78.574167,16,22
2025-10-14,2025,10,"Pitt Agri. Center","Pitt",35.6412760008938,-77.360126,9,19
2025-10-14,2025,10,"West Johnston Co.","Johnston",35.59095,-78.4622,NA,22
2025-10-15,2025,10,"Bryson City","Swain",35.434767,-83.442133,34,31
2025-10-15,2025,10,"Castle Hayne","New Hanover",34.364167,-77.838611,29,19
2025-10-15,2025,10,"Clemmons Middle","Forsyth",36.026612,-80.341962,23,38
2025-10-15,2025,10,"Durham Armory","Durham",36.0329550008979,-78.904037,20,39
2025-10-15,2025,10,"Frying Pan Mountain","Haywood",35.379167,-82.7925,NA,44
2025-10-15,2025,10,"Garinger High School","Mecklenburg",35.2401000008895,-80.785683,28,44
2025-10-15,2025,10,"Hattie Avenue","Forsyth",36.11094,-80.224501,22,39
2025-10-15,2025,10,"Leggett","Edgecombe",35.988278,-77.5843,21,34
2025-10-15,2025,10,"Linville Falls","Avery",35.972347,-81.933072,NA,44
2025-10-15,2025,10,"Mendenhall School","Guilford",36.1090060008986,-79.802314,16,36
2025-10-15,2025,10,"Millbrook School","Wake",35.856111,-78.574167,26,37
2025-10-15,2025,10,"Pitt Agri. Center","Pitt",35.6412760008938,-77.360126,19,29
2025-10-15,2025,10,"West Johnston Co.","Johnston",35.59095,-78.4622,NA,35
2025-10-16,2025,10,"Bryson City","Swain",35.434767,-83.442133,27,35
2025-10-16,2025,10,"Castle Hayne","New Hanover",34.364167,-77.838611,29,34
2025-10-16,2025,10,"Clemmons Middle","Forsyth",36.026612,-80.341962,21.5,38
2025-10-16,2025,10,"Durham Armory","Durham",36.0329550008979,-78.904037,21.5,35
2025-10-16,2025,10,"Frying Pan Mountain","Haywood",35.379167,-82.7925,NA,43
2025-10-16,2025,10,"Garinger High School","Mecklenburg",35.2401000008895,-80.785683,26.5,39
2025-10-16,2025,10,"Hattie Avenue","Forsyth",36.11094,-80.224501,29.5,37
2025-10-16,2025,10,"Leggett","Edgecombe",35.988278,-77.5843,18,37
2025-10-16,2025,10,"Linville Falls","Avery",35.972347,-81.933072,NA,40
2025-10-16,2025,10,"Mendenhall School","Guilford",36.1090060008986,-79.802314,14,34
2025-10-16,2025,10,"Millbrook School","Wake",35.856111,-78.574167,29.5,33
2025-10-16,2025,10,"Pitt Agri. Center","Pitt",35.6412760008938,-77.360126,21,35
2025-10-16,2025,10,"West Johnston Co.","Johnston",35.59095,-78.4622,NA,34
2025-10-17,2025,10,"Bryson City","Swain",35.434767,-83.442133,37,35
2025-10-17,2025,10,"Castle Hayne","New Hanover",34.364167,-77.838611,27,35
2025-10-17,2025,10,"Clemmons Middle","Forsyth",36.026612,-80.341962,33,42
2025-10-17,2025,10,"Durham Armory","Durham",36.0329550008979,-78.904037,19.5,38
2025-10-17,2025,10,"Frying Pan Mountain","Haywood",35.379167,-82.7925,NA,43
2025-10-17,2025,10,"Garinger High School","Mecklenburg",35.2401000008895,-80.785683,48,44
2025-10-17,2025,10,"Hattie Avenue","Forsyth",36.11094,-80.224501,23,43
2025-10-17,2025,10,"Leggett","Edgecombe",35.988278,-77.5843,17,33
2025-10-17,2025,10,"Linville Falls","Avery",35.972347,-81.933072,NA,40
2025-10-17,2025,10,"Mendenhall School","Guilford",36.1090060008986,-79.802314,33,41
2025-10-17,2025,10,"Millbrook School","Wake",35.856111,-78.574167,31,33
2025-10-17,2025,10,"Pitt Agri. Center","Pitt",35.6412760008938,-77.360126,21,32
2025-10-17,2025,10,"West Johnston Co.","Johnston",35.59095,-78.4622,13,36
2025-10-18,2025,10,"Bryson City","Swain",35.434767,-83.442133,60,36
2025-10-18,2025,10,"Castle Hayne","New Hanover",34.364167,-77.838611,41,42
2025-10-18,2025,10,"Clemmons Middle","Forsyth",36.026612,-80.341962,55,47
2025-10-18,2025,10,"Durham Armory","Durham",36.0329550008979,-78.904037,48.5,43
2025-10-18,2025,10,"Frying Pan Mountain","Haywood",35.379167,-82.7925,NA,43
2025-10-18,2025,10,"Garinger High School","Mecklenburg",35.2401000008895,-80.785683,52,42
2025-10-18,2025,10,"Hattie Avenue","Forsyth",36.11094,-80.224501,55,50
2025-10-18,2025,10,"Leggett","Edgecombe",35.988278,-77.5843,38,44
2025-10-18,2025,10,"Linville Falls","Avery",35.972347,-81.933072,NA,46
2025-10-18,2025,10,"Mendenhall School","Guilford",36.1090060008986,-79.802314,52,48
2025-10-18,2025,10,"Millbrook School","Wake",35.856111,-78.574167,51,41
2025-10-18,2025,10,"Pitt Agri. Center","Pitt",35.6412760008938,-77.360126,NA,43
2025-10-18,2025,10,"West Johnston Co.","Johnston",35.59095,-78.4622,55,39
2025-10-19,2025,10,"Bryson City","Swain",35.434767,-83.442133,29,33
2025-10-19,2025,10,"Castle Hayne","New Hanover",34.364167,-77.838611,27,39
2025-10-19,2025,10,"Clemmons Middle","Forsyth",36.026612,-80.341962,28,38
2025-10-19,2025,10,"Durham Armory","Durham",36.0329550008979,-78.904037,33,42
2025-10-19,2025,10,"Frying Pan Mountain","Haywood",35.379167,-82.7925,NA,37
2025-10-19,2025,10,"Garinger High School","Mecklenburg",35.2401000008895,-80.785683,30.5,37
2025-10-19,2025,10,"Hattie Avenue","Forsyth",36.11094,-80.224501,29.5,39
2025-10-19,2025,10,"Leggett","Edgecombe",35.988278,-77.5843,29,40
2025-10-19,2025,10,"Mendenhall School","Guilford",36.1090060008986,-79.802314,33,37
2025-10-19,2025,10,"Millbrook School","Wake",35.856111,-78.574167,32.5,39
2025-10-19,2025,10,"Pitt Agri. Center","Pitt",35.6412760008938,-77.360126,NA,38
2025-10-19,2025,10,"West Johnston Co.","Johnston",35.59095,-78.4622,28,41
2025-10-20,2025,10,"Bryson City","Swain",35.434767,-83.442133,15,29
2025-10-20,2025,10,"Castle Hayne","New Hanover",34.364167,-77.838611,23.5,31
2025-10-20,2025,10,"Clemmons Middle","Forsyth",36.026612,-80.341962,17,32
2025-10-20,2025,10,"Durham Armory","Durham",36.0329550008979,-78.904037,14,34
2025-10-20,2025,10,"Frying Pan Mountain","Haywood",35.379167,-82.7925,NA,48
2025-10-20,2025,10,"Garinger High School","Mecklenburg",35.2401000008895,-80.785683,25,33
2025-10-20,2025,10,"Hattie Avenue","Forsyth",36.11094,-80.224501,20,32
2025-10-20,2025,10,"Leggett","Edgecombe",35.988278,-77.5843,10,33
2025-10-20,2025,10,"Linville Falls","Avery",35.972347,-81.933072,NA,34
2025-10-20,2025,10,"Mendenhall School","Guilford",36.1090060008986,-79.802314,11,31
2025-10-20,2025,10,"Millbrook School","Wake",35.856111,-78.574167,21,33
2025-10-20,2025,10,"Pitt Agri. Center","Pitt",35.6412760008938,-77.360126,NA,32
2025-10-20,2025,10,"West Johnston Co.","Johnston",35.59095,-78.4622,15,34
2025-10-21,2025,10,"Bryson City","Swain",35.434767,-83.442133,28,24
2025-10-21,2025,10,"Castle Hayne","New Hanover",34.364167,-77.838611,35.5,38
2025-10-21,2025,10,"Clemmons Middle","Forsyth",36.026612,-80.341962,35,44
2025-10-21,2025,10,"Durham Armory","Durham",36.0329550008979,-78.904037,43,44
2025-10-21,2025,10,"Frying Pan Mountain","Haywood",35.379167,-82.7925,NA,45
2025-10-21,2025,10,"Garinger High School","Mecklenburg",35.2401000008895,-80.785683,50,42
2025-10-21,2025,10,"Hattie Avenue","Forsyth",36.11094,-80.224501,41,44
2025-10-21,2025,10,"Leggett","Edgecombe",35.988278,-77.5843,35,42
2025-10-21,2025,10,"Linville Falls","Avery",35.972347,-81.933072,NA,42
2025-10-21,2025,10,"Mendenhall School","Guilford",36.1090060008986,-79.802314,41,45
2025-10-21,2025,10,"Millbrook School","Wake",35.856111,-78.574167,43,43
2025-10-21,2025,10,"Pitt Agri. Center","Pitt",35.6412760008938,-77.360126,37,38
2025-10-21,2025,10,"West Johnston Co.","Johnston",35.59095,-78.4622,41,44
2025-10-22,2025,10,"Bryson City","Swain",35.434767,-83.442133,16,34
2025-10-22,2025,10,"Castle Hayne","New Hanover",34.364167,-77.838611,44.5,38
2025-10-22,2025,10,"Clemmons Middle","Forsyth",36.026612,-80.341962,19,37
2025-10-22,2025,10,"Durham Armory","Durham",36.0329550008979,-78.904037,26.5,41
2025-10-22,2025,10,"Frying Pan Mountain","Haywood",35.379167,-82.7925,NA,39
2025-10-22,2025,10,"Garinger High School","Mecklenburg",35.2401000008895,-80.785683,29,38
2025-10-22,2025,10,"Hattie Avenue","Forsyth",36.11094,-80.224501,20.5,36
2025-10-22,2025,10,"Leggett","Edgecombe",35.988278,-77.5843,34,40
2025-10-22,2025,10,"Linville Falls","Avery",35.972347,-81.933072,NA,38
2025-10-22,2025,10,"Mendenhall School","Guilford",36.1090060008986,-79.802314,22,36
2025-10-22,2025,10,"Millbrook School","Wake",35.856111,-78.574167,34,38
2025-10-22,2025,10,"Pitt Agri. Center","Pitt",35.6412760008938,-77.360126,34,40
2025-10-22,2025,10,"West Johnston Co.","Johnston",35.59095,-78.4622,53,42
2025-10-23,2025,10,"Bryson City","Swain",35.434767,-83.442133,32,39
2025-10-23,2025,10,"Castle Hayne","New Hanover",34.364167,-77.838611,36.5,34
2025-10-23,2025,10,"Clemmons Middle","Forsyth",36.026612,-80.341962,23,38
2025-10-23,2025,10,"Durham Armory","Durham",36.0329550008979,-78.904037,20,38
2025-10-23,2025,10,"Frying Pan Mountain","Haywood",35.379167,-82.7925,NA,41
2025-10-23,2025,10,"Garinger High School","Mecklenburg",35.2401000008895,-80.785683,28,38
2025-10-23,2025,10,"Hattie Avenue","Forsyth",36.11094,-80.224501,26,37
2025-10-23,2025,10,"Leggett","Edgecombe",35.988278,-77.5843,34,37
2025-10-23,2025,10,"Linville Falls","Avery",35.972347,-81.933072,NA,40
2025-10-23,2025,10,"Mendenhall School","Guilford",36.1090060008986,-79.802314,16,36
2025-10-23,2025,10,"Millbrook School","Wake",35.856111,-78.574167,22,37
2025-10-23,2025,10,"Pitt Agri. Center","Pitt",35.6412760008938,-77.360126,28,37
2025-10-23,2025,10,"West Johnston Co.","Johnston",35.59095,-78.4622,29,38
2025-10-24,2025,10,"Bryson City","Swain",35.434767,-83.442133,23,31
2025-10-24,2025,10,"Castle Hayne","New Hanover",34.364167,-77.838611,32.5,33
2025-10-24,2025,10,"Clemmons Middle","Forsyth",36.026612,-80.341962,23,36
2025-10-24,2025,10,"Durham Armory","Durham",36.0329550008979,-78.904037,22.5,37
2025-10-24,2025,10,"Frying Pan Mountain","Haywood",35.379167,-82.7925,NA,37
2025-10-24,2025,10,"Garinger High School","Mecklenburg",35.2401000008895,-80.785683,NA,38
2025-10-24,2025,10,"Hattie Avenue","Forsyth",36.11094,-80.224501,23,37
2025-10-24,2025,10,"Leggett","Edgecombe",35.988278,-77.5843,25,36
2025-10-24,2025,10,"Linville Falls","Avery",35.972347,-81.933072,NA,38
2025-10-24,2025,10,"Mendenhall School","Guilford",36.1090060008986,-79.802314,24,35
2025-10-24,2025,10,"Millbrook School","Wake",35.856111,-78.574167,27,36
2025-10-24,2025,10,"Pitt Agri. Center","Pitt",35.6412760008938,-77.360126,22,35
2025-10-24,2025,10,"West Johnston Co.","Johnston",35.59095,-78.4622,23,37
2025-10-25,2025,10,"Bryson City","Swain",35.434767,-83.442133,42,34
2025-10-25,2025,10,"Castle Hayne","New Hanover",34.364167,-77.838611,31,31
2025-10-25,2025,10,"Clemmons Middle","Forsyth",36.026612,-80.341962,22,34
2025-10-25,2025,10,"Durham Armory","Durham",36.0329550008979,-78.904037,24.5,34
2025-10-25,2025,10,"Frying Pan Mountain","Haywood",35.379167,-82.7925,NA,39
2025-10-25,2025,10,"Garinger High School","Mecklenburg",35.2401000008895,-80.785683,49,30
2025-10-25,2025,10,"Hattie Avenue","Forsyth",36.11094,-80.224501,36,36
2025-10-25,2025,10,"Leggett","Edgecombe",35.988278,-77.5843,23,31
2025-10-25,2025,10,"Linville Falls","Avery",35.972347,-81.933072,NA,34
2025-10-25,2025,10,"Mendenhall School","Guilford",36.1090060008986,-79.802314,31,33
2025-10-25,2025,10,"Millbrook School","Wake",35.856111,-78.574167,25.5,34
2025-10-25,2025,10,"Pitt Agri. Center","Pitt",35.6412760008938,-77.360126,22,31
2025-10-25,2025,10,"West Johnston Co.","Johnston",35.59095,-78.4622,22,31
2025-10-26,2025,10,"Bryson City","Swain",35.434767,-83.442133,39,25
2025-10-26,2025,10,"Castle Hayne","New Hanover",34.364167,-77.838611,28,25
2025-10-26,2025,10,"Clemmons Middle","Forsyth",36.026612,-80.341962,34,33
2025-10-26,2025,10,"Durham Armory","Durham",36.0329550008979,-78.904037,28.5,32
2025-10-26,2025,10,"Frying Pan Mountain","Haywood",35.379167,-82.7925,NA,36
2025-10-26,2025,10,"Garinger High School","Mecklenburg",35.2401000008895,-80.785683,NA,33
2025-10-26,2025,10,"Hattie Avenue","Forsyth",36.11094,-80.224501,35,32
2025-10-26,2025,10,"Leggett","Edgecombe",35.988278,-77.5843,19,29
2025-10-26,2025,10,"Linville Falls","Avery",35.972347,-81.933072,NA,35
2025-10-26,2025,10,"Mendenhall School","Guilford",36.1090060008986,-79.802314,31,30
2025-10-26,2025,10,"Millbrook School","Wake",35.856111,-78.574167,24,31
2025-10-26,2025,10,"Pitt Agri. Center","Pitt",35.6412760008938,-77.360126,17,29
2025-10-26,2025,10,"West Johnston Co.","Johnston",35.59095,-78.4622,19,31
2025-10-27,2025,10,"Bryson City","Swain",35.434767,-83.442133,12,25
2025-10-27,2025,10,"Castle Hayne","New Hanover",34.364167,-77.838611,18.5,31
2025-10-27,2025,10,"Clemmons Middle","Forsyth",36.026612,-80.341962,30,30
2025-10-27,2025,10,"Durham Armory","Durham",36.0329550008979,-78.904037,24,31
2025-10-27,2025,10,"Frying Pan Mountain","Haywood",35.379167,-82.7925,NA,36
2025-10-27,2025,10,"Garinger High School","Mecklenburg",35.2401000008895,-80.785683,NA,28
2025-10-27,2025,10,"Hattie Avenue","Forsyth",36.11094,-80.224501,30,31
2025-10-27,2025,10,"Leggett","Edgecombe",35.988278,-77.5843,17,31
2025-10-27,2025,10,"Linville Falls","Avery",35.972347,-81.933072,NA,32
2025-10-27,2025,10,"Mendenhall School","Guilford",36.1090060008986,-79.802314,28,26
2025-10-27,2025,10,"Millbrook School","Wake",35.856111,-78.574167,23,31
2025-10-27,2025,10,"Pitt Agri. Center","Pitt",35.6412760008938,-77.360126,14,30
2025-10-27,2025,10,"West Johnston Co.","Johnston",35.59095,-78.4622,18,35
2025-10-28,2025,10,"Bryson City","Swain",35.434767,-83.442133,12,24
2025-10-28,2025,10,"Castle Hayne","New Hanover",34.364167,-77.838611,11,24
2025-10-28,2025,10,"Clemmons Middle","Forsyth",36.026612,-80.341962,18,28
2025-10-28,2025,10,"Durham Armory","Durham",36.0329550008979,-78.904037,15,26
2025-10-28,2025,10,"Frying Pan Mountain","Haywood",35.379167,-82.7925,NA,38
2025-10-28,2025,10,"Garinger High School","Mecklenburg",35.2401000008895,-80.785683,17,27
2025-10-28,2025,10,"Hattie Avenue","Forsyth",36.11094,-80.224501,19,27
2025-10-28,2025,10,"Leggett","Edgecombe",35.988278,-77.5843,16,25
2025-10-28,2025,10,"Linville Falls","Avery",35.972347,-81.933072,NA,34
2025-10-28,2025,10,"Mendenhall School","Guilford",36.1090060008986,-79.802314,14,22
2025-10-28,2025,10,"Millbrook School","Wake",35.856111,-78.574167,16.5,23
2025-10-28,2025,10,"Pitt Agri. Center","Pitt",35.6412760008938,-77.360126,9,23
2025-10-28,2025,10,"West Johnston Co.","Johnston",35.59095,-78.4622,11,29
2025-10-29,2025,10,"Bryson City","Swain",35.434767,-83.442133,9,18
2025-10-29,2025,10,"Castle Hayne","New Hanover",34.364167,-77.838611,13.5,18
2025-10-29,2025,10,"Clemmons Middle","Forsyth",36.026612,-80.341962,19,13
2025-10-29,2025,10,"Durham Armory","Durham",36.0329550008979,-78.904037,16.5,14
2025-10-29,2025,10,"Frying Pan Mountain","Haywood",35.379167,-82.7925,NA,24
2025-10-29,2025,10,"Garinger High School","Mecklenburg",35.2401000008895,-80.785683,17,12
2025-10-29,2025,10,"Hattie Avenue","Forsyth",36.11094,-80.224501,18,15
2025-10-29,2025,10,"Leggett","Edgecombe",35.988278,-77.5843,12,19
2025-10-29,2025,10,"Linville Falls","Avery",35.972347,-81.933072,NA,18
2025-10-29,2025,10,"Mendenhall School","Guilford",36.1090060008986,-79.802314,12,11
2025-10-29,2025,10,"Millbrook School","Wake",35.856111,-78.574167,20,14
2025-10-29,2025,10,"Pitt Agri. Center","Pitt",35.6412760008938,-77.360126,11,19
2025-10-29,2025,10,"West Johnston Co.","Johnston",35.59095,-78.4622,15,16
2025-10-30,2025,10,"Bryson City","Swain",35.434767,-83.442133,9,19
2025-10-30,2025,10,"Castle Hayne","New Hanover",34.364167,-77.838611,22.5,27
2025-10-30,2025,10,"Clemmons Middle","Forsyth",36.026612,-80.341962,10,26
2025-10-30,2025,10,"Durham Armory","Durham",36.0329550008979,-78.904037,13.5,27
2025-10-30,2025,10,"Frying Pan Mountain","Haywood",35.379167,-82.7925,NA,30
2025-10-30,2025,10,"Garinger High School","Mecklenburg",35.2401000008895,-80.785683,7,22
2025-10-30,2025,10,"Hattie Avenue","Forsyth",36.11094,-80.224501,10,25
2025-10-30,2025,10,"Leggett","Edgecombe",35.988278,-77.5843,18,29
2025-10-30,2025,10,"Linville Falls","Avery",35.972347,-81.933072,NA,29
2025-10-30,2025,10,"Mendenhall School","Guilford",36.1090060008986,-79.802314,6,25
2025-10-30,2025,10,"Millbrook School","Wake",35.856111,-78.574167,22,21
2025-10-30,2025,10,"Pitt Agri. Center","Pitt",35.6412760008938,-77.360126,12,28
2025-10-30,2025,10,"West Johnston Co.","Johnston",35.59095,-78.4622,19,24
2025-10-31,2025,10,"Bryson City","Swain",35.434767,-83.442133,28,32
2025-10-31,2025,10,"Castle Hayne","New Hanover",34.364167,-77.838611,27.5,31
2025-10-31,2025,10,"Clemmons Middle","Forsyth",36.026612,-80.341962,19,33
2025-10-31,2025,10,"Durham Armory","Durham",36.0329550008979,-78.904037,19,36
2025-10-31,2025,10,"Frying Pan Mountain","Haywood",35.379167,-82.7925,NA,34
2025-10-31,2025,10,"Garinger High School","Mecklenburg",35.2401000008895,-80.785683,27,31
2025-10-31,2025,10,"Hattie Avenue","Forsyth",36.11094,-80.224501,22,32
2025-10-31,2025,10,"Leggett","Edgecombe",35.988278,-77.5843,18,34
2025-10-31,2025,10,"Linville Falls","Avery",35.972347,-81.933072,NA,33
2025-10-31,2025,10,"Mendenhall School","Guilford",36.1090060008986,-79.802314,20,31
2025-10-31,2025,10,"Millbrook School","Wake",35.856111,-78.574167,20,34
2025-10-31,2025,10,"Pitt Agri. Center","Pitt",35.6412760008938,-77.360126,19,35
2025-10-31,2025,10,"West Johnston Co.","Johnston",35.59095,-78.4622,19,34
2025-11-01,2025,11,"Bryson City","Swain",35.434767,-83.442133,33,25
2025-11-01,2025,11,"Castle Hayne","New Hanover",34.364167,-77.838611,39,32
2025-11-01,2025,11,"Clemmons Middle","Forsyth",36.026612,-80.341962,32,35
2025-11-01,2025,11,"Durham Armory","Durham",36.0329550008979,-78.904037,42,35
2025-11-01,2025,11,"Frying Pan Mountain","Haywood",35.379167,-82.7925,NA,36
2025-11-01,2025,11,"Garinger High School","Mecklenburg",35.2401000008895,-80.785683,66,36
2025-11-01,2025,11,"Hattie Avenue","Forsyth",36.11094,-80.224501,46,35
2025-11-01,2025,11,"Leggett","Edgecombe",35.988278,-77.5843,38,33
2025-11-01,2025,11,"Linville Falls","Avery",35.972347,-81.933072,NA,34
2025-11-01,2025,11,"Mendenhall School","Guilford",36.1090060008986,-79.802314,62,32
2025-11-01,2025,11,"Millbrook School","Wake",35.856111,-78.574167,46,33
2025-11-01,2025,11,"Pitt Agri. Center","Pitt",35.6412760008938,-77.360126,37,33
2025-11-01,2025,11,"West Johnston Co.","Johnston",35.59095,-78.4622,47,34
2025-11-02,2025,11,"Bryson City","Swain",35.434767,-83.442133,31,31
2025-11-02,2025,11,"Castle Hayne","New Hanover",34.364167,-77.838611,35,35
2025-11-02,2025,11,"Clemmons Middle","Forsyth",36.026612,-80.341962,50,37
2025-11-02,2025,11,"Durham Armory","Durham",36.0329550008979,-78.904037,51,37
2025-11-02,2025,11,"Frying Pan Mountain","Haywood",35.379167,-82.7925,NA,38
2025-11-02,2025,11,"Garinger High School","Mecklenburg",35.2401000008895,-80.785683,66,33
2025-11-02,2025,11,"Hattie Avenue","Forsyth",36.11094,-80.224501,56,39
2025-11-02,2025,11,"Leggett","Edgecombe",35.988278,-77.5843,33,37
2025-11-02,2025,11,"Linville Falls","Avery",35.972347,-81.933072,NA,37
2025-11-02,2025,11,"Mendenhall School","Guilford",36.1090060008986,-79.802314,55,34
2025-11-02,2025,11,"Millbrook School","Wake",35.856111,-78.574167,57,34
2025-11-02,2025,11,"Pitt Agri. Center","Pitt",35.6412760008938,-77.360126,43,35
2025-11-02,2025,11,"West Johnston Co.","Johnston",35.59095,-78.4622,63,33
2025-11-03,2025,11,"Bryson City","Swain",35.434767,-83.442133,15,NA
2025-11-03,2025,11,"Castle Hayne","New Hanover",34.364167,-77.838611,29,NA
2025-11-03,2025,11,"Clemmons Middle","Forsyth",36.026612,-80.341962,39,NA
2025-11-03,2025,11,"Durham Armory","Durham",36.0329550008979,-78.904037,32,NA
2025-11-03,2025,11,"Garinger High School","Mecklenburg",35.2401000008895,-80.785683,45,33
2025-11-03,2025,11,"Hattie Avenue","Forsyth",36.11094,-80.224501,39,35
2025-11-03,2025,11,"Leggett","Edgecombe",35.988278,-77.5843,21,NA
2025-11-03,2025,11,"Mendenhall School","Guilford",36.1090060008986,-79.802314,28,NA
2025-11-03,2025,11,"Millbrook School","Wake",35.856111,-78.574167,32.5,33
2025-11-03,2025,11,"Pitt Agri. Center","Pitt",35.6412760008938,-77.360126,21,NA
2025-11-03,2025,11,"West Johnston Co.","Johnston",35.59095,-78.4622,29,NA
2025-11-04,2025,11,"Bryson City","Swain",35.434767,-83.442133,31,NA
2025-11-04,2025,11,"Castle Hayne","New Hanover",34.364167,-77.838611,41,NA
2025-11-04,2025,11,"Clemmons Middle","Forsyth",36.026612,-80.341962,36,NA
2025-11-04,2025,11,"Durham Armory","Durham",36.0329550008979,-78.904037,25,NA
2025-11-04,2025,11,"Garinger High School","Mecklenburg",35.2401000008895,-80.785683,39,36
2025-11-04,2025,11,"Hattie Avenue","Forsyth",36.11094,-80.224501,27,NA
2025-11-04,2025,11,"Leggett","Edgecombe",35.988278,-77.5843,23,NA
2025-11-04,2025,11,"Mendenhall School","Guilford",36.1090060008986,-79.802314,28,NA
2025-11-04,2025,11,"Millbrook School","Wake",35.856111,-78.574167,33,33
2025-11-04,2025,11,"Pitt Agri. Center","Pitt",35.6412760008938,-77.360126,26,NA
2025-11-04,2025,11,"West Johnston Co.","Johnston",35.59095,-78.4622,32,NA
2025-11-05,2025,11,"Bryson City","Swain",35.434767,-83.442133,31,NA
2025-11-05,2025,11,"Castle Hayne","New Hanover",34.364167,-77.838611,39.5,NA
2025-11-05,2025,11,"Clemmons Middle","Forsyth",36.026612,-80.341962,53,NA
2025-11-05,2025,11,"Durham Armory","Durham",36.0329550008979,-78.904037,51,NA
2025-11-05,2025,11,"Garinger High School","Mecklenburg",35.2401000008895,-80.785683,54,40
2025-11-05,2025,11,"Hattie Avenue","Forsyth",36.11094,-80.224501,54,NA
2025-11-05,2025,11,"Leggett","Edgecombe",35.988278,-77.5843,42,NA
2025-11-05,2025,11,"Mendenhall School","Guilford",36.1090060008986,-79.802314,53,NA
2025-11-05,2025,11,"Millbrook School","Wake",35.856111,-78.574167,53,36
2025-11-05,2025,11,"Pitt Agri. Center","Pitt",35.6412760008938,-77.360126,43,NA
2025-11-05,2025,11,"West Johnston Co.","Johnston",35.59095,-78.4622,46,NA
2025-11-06,2025,11,"Bryson City","Swain",35.434767,-83.442133,41,NA
2025-11-06,2025,11,"Castle Hayne","New Hanover",34.364167,-77.838611,53.5,NA
2025-11-06,2025,11,"Clemmons Middle","Forsyth",36.026612,-80.341962,39,NA
2025-11-06,2025,11,"Durham Armory","Durham",36.0329550008979,-78.904037,52,NA
2025-11-06,2025,11,"Garinger High School","Mecklenburg",35.2401000008895,-80.785683,51,43
2025-11-06,2025,11,"Hattie Avenue","Forsyth",36.11094,-80.224501,39,NA
2025-11-06,2025,11,"Leggett","Edgecombe",35.988278,-77.5843,40,NA
2025-11-06,2025,11,"Mendenhall School","Guilford",36.1090060008986,-79.802314,41,NA
2025-11-06,2025,11,"Millbrook School","Wake",35.856111,-78.574167,54,39
2025-11-06,2025,11,"Pitt Agri. Center","Pitt",35.6412760008938,-77.360126,34,NA
2025-11-06,2025,11,"West Johnston Co.","Johnston",35.59095,-78.4622,47,NA
2025-11-07,2025,11,"Bryson City","Swain",35.434767,-83.442133,55,NA
2025-11-07,2025,11,"Castle Hayne","New Hanover",34.364167,-77.838611,33,NA
2025-11-07,2025,11,"Clemmons Middle","Forsyth",36.026612,-80.341962,55,NA
2025-11-07,2025,11,"Durham Armory","Durham",36.0329550008979,-78.904037,50,NA
2025-11-07,2025,11,"Garinger High School","Mecklenburg",35.2401000008895,-80.785683,56,37
2025-11-07,2025,11,"Hattie Avenue","Forsyth",36.11094,-80.224501,58,NA
2025-11-07,2025,11,"Leggett","Edgecombe",35.988278,-77.5843,31,NA
2025-11-07,2025,11,"Mendenhall School","Guilford",36.1090060008986,-79.802314,54,NA
2025-11-07,2025,11,"Millbrook School","Wake",35.856111,-78.574167,44,34
2025-11-07,2025,11,"Pitt Agri. Center","Pitt",35.6412760008938,-77.360126,34,NA
2025-11-07,2025,11,"West Johnston Co.","Johnston",35.59095,-78.4622,54,NA
2025-11-08,2025,11,"Bryson City","Swain",35.434767,-83.442133,38,NA
2025-11-08,2025,11,"Castle Hayne","New Hanover",34.364167,-77.838611,53.5,NA
2025-11-08,2025,11,"Clemmons Middle","Forsyth",36.026612,-80.341962,62,NA
2025-11-08,2025,11,"Durham Armory","Durham",36.0329550008979,-78.904037,61,NA
2025-11-08,2025,11,"Garinger High School","Mecklenburg",35.2401000008895,-80.785683,45,36
2025-11-08,2025,11,"Hattie Avenue","Forsyth",36.11094,-80.224501,63,NA
2025-11-08,2025,11,"Leggett","Edgecombe",35.988278,-77.5843,56,NA
2025-11-08,2025,11,"Mendenhall School","Guilford",36.1090060008986,-79.802314,56,NA
2025-11-08,2025,11,"Millbrook School","Wake",35.856111,-78.574167,65,37
2025-11-08,2025,11,"Pitt Agri. Center","Pitt",35.6412760008938,-77.360126,54,NA
2025-11-08,2025,11,"West Johnston Co.","Johnston",35.59095,-78.4622,56,NA
2025-11-09,2025,11,"Bryson City","Swain",35.434767,-83.442133,32,NA
2025-11-09,2025,11,"Castle Hayne","New Hanover",34.364167,-77.838611,45,NA
2025-11-09,2025,11,"Clemmons Middle","Forsyth",36.026612,-80.341962,55.5,NA
2025-11-09,2025,11,"Durham Armory","Durham",36.0329550008979,-78.904037,58,NA
2025-11-09,2025,11,"Garinger High School","Mecklenburg",35.2401000008895,-80.785683,50,37
2025-11-09,2025,11,"Hattie Avenue","Forsyth",36.11094,-80.224501,55.5,NA
2025-11-09,2025,11,"Leggett","Edgecombe",35.988278,-77.5843,58,NA
2025-11-09,2025,11,"Mendenhall School","Guilford",36.1090060008986,-79.802314,57,NA
2025-11-09,2025,11,"Millbrook School","Wake",35.856111,-78.574167,58,29
2025-11-09,2025,11,"Pitt Agri. Center","Pitt",35.6412760008938,-77.360126,53,NA
2025-11-09,2025,11,"West Johnston Co.","Johnston",35.59095,-78.4622,56,NA
2025-11-10,2025,11,"Bryson City","Swain",35.434767,-83.442133,9,NA
2025-11-10,2025,11,"Castle Hayne","New Hanover",34.364167,-77.838611,30,NA
2025-11-10,2025,11,"Clemmons Middle","Forsyth",36.026612,-80.341962,10,NA
2025-11-10,2025,11,"Durham Armory","Durham",36.0329550008979,-78.904037,5,NA
2025-11-10,2025,11,"Garinger High School","Mecklenburg",35.2401000008895,-80.785683,4,26
2025-11-10,2025,11,"Hattie Avenue","Forsyth",36.11094,-80.224501,11,NA
2025-11-10,2025,11,"Leggett","Edgecombe",35.988278,-77.5843,8,NA
2025-11-10,2025,11,"Mendenhall School","Guilford",36.1090060008986,-79.802314,7,NA
2025-11-10,2025,11,"Millbrook School","Wake",35.856111,-78.574167,9,26
2025-11-10,2025,11,"Pitt Agri. Center","Pitt",35.6412760008938,-77.360126,8,NA
2025-11-10,2025,11,"West Johnston Co.","Johnston",35.59095,-78.4622,1,NA
2025-11-11,2025,11,"Bryson City","Swain",35.434767,-83.442133,25,NA
2025-11-11,2025,11,"Castle Hayne","New Hanover",34.364167,-77.838611,26.5,NA
2025-11-11,2025,11,"Clemmons Middle","Forsyth",36.026612,-80.341962,16,NA
2025-11-11,2025,11,"Durham Armory","Durham",36.0329550008979,-78.904037,13,NA
2025-11-11,2025,11,"Garinger High School","Mecklenburg",35.2401000008895,-80.785683,16,30
2025-11-11,2025,11,"Hattie Avenue","Forsyth",36.11094,-80.224501,15,NA
2025-11-11,2025,11,"Leggett","Edgecombe",35.988278,-77.5843,14,NA
2025-11-11,2025,11,"Mendenhall School","Guilford",36.1090060008986,-79.802314,9,NA
2025-11-11,2025,11,"Millbrook School","Wake",35.856111,-78.574167,14,29
2025-11-11,2025,11,"Pitt Agri. Center","Pitt",35.6412760008938,-77.360126,16,NA
2025-11-11,2025,11,"West Johnston Co.","Johnston",35.59095,-78.4622,11,NA
2025-11-12,2025,11,"Bryson City","Swain",35.434767,-83.442133,36,NA
2025-11-12,2025,11,"Castle Hayne","New Hanover",34.364167,-77.838611,45.5,NA
2025-11-12,2025,11,"Clemmons Middle","Forsyth",36.026612,-80.341962,28,NA
2025-11-12,2025,11,"Durham Armory","Durham",36.0329550008979,-78.904037,42.5,NA
2025-11-12,2025,11,"Garinger High School","Mecklenburg",35.2401000008895,-80.785683,47.5,36
2025-11-12,2025,11,"Hattie Avenue","Forsyth",36.11094,-80.224501,28.5,NA
2025-11-12,2025,11,"Leggett","Edgecombe",35.988278,-77.5843,51,NA
2025-11-12,2025,11,"Mendenhall School","Guilford",36.1090060008986,-79.802314,41,NA
2025-11-12,2025,11,"Millbrook School","Wake",35.856111,-78.574167,36.5,33
2025-11-12,2025,11,"Pitt Agri. Center","Pitt",35.6412760008938,-77.360126,42,NA
2025-11-12,2025,11,"West Johnston Co.","Johnston",35.59095,-78.4622,49,NA
2025-11-13,2025,11,"Bryson City","Swain",35.434767,-83.442133,34,NA
2025-11-13,2025,11,"Castle Hayne","New Hanover",34.364167,-77.838611,52,NA
2025-11-13,2025,11,"Clemmons Middle","Forsyth",36.026612,-80.341962,31,NA
2025-11-13,2025,11,"Durham Armory","Durham",36.0329550008979,-78.904037,41.5,NA
2025-11-13,2025,11,"Garinger High School","Mecklenburg",35.2401000008895,-80.785683,55,37
2025-11-13,2025,11,"Hattie Avenue","Forsyth",36.11094,-80.224501,24,NA
2025-11-13,2025,11,"Leggett","Edgecombe",35.988278,-77.5843,46,NA
2025-11-13,2025,11,"Mendenhall School","Guilford",36.1090060008986,-79.802314,44,NA
2025-11-13,2025,11,"Millbrook School","Wake",35.856111,-78.574167,37,36
2025-11-13,2025,11,"Pitt Agri. Center","Pitt",35.6412760008938,-77.360126,35,NA
2025-11-13,2025,11,"West Johnston Co.","Johnston",35.59095,-78.4622,52,NA
2025-11-14,2025,11,"Bryson City","Swain",35.434767,-83.442133,54,NA
2025-11-14,2025,11,"Castle Hayne","New Hanover",34.364167,-77.838611,42.5,NA
2025-11-14,2025,11,"Clemmons Middle","Forsyth",36.026612,-80.341962,29,NA
2025-11-14,2025,11,"Durham Armory","Durham",36.0329550008979,-78.904037,27.5,NA
2025-11-14,2025,11,"Garinger High School","Mecklenburg",35.2401000008895,-80.785683,48,39
2025-11-14,2025,11,"Hattie Avenue","Forsyth",36.11094,-80.224501,25,NA
2025-11-14,2025,11,"Leggett","Edgecombe",35.988278,-77.5843,36,NA
2025-11-14,2025,11,"Mendenhall School","Guilford",36.1090060008986,-79.802314,26,NA
2025-11-14,2025,11,"Millbrook School","Wake",35.856111,-78.574167,29,34
2025-11-14,2025,11,"Pitt Agri. Center","Pitt",35.6412760008938,-77.360126,40,NA
2025-11-14,2025,11,"West Johnston Co.","Johnston",35.59095,-78.4622,49,NA
2025-11-15,2025,11,"Bryson City","Swain",35.434767,-83.442133,57,NA
2025-11-15,2025,11,"Castle Hayne","New Hanover",34.364167,-77.838611,55,NA
2025-11-15,2025,11,"Clemmons Middle","Forsyth",36.026612,-80.341962,54.5,NA
2025-11-15,2025,11,"Durham Armory","Durham",36.0329550008979,-78.904037,51,NA
2025-11-15,2025,11,"Garinger High School","Mecklenburg",35.2401000008895,-80.785683,54.5,42
2025-11-15,2025,11,"Hattie Avenue","Forsyth",36.11094,-80.224501,54.5,NA
2025-11-15,2025,11,"Leggett","Edgecombe",35.988278,-77.5843,52,NA
2025-11-15,2025,11,"Mendenhall School","Guilford",36.1090060008986,-79.802314,54,NA
2025-11-15,2025,11,"Millbrook School","Wake",35.856111,-78.574167,53,40
2025-11-15,2025,11,"Pitt Agri. Center","Pitt",35.6412760008938,-77.360126,53,NA
2025-11-15,2025,11,"West Johnston Co.","Johnston",35.59095,-78.4622,54,NA
2025-11-16,2025,11,"Bryson City","Swain",35.434767,-83.442133,29,NA
2025-11-16,2025,11,"Castle Hayne","New Hanover",34.364167,-77.838611,58.5,NA
2025-11-16,2025,11,"Clemmons Middle","Forsyth",36.026612,-80.341962,36,NA
2025-11-16,2025,11,"Durham Armory","Durham",36.0329550008979,-78.904037,40.5,NA
2025-11-16,2025,11,"Garinger High School","Mecklenburg",35.2401000008895,-80.785683,43,36
2025-11-16,2025,11,"Hattie Avenue","Forsyth",36.11094,-80.224501,37,NA
2025-11-16,2025,11,"Leggett","Edgecombe",35.988278,-77.5843,39,NA
2025-11-16,2025,11,"Mendenhall School","Guilford",36.1090060008986,-79.802314,30,NA
2025-11-16,2025,11,"Millbrook School","Wake",35.856111,-78.574167,50,38
2025-11-16,2025,11,"Pitt Agri. Center","Pitt",35.6412760008938,-77.360126,44,NA
2025-11-16,2025,11,"West Johnston Co.","Johnston",35.59095,-78.4622,46,NA
2025-11-17,2025,11,"Bryson City","Swain",35.434767,-83.442133,13,NA
2025-11-17,2025,11,"Castle Hayne","New Hanover",34.364167,-77.838611,28,NA
2025-11-17,2025,11,"Clemmons Middle","Forsyth",36.026612,-80.341962,17,NA
2025-11-17,2025,11,"Durham Armory","Durham",36.0329550008979,-78.904037,19,NA
2025-11-17,2025,11,"Garinger High School","Mecklenburg",35.2401000008895,-80.785683,29,35
2025-11-17,2025,11,"Hattie Avenue","Forsyth",36.11094,-80.224501,16,NA
2025-11-17,2025,11,"Leggett","Edgecombe",35.988278,-77.5843,16,NA
2025-11-17,2025,11,"Mendenhall School","Guilford",36.1090060008986,-79.802314,19,NA
2025-11-17,2025,11,"Millbrook School","Wake",35.856111,-78.574167,20.5,36
2025-11-17,2025,11,"Pitt Agri. Center","Pitt",35.6412760008938,-77.360126,21,NA
2025-11-17,2025,11,"West Johnston Co.","Johnston",35.59095,-78.4622,27,NA
2025-11-18,2025,11,"Bryson City","Swain",35.434767,-83.442133,36,NA
2025-11-18,2025,11,"Castle Hayne","New Hanover",34.364167,-77.838611,36,NA
2025-11-18,2025,11,"Clemmons Middle","Forsyth",36.026612,-80.341962,33,NA
2025-11-18,2025,11,"Durham Armory","Durham",36.0329550008979,-78.904037,33,NA
2025-11-18,2025,11,"Garinger High School","Mecklenburg",35.2401000008895,-80.785683,43,41
2025-11-18,2025,11,"Hattie Avenue","Forsyth",36.11094,-80.224501,31.5,NA
2025-11-18,2025,11,"Leggett","Edgecombe",35.988278,-77.5843,34,NA
2025-11-18,2025,11,"Mendenhall School","Guilford",36.1090060008986,-79.802314,32,NA
2025-11-18,2025,11,"Millbrook School","Wake",35.856111,-78.574167,42,34
2025-11-18,2025,11,"Pitt Agri. Center","Pitt",35.6412760008938,-77.360126,52,NA
2025-11-18,2025,11,"West Johnston Co.","Johnston",35.59095,-78.4622,46,NA
2025-11-19,2025,11,"Bryson City","Swain",35.434767,-83.442133,47,NA
2025-11-19,2025,11,"Castle Hayne","New Hanover",34.364167,-77.838611,46.5,NA
2025-11-19,2025,11,"Clemmons Middle","Forsyth",36.026612,-80.341962,52,NA
2025-11-19,2025,11,"Durham Armory","Durham",36.0329550008979,-78.904037,51.5,NA
2025-11-19,2025,11,"Garinger High School","Mecklenburg",35.2401000008895,-80.785683,55,39
2025-11-19,2025,11,"Hattie Avenue","Forsyth",36.11094,-80.224501,52,NA
2025-11-19,2025,11,"Leggett","Edgecombe",35.988278,-77.5843,43,NA
2025-11-19,2025,11,"Mendenhall School","Guilford",36.1090060008986,-79.802314,52,NA
2025-11-19,2025,11,"Millbrook School","Wake",35.856111,-78.574167,46,36
2025-11-19,2025,11,"Pitt Agri. Center","Pitt",35.6412760008938,-77.360126,47,NA
2025-11-19,2025,11,"West Johnston Co.","Johnston",35.59095,-78.4622,53,NA
2025-11-20,2025,11,"Bryson City","Swain",35.434767,-83.442133,51,NA
2025-11-20,2025,11,"Castle Hayne","New Hanover",34.364167,-77.838611,53,NA
2025-11-20,2025,11,"Clemmons Middle","Forsyth",36.026612,-80.341962,55,NA
2025-11-20,2025,11,"Durham Armory","Durham",36.0329550008979,-78.904037,48.5,NA
2025-11-20,2025,11,"Garinger High School","Mecklenburg",35.2401000008895,-80.785683,63,37
2025-11-20,2025,11,"Hattie Avenue","Forsyth",36.11094,-80.224501,53,NA
2025-11-20,2025,11,"Leggett","Edgecombe",35.988278,-77.5843,43,NA
2025-11-20,2025,11,"Mendenhall School","Guilford",36.1090060008986,-79.802314,47,NA
2025-11-20,2025,11,"Millbrook School","Wake",35.856111,-78.574167,54,25
2025-11-20,2025,11,"Pitt Agri. Center","Pitt",35.6412760008938,-77.360126,53,NA
2025-11-20,2025,11,"West Johnston Co.","Johnston",35.59095,-78.4622,52,NA
2025-11-21,2025,11,"Bryson City","Swain",35.434767,-83.442133,54,NA
2025-11-21,2025,11,"Castle Hayne","New Hanover",34.364167,-77.838611,57,NA
2025-11-21,2025,11,"Clemmons Middle","Forsyth",36.026612,-80.341962,81,NA
2025-11-21,2025,11,"Durham Armory","Durham",36.0329550008979,-78.904037,71,NA
2025-11-21,2025,11,"Garinger High School","Mecklenburg",35.2401000008895,-80.785683,81,25
2025-11-21,2025,11,"Hattie Avenue","Forsyth",36.11094,-80.224501,84.5,NA
2025-11-21,2025,11,"Leggett","Edgecombe",35.988278,-77.5843,61,NA
2025-11-21,2025,11,"Mendenhall School","Guilford",36.1090060008986,-79.802314,76,NA
2025-11-21,2025,11,"Millbrook School","Wake",35.856111,-78.574167,72,12
2025-11-21,2025,11,"Pitt Agri. Center","Pitt",35.6412760008938,-77.360126,62,NA
2025-11-21,2025,11,"West Johnston Co.","Johnston",35.59095,-78.4622,65,NA
2025-11-22,2025,11,"Bryson City","Swain",35.434767,-83.442133,46,NA
2025-11-22,2025,11,"Castle Hayne","New Hanover",34.364167,-77.838611,59,NA
2025-11-22,2025,11,"Clemmons Middle","Forsyth",36.026612,-80.341962,58,NA
2025-11-22,2025,11,"Durham Armory","Durham",36.0329550008979,-78.904037,62,NA
2025-11-22,2025,11,"Garinger High School","Mecklenburg",35.2401000008895,-80.785683,37,30
2025-11-22,2025,11,"Hattie Avenue","Forsyth",36.11094,-80.224501,63,NA
2025-11-22,2025,11,"Leggett","Edgecombe",35.988278,-77.5843,58,NA
2025-11-22,2025,11,"Mendenhall School","Guilford",36.1090060008986,-79.802314,59,NA
2025-11-22,2025,11,"Millbrook School","Wake",35.856111,-78.574167,65,27
2025-11-22,2025,11,"Pitt Agri. Center","Pitt",35.6412760008938,-77.360126,55,NA
2025-11-22,2025,11,"West Johnston Co.","Johnston",35.59095,-78.4622,56,NA
2025-11-23,2025,11,"Bryson City","Swain",35.434767,-83.442133,34,NA
2025-11-23,2025,11,"Castle Hayne","New Hanover",34.364167,-77.838611,53.5,NA
2025-11-23,2025,11,"Clemmons Middle","Forsyth",36.026612,-80.341962,30,NA
2025-11-23,2025,11,"Durham Armory","Durham",36.0329550008979,-78.904037,34.5,NA
2025-11-23,2025,11,"Garinger High School","Mecklenburg",35.2401000008895,-80.785683,46,33
2025-11-23,2025,11,"Hattie Avenue","Forsyth",36.11094,-80.224501,29,NA
2025-11-23,2025,11,"Leggett","Edgecombe",35.988278,-77.5843,31,NA
2025-11-23,2025,11,"Mendenhall School","Guilford",36.1090060008986,-79.802314,29,NA
2025-11-23,2025,11,"Millbrook School","Wake",35.856111,-78.574167,43,30
2025-11-23,2025,11,"Pitt Agri. Center","Pitt",35.6412760008938,-77.360126,25,NA
2025-11-23,2025,11,"West Johnston Co.","Johnston",35.59095,-78.4622,40,NA
2025-11-24,2025,11,"Bryson City","Swain",35.434767,-83.442133,55,NA
2025-11-24,2025,11,"Castle Hayne","New Hanover",34.364167,-77.838611,54.5,NA
2025-11-24,2025,11,"Clemmons Middle","Forsyth",36.026612,-80.341962,31,NA
2025-11-24,2025,11,"Durham Armory","Durham",36.0329550008979,-78.904037,37,NA
2025-11-24,2025,11,"Garinger High School","Mecklenburg",35.2401000008895,-80.785683,40.5,34
2025-11-24,2025,11,"Hattie Avenue","Forsyth",36.11094,-80.224501,32,NA
2025-11-24,2025,11,"Leggett","Edgecombe",35.988278,-77.5843,36,NA
2025-11-24,2025,11,"Mendenhall School","Guilford",36.1090060008986,-79.802314,21,NA
2025-11-24,2025,11,"Millbrook School","Wake",35.856111,-78.574167,46,34
2025-11-24,2025,11,"Pitt Agri. Center","Pitt",35.6412760008938,-77.360126,41,NA
2025-11-24,2025,11,"West Johnston Co.","Johnston",35.59095,-78.4622,41,NA
2025-11-25,2025,11,"Bryson City","Swain",35.434767,-83.442133,54,NA
2025-11-25,2025,11,"Castle Hayne","New Hanover",34.364167,-77.838611,24,NA
2025-11-25,2025,11,"Clemmons Middle","Forsyth",36.026612,-80.341962,56,NA
2025-11-25,2025,11,"Durham Armory","Durham",36.0329550008979,-78.904037,46,NA
2025-11-25,2025,11,"Garinger High School","Mecklenburg",35.2401000008895,-80.785683,33,31
2025-11-25,2025,11,"Hattie Avenue","Forsyth",36.11094,-80.224501,56,NA
2025-11-25,2025,11,"Leggett","Edgecombe",35.988278,-77.5843,36,NA
2025-11-25,2025,11,"Mendenhall School","Guilford",36.1090060008986,-79.802314,45,NA
2025-11-25,2025,11,"Millbrook School","Wake",35.856111,-78.574167,39,32
2025-11-25,2025,11,"Pitt Agri. Center","Pitt",35.6412760008938,-77.360126,28,NA
2025-11-25,2025,11,"West Johnston Co.","Johnston",35.59095,-78.4622,47,NA
2025-11-26,2025,11,"Bryson City","Swain",35.434767,-83.442133,18,NA
2025-11-26,2025,11,"Castle Hayne","New Hanover",34.364167,-77.838611,36,NA
2025-11-26,2025,11,"Clemmons Middle","Forsyth",36.026612,-80.341962,54,NA
2025-11-26,2025,11,"Durham Armory","Durham",36.0329550008979,-78.904037,38.5,NA
2025-11-26,2025,11,"Garinger High School","Mecklenburg",35.2401000008895,-80.785683,37,33
2025-11-26,2025,11,"Hattie Avenue","Forsyth",36.11094,-80.224501,54,NA
2025-11-26,2025,11,"Leggett","Edgecombe",35.988278,-77.5843,34,NA
2025-11-26,2025,11,"Mendenhall School","Guilford",36.1090060008986,-79.802314,39,NA
2025-11-26,2025,11,"Millbrook School","Wake",35.856111,-78.574167,36,32
2025-11-26,2025,11,"Pitt Agri. Center","Pitt",35.6412760008938,-77.360126,24,NA
2025-11-26,2025,11,"West Johnston Co.","Johnston",35.59095,-78.4622,33,NA
2025-11-27,2025,11,"Bryson City","Swain",35.434767,-83.442133,11,NA
2025-11-27,2025,11,"Castle Hayne","New Hanover",34.364167,-77.838611,29.5,NA
2025-11-27,2025,11,"Clemmons Middle","Forsyth",36.026612,-80.341962,17,NA
2025-11-27,2025,11,"Durham Armory","Durham",36.0329550008979,-78.904037,14,NA
2025-11-27,2025,11,"Garinger High School","Mecklenburg",35.2401000008895,-80.785683,13.5,33
2025-11-27,2025,11,"Hattie Avenue","Forsyth",36.11094,-80.224501,16.5,NA
2025-11-27,2025,11,"Leggett","Edgecombe",35.988278,-77.5843,18,NA
2025-11-27,2025,11,"Mendenhall School","Guilford",36.1090060008986,-79.802314,20,NA
2025-11-27,2025,11,"Millbrook School","Wake",35.856111,-78.574167,15,32
2025-11-27,2025,11,"Pitt Agri. Center","Pitt",35.6412760008938,-77.360126,10,NA
2025-11-27,2025,11,"West Johnston Co.","Johnston",35.59095,-78.4622,11,NA
2025-11-28,2025,11,"Bryson City","Swain",35.434767,-83.442133,28,NA
2025-11-28,2025,11,"Castle Hayne","New Hanover",34.364167,-77.838611,28.5,NA
2025-11-28,2025,11,"Clemmons Middle","Forsyth",36.026612,-80.341962,29,NA
2025-11-28,2025,11,"Durham Armory","Durham",36.0329550008979,-78.904037,19,NA
2025-11-28,2025,11,"Garinger High School","Mecklenburg",35.2401000008895,-80.785683,24,31
2025-11-28,2025,11,"Hattie Avenue","Forsyth",36.11094,-80.224501,22,NA
2025-11-28,2025,11,"Leggett","Edgecombe",35.988278,-77.5843,19,NA
2025-11-28,2025,11,"Mendenhall School","Guilford",36.1090060008986,-79.802314,19,NA
2025-11-28,2025,11,"Millbrook School","Wake",35.856111,-78.574167,19,31
2025-11-28,2025,11,"Pitt Agri. Center","Pitt",35.6412760008938,-77.360126,19,NA
2025-11-28,2025,11,"West Johnston Co.","Johnston",35.59095,-78.4622,23,NA
2025-11-29,2025,11,"Bryson City","Swain",35.434767,-83.442133,41,NA
2025-11-29,2025,11,"Castle Hayne","New Hanover",34.364167,-77.838611,32,NA
2025-11-29,2025,11,"Clemmons Middle","Forsyth",36.026612,-80.341962,35,NA
2025-11-29,2025,11,"Durham Armory","Durham",36.0329550008979,-78.904037,28,NA
2025-11-29,2025,11,"Garinger High School","Mecklenburg",35.2401000008895,-80.785683,38,31
2025-11-29,2025,11,"Hattie Avenue","Forsyth",36.11094,-80.224501,39,NA
2025-11-29,2025,11,"Leggett","Edgecombe",35.988278,-77.5843,24,NA
2025-11-29,2025,11,"Mendenhall School","Guilford",36.1090060008986,-79.802314,26,NA
2025-11-29,2025,11,"Millbrook School","Wake",35.856111,-78.574167,37,30
2025-11-29,2025,11,"Pitt Agri. Center","Pitt",35.6412760008938,-77.360126,24,NA
2025-11-29,2025,11,"West Johnston Co.","Johnston",35.59095,-78.4622,36,NA
2025-11-30,2025,11,"Bryson City","Swain",35.434767,-83.442133,33,NA
2025-11-30,2025,11,"Castle Hayne","New Hanover",34.364167,-77.838611,19.5,NA
2025-11-30,2025,11,"Clemmons Middle","Forsyth",36.026612,-80.341962,55,NA
2025-11-30,2025,11,"Durham Armory","Durham",36.0329550008979,-78.904037,45,NA
2025-11-30,2025,11,"Garinger High School","Mecklenburg",35.2401000008895,-80.785683,47,20
2025-11-30,2025,11,"Hattie Avenue","Forsyth",36.11094,-80.224501,53,NA
2025-11-30,2025,11,"Leggett","Edgecombe",35.988278,-77.5843,34,NA
2025-11-30,2025,11,"Mendenhall School","Guilford",36.1090060008986,-79.802314,47,NA
2025-11-30,2025,11,"Millbrook School","Wake",35.856111,-78.574167,39,26
2025-11-30,2025,11,"Pitt Agri. Center","Pitt",35.6412760008938,-77.360126,36,NA
2025-11-30,2025,11,"West Johnston Co.","Johnston",35.59095,-78.4622,41,NA
2025-12-01,2025,12,"Bryson City","Swain",35.434767,-83.442133,28,NA
2025-12-01,2025,12,"Castle Hayne","New Hanover",34.364167,-77.838611,38.5,NA
2025-12-01,2025,12,"Clemmons Middle","Forsyth",36.026612,-80.341962,38,NA
2025-12-01,2025,12,"Durham Armory","Durham",36.0329550008979,-78.904037,29,NA
2025-12-01,2025,12,"Garinger High School","Mecklenburg",35.2401000008895,-80.785683,36,25
2025-12-01,2025,12,"Hattie Avenue","Forsyth",36.11094,-80.224501,42,NA
2025-12-01,2025,12,"Leggett","Edgecombe",35.988278,-77.5843,28,NA
2025-12-01,2025,12,"Mendenhall School","Guilford",36.1090060008986,-79.802314,28,NA
2025-12-01,2025,12,"Millbrook School","Wake",35.856111,-78.574167,37,27
2025-12-01,2025,12,"Pitt Agri. Center","Pitt",35.6412760008938,-77.360126,27,NA
2025-12-01,2025,12,"West Johnston Co.","Johnston",35.59095,-78.4622,22,NA
2025-12-02,2025,12,"Bryson City","Swain",35.434767,-83.442133,19,NA
2025-12-02,2025,12,"Castle Hayne","New Hanover",34.364167,-77.838611,28.5,NA
2025-12-02,2025,12,"Clemmons Middle","Forsyth",36.026612,-80.341962,41,NA
2025-12-02,2025,12,"Durham Armory","Durham",36.0329550008979,-78.904037,27,NA
2025-12-02,2025,12,"Garinger High School","Mecklenburg",35.2401000008895,-80.785683,37,13
2025-12-02,2025,12,"Hattie Avenue","Forsyth",36.11094,-80.224501,37,NA
2025-12-02,2025,12,"Leggett","Edgecombe",35.988278,-77.5843,22,NA
2025-12-02,2025,12,"Mendenhall School","Guilford",36.1090060008986,-79.802314,33,NA
2025-12-02,2025,12,"Millbrook School","Wake",35.856111,-78.574167,29,NA
2025-12-02,2025,12,"Pitt Agri. Center","Pitt",35.6412760008938,-77.360126,23,NA
2025-12-02,2025,12,"West Johnston Co.","Johnston",35.59095,-78.4622,31,NA
2025-12-03,2025,12,"Bryson City","Swain",35.434767,-83.442133,25,NA
2025-12-03,2025,12,"Castle Hayne","New Hanover",34.364167,-77.838611,47.5,NA
2025-12-03,2025,12,"Clemmons Middle","Forsyth",36.026612,-80.341962,37,NA
2025-12-03,2025,12,"Durham Armory","Durham",36.0329550008979,-78.904037,34,NA
2025-12-03,2025,12,"Garinger High School","Mecklenburg",35.2401000008895,-80.785683,37.5,26
2025-12-03,2025,12,"Hattie Avenue","Forsyth",36.11094,-80.224501,35.5,NA
2025-12-03,2025,12,"Leggett","Edgecombe",35.988278,-77.5843,31,NA
2025-12-03,2025,12,"Mendenhall School","Guilford",36.1090060008986,-79.802314,42,NA
2025-12-03,2025,12,"Millbrook School","Wake",35.856111,-78.574167,41,NA
2025-12-03,2025,12,"Pitt Agri. Center","Pitt",35.6412760008938,-77.360126,34,NA
2025-12-03,2025,12,"West Johnston Co.","Johnston",35.59095,-78.4622,32,NA
2025-12-04,2025,12,"Bryson City","Swain",35.434767,-83.442133,53,NA
2025-12-04,2025,12,"Castle Hayne","New Hanover",34.364167,-77.838611,56.5,NA
2025-12-04,2025,12,"Clemmons Middle","Forsyth",36.026612,-80.341962,55,NA
2025-12-04,2025,12,"Durham Armory","Durham",36.0329550008979,-78.904037,47,NA
2025-12-04,2025,12,"Garinger High School","Mecklenburg",35.2401000008895,-80.785683,60,12
2025-12-04,2025,12,"Hattie Avenue","Forsyth",36.11094,-80.224501,54,NA
2025-12-04,2025,12,"Leggett","Edgecombe",35.988278,-77.5843,52,NA
2025-12-04,2025,12,"Mendenhall School","Guilford",36.1090060008986,-79.802314,50,NA
2025-12-04,2025,12,"Millbrook School","Wake",35.856111,-78.574167,54,19
2025-12-04,2025,12,"Pitt Agri. Center","Pitt",35.6412760008938,-77.360126,56,NA
2025-12-04,2025,12,"West Johnston Co.","Johnston",35.59095,-78.4622,58,NA
2025-12-05,2025,12,"Bryson City","Swain",35.434767,-83.442133,21,NA
2025-12-05,2025,12,"Castle Hayne","New Hanover",34.364167,-77.838611,42,NA
2025-12-05,2025,12,"Clemmons Middle","Forsyth",36.026612,-80.341962,44,NA
2025-12-05,2025,12,"Durham Armory","Durham",36.0329550008979,-78.904037,34,NA
2025-12-05,2025,12,"Garinger High School","Mecklenburg",35.2401000008895,-80.785683,43,12
2025-12-05,2025,12,"Hattie Avenue","Forsyth",36.11094,-80.224501,37,NA
2025-12-05,2025,12,"Leggett","Edgecombe",35.988278,-77.5843,26,NA
2025-12-05,2025,12,"Mendenhall School","Guilford",36.1090060008986,-79.802314,33,NA
2025-12-05,2025,12,"Millbrook School","Wake",35.856111,-78.574167,35,17
2025-12-05,2025,12,"Pitt Agri. Center","Pitt",35.6412760008938,-77.360126,26,NA
2025-12-05,2025,12,"West Johnston Co.","Johnston",35.59095,-78.4622,33,NA
2025-12-06,2025,12,"Bryson City","Swain",35.434767,-83.442133,56,NA
2025-12-06,2025,12,"Castle Hayne","New Hanover",34.364167,-77.838611,36.5,NA
2025-12-06,2025,12,"Clemmons Middle","Forsyth",36.026612,-80.341962,59,NA
2025-12-06,2025,12,"Durham Armory","Durham",36.0329550008979,-78.904037,48.5,NA
2025-12-06,2025,12,"Garinger High School","Mecklenburg",35.2401000008895,-80.785683,58.5,6
2025-12-06,2025,12,"Hattie Avenue","Forsyth",36.11094,-80.224501,53.5,NA
2025-12-06,2025,12,"Leggett","Edgecombe",35.988278,-77.5843,37,NA
2025-12-06,2025,12,"Mendenhall School","Guilford",36.1090060008986,-79.802314,52,NA
2025-12-06,2025,12,"Millbrook School","Wake",35.856111,-78.574167,53,9
2025-12-06,2025,12,"Pitt Agri. Center","Pitt",35.6412760008938,-77.360126,33,NA
2025-12-06,2025,12,"West Johnston Co.","Johnston",35.59095,-78.4622,44,NA
2025-12-07,2025,12,"Bryson City","Swain",35.434767,-83.442133,42,NA
2025-12-07,2025,12,"Castle Hayne","New Hanover",34.364167,-77.838611,63,NA
2025-12-07,2025,12,"Clemmons Middle","Forsyth",36.026612,-80.341962,56,NA
2025-12-07,2025,12,"Durham Armory","Durham",36.0329550008979,-78.904037,58,NA
2025-12-07,2025,12,"Garinger High School","Mecklenburg",35.2401000008895,-80.785683,51,7
2025-12-07,2025,12,"Hattie Avenue","Forsyth",36.11094,-80.224501,56,NA
2025-12-07,2025,12,"Leggett","Edgecombe",35.988278,-77.5843,53,NA
2025-12-07,2025,12,"Mendenhall School","Guilford",36.1090060008986,-79.802314,52,NA
2025-12-07,2025,12,"Millbrook School","Wake",35.856111,-78.574167,61,10
2025-12-07,2025,12,"Pitt Agri. Center","Pitt",35.6412760008938,-77.360126,53,NA
2025-12-07,2025,12,"West Johnston Co.","Johnston",35.59095,-78.4622,59,NA
2025-12-08,2025,12,"Bryson City","Swain",35.434767,-83.442133,52,NA
2025-12-08,2025,12,"Castle Hayne","New Hanover",34.364167,-77.838611,52.5,NA
2025-12-08,2025,12,"Clemmons Middle","Forsyth",36.026612,-80.341962,56,NA
2025-12-08,2025,12,"Durham Armory","Durham",36.0329550008979,-78.904037,51,NA
2025-12-08,2025,12,"Garinger High School","Mecklenburg",35.2401000008895,-80.785683,46,19
2025-12-08,2025,12,"Hattie Avenue","Forsyth",36.11094,-80.224501,55,NA
2025-12-08,2025,12,"Leggett","Edgecombe",35.988278,-77.5843,33,NA
2025-12-08,2025,12,"Mendenhall School","Guilford",36.1090060008986,-79.802314,53,NA
2025-12-08,2025,12,"Millbrook School","Wake",35.856111,-78.574167,54,26
2025-12-08,2025,12,"Pitt Agri. Center","Pitt",35.6412760008938,-77.360126,37,NA
2025-12-08,2025,12,"West Johnston Co.","Johnston",35.59095,-78.4622,44,NA
2025-12-09,2025,12,"Bryson City","Swain",35.434767,-83.442133,32,NA
2025-12-09,2025,12,"Castle Hayne","New Hanover",34.364167,-77.838611,30,NA
2025-12-09,2025,12,"Clemmons Middle","Forsyth",36.026612,-80.341962,40,NA
2025-12-09,2025,12,"Durham Armory","Durham",36.0329550008979,-78.904037,33,NA
2025-12-09,2025,12,"Garinger High School","Mecklenburg",35.2401000008895,-80.785683,41,20
2025-12-09,2025,12,"Hattie Avenue","Forsyth",36.11094,-80.224501,38,NA
2025-12-09,2025,12,"Leggett","Edgecombe",35.988278,-77.5843,23,NA
2025-12-09,2025,12,"Mendenhall School","Guilford",36.1090060008986,-79.802314,39,NA
2025-12-09,2025,12,"Millbrook School","Wake",35.856111,-78.574167,36,26
2025-12-09,2025,12,"Pitt Agri. Center","Pitt",35.6412760008938,-77.360126,24,NA
2025-12-09,2025,12,"West Johnston Co.","Johnston",35.59095,-78.4622,28,NA
2025-12-10,2025,12,"Bryson City","Swain",35.434767,-83.442133,37,NA
2025-12-10,2025,12,"Castle Hayne","New Hanover",34.364167,-77.838611,42.5,NA
2025-12-10,2025,12,"Clemmons Middle","Forsyth",36.026612,-80.341962,53,NA
2025-12-10,2025,12,"Durham Armory","Durham",36.0329550008979,-78.904037,48.5,NA
2025-12-10,2025,12,"Garinger High School","Mecklenburg",35.2401000008895,-80.785683,39,30
2025-12-10,2025,12,"Hattie Avenue","Forsyth",36.11094,-80.224501,53,NA
2025-12-10,2025,12,"Leggett","Edgecombe",35.988278,-77.5843,42,NA
2025-12-10,2025,12,"Mendenhall School","Guilford",36.1090060008986,-79.802314,45,NA
2025-12-10,2025,12,"Millbrook School","Wake",35.856111,-78.574167,52,27
2025-12-10,2025,12,"Pitt Agri. Center","Pitt",35.6412760008938,-77.360126,46,NA
2025-12-10,2025,12,"West Johnston Co.","Johnston",35.59095,-78.4622,43,NA
2025-12-11,2025,12,"Bryson City","Swain",35.434767,-83.442133,18,NA
2025-12-11,2025,12,"Castle Hayne","New Hanover",34.364167,-77.838611,31,NA
2025-12-11,2025,12,"Clemmons Middle","Forsyth",36.026612,-80.341962,18,NA
2025-12-11,2025,12,"Durham Armory","Durham",36.0329550008979,-78.904037,13.5,NA
2025-12-11,2025,12,"Garinger High School","Mecklenburg",35.2401000008895,-80.785683,15,27
2025-12-11,2025,12,"Hattie Avenue","Forsyth",36.11094,-80.224501,18,NA
2025-12-11,2025,12,"Leggett","Edgecombe",35.988278,-77.5843,13,NA
2025-12-11,2025,12,"Mendenhall School","Guilford",36.1090060008986,-79.802314,18,NA
2025-12-11,2025,12,"Millbrook School","Wake",35.856111,-78.574167,16.5,26
2025-12-11,2025,12,"Pitt Agri. Center","Pitt",35.6412760008938,-77.360126,20,NA
2025-12-11,2025,12,"West Johnston Co.","Johnston",35.59095,-78.4622,17,NA
2025-12-12,2025,12,"Bryson City","Swain",35.434767,-83.442133,51,NA
2025-12-12,2025,12,"Castle Hayne","New Hanover",34.364167,-77.838611,31.5,NA
2025-12-12,2025,12,"Clemmons Middle","Forsyth",36.026612,-80.341962,50,NA
2025-12-12,2025,12,"Durham Armory","Durham",36.0329550008979,-78.904037,39,NA
2025-12-12,2025,12,"Garinger High School","Mecklenburg",35.2401000008895,-80.785683,33,27
2025-12-12,2025,12,"Hattie Avenue","Forsyth",36.11094,-80.224501,39,NA
2025-12-12,2025,12,"Leggett","Edgecombe",35.988278,-77.5843,23,NA
2025-12-12,2025,12,"Mendenhall School","Guilford",36.1090060008986,-79.802314,36,NA
2025-12-12,2025,12,"Millbrook School","Wake",35.856111,-78.574167,40,22
2025-12-12,2025,12,"Pitt Agri. Center","Pitt",35.6412760008938,-77.360126,26,NA
2025-12-12,2025,12,"West Johnston Co.","Johnston",35.59095,-78.4622,34,NA
2025-12-13,2025,12,"Bryson City","Swain",35.434767,-83.442133,66,NA
2025-12-13,2025,12,"Castle Hayne","New Hanover",34.364167,-77.838611,44,NA
2025-12-13,2025,12,"Clemmons Middle","Forsyth",36.026612,-80.341962,68,NA
2025-12-13,2025,12,"Durham Armory","Durham",36.0329550008979,-78.904037,59.5,NA
2025-12-13,2025,12,"Garinger High School","Mecklenburg",35.2401000008895,-80.785683,59,31
2025-12-13,2025,12,"Hattie Avenue","Forsyth",36.11094,-80.224501,64,NA
2025-12-13,2025,12,"Leggett","Edgecombe",35.988278,-77.5843,52,NA
2025-12-13,2025,12,"Mendenhall School","Guilford",36.1090060008986,-79.802314,59,NA
2025-12-13,2025,12,"Millbrook School","Wake",35.856111,-78.574167,64.5,25
2025-12-13,2025,12,"Pitt Agri. Center","Pitt",35.6412760008938,-77.360126,56,NA
2025-12-13,2025,12,"West Johnston Co.","Johnston",35.59095,-78.4622,58,NA
2025-12-14,2025,12,"Bryson City","Swain",35.434767,-83.442133,29,NA
2025-12-14,2025,12,"Castle Hayne","New Hanover",34.364167,-77.838611,34,NA
2025-12-14,2025,12,"Clemmons Middle","Forsyth",36.026612,-80.341962,48,NA
2025-12-14,2025,12,"Durham Armory","Durham",36.0329550008979,-78.904037,40.5,NA
2025-12-14,2025,12,"Garinger High School","Mecklenburg",35.2401000008895,-80.785683,32,33
2025-12-14,2025,12,"Hattie Avenue","Forsyth",36.11094,-80.224501,39,NA
2025-12-14,2025,12,"Leggett","Edgecombe",35.988278,-77.5843,41,NA
2025-12-14,2025,12,"Mendenhall School","Guilford",36.1090060008986,-79.802314,40,NA
2025-12-14,2025,12,"Millbrook School","Wake",35.856111,-78.574167,51,33
2025-12-14,2025,12,"Pitt Agri. Center","Pitt",35.6412760008938,-77.360126,33,NA
2025-12-14,2025,12,"West Johnston Co.","Johnston",35.59095,-78.4622,31,NA
2025-12-15,2025,12,"Bryson City","Swain",35.434767,-83.442133,45,NA
2025-12-15,2025,12,"Castle Hayne","New Hanover",34.364167,-77.838611,28.5,NA
2025-12-15,2025,12,"Clemmons Middle","Forsyth",36.026612,-80.341962,27.5,NA
2025-12-15,2025,12,"Durham Armory","Durham",36.0329550008979,-78.904037,20,NA
2025-12-15,2025,12,"Garinger High School","Mecklenburg",35.2401000008895,-80.785683,29.5,27
2025-12-15,2025,12,"Hattie Avenue","Forsyth",36.11094,-80.224501,22.5,NA
2025-12-15,2025,12,"Leggett","Edgecombe",35.988278,-77.5843,11,NA
2025-12-15,2025,12,"Mendenhall School","Guilford",36.1090060008986,-79.802314,20,NA
2025-12-15,2025,12,"Millbrook School","Wake",35.856111,-78.574167,32,27
2025-12-15,2025,12,"Pitt Agri. Center","Pitt",35.6412760008938,-77.360126,19,NA
2025-12-15,2025,12,"West Johnston Co.","Johnston",35.59095,-78.4622,24,NA
2025-12-16,2025,12,"Bryson City","Swain",35.434767,-83.442133,55,NA
2025-12-16,2025,12,"Castle Hayne","New Hanover",34.364167,-77.838611,44.5,NA
2025-12-16,2025,12,"Clemmons Middle","Forsyth",36.026612,-80.341962,55,NA
2025-12-16,2025,12,"Durham Armory","Durham",36.0329550008979,-78.904037,44.5,NA
2025-12-16,2025,12,"Garinger High School","Mecklenburg",35.2401000008895,-80.785683,54,26
2025-12-16,2025,12,"Hattie Avenue","Forsyth",36.11094,-80.224501,52,NA
2025-12-16,2025,12,"Leggett","Edgecombe",35.988278,-77.5843,42,NA
2025-12-16,2025,12,"Mendenhall School","Guilford",36.1090060008986,-79.802314,46,NA
2025-12-16,2025,12,"Millbrook School","Wake",35.856111,-78.574167,50.5,26
2025-12-16,2025,12,"Pitt Agri. Center","Pitt",35.6412760008938,-77.360126,48,NA
2025-12-16,2025,12,"West Johnston Co.","Johnston",35.59095,-78.4622,34,NA
2025-12-17,2025,12,"Bryson City","Swain",35.434767,-83.442133,65,NA
2025-12-17,2025,12,"Castle Hayne","New Hanover",34.364167,-77.838611,54.5,NA
2025-12-17,2025,12,"Clemmons Middle","Forsyth",36.026612,-80.341962,69,NA
2025-12-17,2025,12,"Durham Armory","Durham",36.0329550008979,-78.904037,59,NA
2025-12-17,2025,12,"Garinger High School","Mecklenburg",35.2401000008895,-80.785683,59,30
2025-12-17,2025,12,"Hattie Avenue","Forsyth",36.11094,-80.224501,78,NA
2025-12-17,2025,12,"Leggett","Edgecombe",35.988278,-77.5843,51,NA
2025-12-17,2025,12,"Mendenhall School","Guilford",36.1090060008986,-79.802314,61,NA
2025-12-17,2025,12,"Millbrook School","Wake",35.856111,-78.574167,67,27
2025-12-17,2025,12,"Pitt Agri. Center","Pitt",35.6412760008938,-77.360126,53,NA
2025-12-17,2025,12,"West Johnston Co.","Johnston",35.59095,-78.4622,56,NA
2025-12-18,2025,12,"Bryson City","Swain",35.434767,-83.442133,57,NA
2025-12-18,2025,12,"Castle Hayne","New Hanover",34.364167,-77.838611,34,NA
2025-12-18,2025,12,"Clemmons Middle","Forsyth",36.026612,-80.341962,76,NA
2025-12-18,2025,12,"Durham Armory","Durham",36.0329550008979,-78.904037,60.5,NA
2025-12-18,2025,12,"Garinger High School","Mecklenburg",35.2401000008895,-80.785683,52,26
2025-12-18,2025,12,"Hattie Avenue","Forsyth",36.11094,-80.224501,69.5,NA
2025-12-18,2025,12,"Leggett","Edgecombe",35.988278,-77.5843,54,NA
2025-12-18,2025,12,"Mendenhall School","Guilford",36.1090060008986,-79.802314,63,NA
2025-12-18,2025,12,"Millbrook School","Wake",35.856111,-78.574167,61,26
2025-12-18,2025,12,"Pitt Agri. Center","Pitt",35.6412760008938,-77.360126,53,NA
2025-12-18,2025,12,"West Johnston Co.","Johnston",35.59095,-78.4622,55,NA
2025-12-19,2025,12,"Bryson City","Swain",35.434767,-83.442133,10,NA
2025-12-19,2025,12,"Castle Hayne","New Hanover",34.364167,-77.838611,20,NA
2025-12-19,2025,12,"Clemmons Middle","Forsyth",36.026612,-80.341962,14,NA
2025-12-19,2025,12,"Durham Armory","Durham",36.0329550008979,-78.904037,11,NA
2025-12-19,2025,12,"Garinger High School","Mecklenburg",35.2401000008895,-80.785683,14,32
2025-12-19,2025,12,"Hattie Avenue","Forsyth",36.11094,-80.224501,14,NA
2025-12-19,2025,12,"Leggett","Edgecombe",35.988278,-77.5843,7,NA
2025-12-19,2025,12,"Mendenhall School","Guilford",36.1090060008986,-79.802314,7,NA
2025-12-19,2025,12,"Millbrook School","Wake",35.856111,-78.574167,14,35
2025-12-19,2025,12,"Pitt Agri. Center","Pitt",35.6412760008938,-77.360126,11,NA
2025-12-19,2025,12,"West Johnston Co.","Johnston",35.59095,-78.4622,7,NA
2025-12-20,2025,12,"Bryson City","Swain",35.434767,-83.442133,60,NA
2025-12-20,2025,12,"Castle Hayne","New Hanover",34.364167,-77.838611,29,NA
2025-12-20,2025,12,"Clemmons Middle","Forsyth",36.026612,-80.341962,27,NA
2025-12-20,2025,12,"Durham Armory","Durham",36.0329550008979,-78.904037,31,NA
2025-12-20,2025,12,"Garinger High School","Mecklenburg",35.2401000008895,-80.785683,27,33
2025-12-20,2025,12,"Hattie Avenue","Forsyth",36.11094,-80.224501,23,NA
2025-12-20,2025,12,"Leggett","Edgecombe",35.988278,-77.5843,23,NA
2025-12-20,2025,12,"Mendenhall School","Guilford",36.1090060008986,-79.802314,26,NA
2025-12-20,2025,12,"Millbrook School","Wake",35.856111,-78.574167,30,30
2025-12-20,2025,12,"Pitt Agri. Center","Pitt",35.6412760008938,-77.360126,21,NA
2025-12-20,2025,12,"West Johnston Co.","Johnston",35.59095,-78.4622,26,NA
2025-12-21,2025,12,"Bryson City","Swain",35.434767,-83.442133,64,NA
2025-12-21,2025,12,"Castle Hayne","New Hanover",34.364167,-77.838611,36.5,NA
2025-12-21,2025,12,"Clemmons Middle","Forsyth",36.026612,-80.341962,42,NA
2025-12-21,2025,12,"Durham Armory","Durham",36.0329550008979,-78.904037,29,NA
2025-12-21,2025,12,"Garinger High School","Mecklenburg",35.2401000008895,-80.785683,36.5,31
2025-12-21,2025,12,"Hattie Avenue","Forsyth",36.11094,-80.224501,31,NA
2025-12-21,2025,12,"Leggett","Edgecombe",35.988278,-77.5843,23,NA
2025-12-21,2025,12,"Mendenhall School","Guilford",36.1090060008986,-79.802314,34,NA
2025-12-21,2025,12,"Millbrook School","Wake",35.856111,-78.574167,31,33
2025-12-21,2025,12,"Pitt Agri. Center","Pitt",35.6412760008938,-77.360126,26,NA
2025-12-21,2025,12,"West Johnston Co.","Johnston",35.59095,-78.4622,30,NA
2025-12-22,2025,12,"Bryson City","Swain",35.434767,-83.442133,76,NA
2025-12-22,2025,12,"Castle Hayne","New Hanover",34.364167,-77.838611,23,NA
2025-12-22,2025,12,"Clemmons Middle","Forsyth",36.026612,-80.341962,27,NA
2025-12-22,2025,12,"Durham Armory","Durham",36.0329550008979,-78.904037,22.5,NA
2025-12-22,2025,12,"Garinger High School","Mecklenburg",35.2401000008895,-80.785683,23,34
2025-12-22,2025,12,"Hattie Avenue","Forsyth",36.11094,-80.224501,20,NA
2025-12-22,2025,12,"Leggett","Edgecombe",35.988278,-77.5843,19,NA
2025-12-22,2025,12,"Mendenhall School","Guilford",36.1090060008986,-79.802314,18,NA
2025-12-22,2025,12,"Millbrook School","Wake",35.856111,-78.574167,21,32
2025-12-22,2025,12,"Pitt Agri. Center","Pitt",35.6412760008938,-77.360126,18,NA
2025-12-22,2025,12,"West Johnston Co.","Johnston",35.59095,-78.4622,21,NA
2025-12-23,2025,12,"Bryson City","Swain",35.434767,-83.442133,71,NA
2025-12-23,2025,12,"Castle Hayne","New Hanover",34.364167,-77.838611,36,NA
2025-12-23,2025,12,"Clemmons Middle","Forsyth",36.026612,-80.341962,39,NA
2025-12-23,2025,12,"Durham Armory","Durham",36.0329550008979,-78.904037,45,NA
2025-12-23,2025,12,"Garinger High School","Mecklenburg",35.2401000008895,-80.785683,33,37
2025-12-23,2025,12,"Hattie Avenue","Forsyth",36.11094,-80.224501,37,NA
2025-12-23,2025,12,"Leggett","Edgecombe",35.988278,-77.5843,33,NA
2025-12-23,2025,12,"Mendenhall School","Guilford",36.1090060008986,-79.802314,37,NA
2025-12-23,2025,12,"Millbrook School","Wake",35.856111,-78.574167,36,31
2025-12-23,2025,12,"Pitt Agri. Center","Pitt",35.6412760008938,-77.360126,31,NA
2025-12-23,2025,12,"West Johnston Co.","Johnston",35.59095,-78.4622,50,NA
2025-12-24,2025,12,"Bryson City","Swain",35.434767,-83.442133,68,NA
2025-12-24,2025,12,"Castle Hayne","New Hanover",34.364167,-77.838611,53,NA
2025-12-24,2025,12,"Clemmons Middle","Forsyth",36.026612,-80.341962,55,NA
2025-12-24,2025,12,"Durham Armory","Durham",36.0329550008979,-78.904037,56,NA
2025-12-24,2025,12,"Garinger High School","Mecklenburg",35.2401000008895,-80.785683,59,30
2025-12-24,2025,12,"Hattie Avenue","Forsyth",36.11094,-80.224501,52.5,NA
2025-12-24,2025,12,"Leggett","Edgecombe",35.988278,-77.5843,39,NA
2025-12-24,2025,12,"Mendenhall School","Guilford",36.1090060008986,-79.802314,56,NA
2025-12-24,2025,12,"Millbrook School","Wake",35.856111,-78.574167,46.5,33
2025-12-24,2025,12,"Pitt Agri. Center","Pitt",35.6412760008938,-77.360126,36,NA
2025-12-24,2025,12,"West Johnston Co.","Johnston",35.59095,-78.4622,41,NA
2025-12-25,2025,12,"Bryson City","Swain",35.434767,-83.442133,52,NA
2025-12-25,2025,12,"Castle Hayne","New Hanover",34.364167,-77.838611,40.5,NA
2025-12-25,2025,12,"Clemmons Middle","Forsyth",36.026612,-80.341962,55,NA
2025-12-25,2025,12,"Durham Armory","Durham",36.0329550008979,-78.904037,61.5,NA
2025-12-25,2025,12,"Garinger High School","Mecklenburg",35.2401000008895,-80.785683,54,30
2025-12-25,2025,12,"Hattie Avenue","Forsyth",36.11094,-80.224501,54,NA
2025-12-25,2025,12,"Leggett","Edgecombe",35.988278,-77.5843,38,NA
2025-12-25,2025,12,"Mendenhall School","Guilford",36.1090060008986,-79.802314,63,NA
2025-12-25,2025,12,"Millbrook School","Wake",35.856111,-78.574167,58,26
2025-12-25,2025,12,"Pitt Agri. Center","Pitt",35.6412760008938,-77.360126,52,NA
2025-12-25,2025,12,"West Johnston Co.","Johnston",35.59095,-78.4622,55,NA
2025-12-26,2025,12,"Bryson City","Swain",35.434767,-83.442133,41,NA
2025-12-26,2025,12,"Castle Hayne","New Hanover",34.364167,-77.838611,41.5,NA
2025-12-26,2025,12,"Clemmons Middle","Forsyth",36.026612,-80.341962,45,NA
2025-12-26,2025,12,"Durham Armory","Durham",36.0329550008979,-78.904037,31.5,NA
2025-12-26,2025,12,"Garinger High School","Mecklenburg",35.2401000008895,-80.785683,54,24
2025-12-26,2025,12,"Hattie Avenue","Forsyth",36.11094,-80.224501,43,NA
2025-12-26,2025,12,"Leggett","Edgecombe",35.988278,-77.5843,22,NA
2025-12-26,2025,12,"Mendenhall School","Guilford",36.1090060008986,-79.802314,35,NA
2025-12-26,2025,12,"Millbrook School","Wake",35.856111,-78.574167,38,30
2025-12-26,2025,12,"Pitt Agri. Center","Pitt",35.6412760008938,-77.360126,25,NA
2025-12-26,2025,12,"West Johnston Co.","Johnston",35.59095,-78.4622,34,NA
2025-12-27,2025,12,"Bryson City","Swain",35.434767,-83.442133,39,NA
2025-12-27,2025,12,"Castle Hayne","New Hanover",34.364167,-77.838611,52.5,NA
2025-12-27,2025,12,"Clemmons Middle","Forsyth",36.026612,-80.341962,51,NA
2025-12-27,2025,12,"Durham Armory","Durham",36.0329550008979,-78.904037,45.5,NA
2025-12-27,2025,12,"Garinger High School","Mecklenburg",35.2401000008895,-80.785683,57.5,27
2025-12-27,2025,12,"Hattie Avenue","Forsyth",36.11094,-80.224501,50,NA
2025-12-27,2025,12,"Leggett","Edgecombe",35.988278,-77.5843,28,NA
2025-12-27,2025,12,"Mendenhall School","Guilford",36.1090060008986,-79.802314,51,NA
2025-12-27,2025,12,"Millbrook School","Wake",35.856111,-78.574167,51.5,24
2025-12-27,2025,12,"Pitt Agri. Center","Pitt",35.6412760008938,-77.360126,30,NA
2025-12-27,2025,12,"West Johnston Co.","Johnston",35.59095,-78.4622,41,NA
2025-12-28,2025,12,"Bryson City","Swain",35.434767,-83.442133,56,NA
2025-12-28,2025,12,"Castle Hayne","New Hanover",34.364167,-77.838611,27.5,NA
2025-12-28,2025,12,"Clemmons Middle","Forsyth",36.026612,-80.341962,37,NA
2025-12-28,2025,12,"Durham Armory","Durham",36.0329550008979,-78.904037,27,NA
2025-12-28,2025,12,"Garinger High School","Mecklenburg",35.2401000008895,-80.785683,45,17
2025-12-28,2025,12,"Hattie Avenue","Forsyth",36.11094,-80.224501,39,NA
2025-12-28,2025,12,"Leggett","Edgecombe",35.988278,-77.5843,35,NA
2025-12-28,2025,12,"Mendenhall School","Guilford",36.1090060008986,-79.802314,27,NA
2025-12-28,2025,12,"Millbrook School","Wake",35.856111,-78.574167,34,22
2025-12-28,2025,12,"Pitt Agri. Center","Pitt",35.6412760008938,-77.360126,31,NA
2025-12-28,2025,12,"West Johnston Co.","Johnston",35.59095,-78.4622,34,NA
2025-12-29,2025,12,"Bryson City","Swain",35.434767,-83.442133,12,NA
2025-12-29,2025,12,"Castle Hayne","New Hanover",34.364167,-77.838611,32,NA
2025-12-29,2025,12,"Clemmons Middle","Forsyth",36.026612,-80.341962,27,NA
2025-12-29,2025,12,"Durham Armory","Durham",36.0329550008979,-78.904037,27.5,NA
2025-12-29,2025,12,"Garinger High School","Mecklenburg",35.2401000008895,-80.785683,24,30
2025-12-29,2025,12,"Hattie Avenue","Forsyth",36.11094,-80.224501,26,NA
2025-12-29,2025,12,"Leggett","Edgecombe",35.988278,-77.5843,27,NA
2025-12-29,2025,12,"Mendenhall School","Guilford",36.1090060008986,-79.802314,20,NA
2025-12-29,2025,12,"Millbrook School","Wake",35.856111,-78.574167,32,30
2025-12-29,2025,12,"Pitt Agri. Center","Pitt",35.6412760008938,-77.360126,69,NA
2025-12-29,2025,12,"West Johnston Co.","Johnston",35.59095,-78.4622,21,NA
2025-12-30,2025,12,"Bryson City","Swain",35.434767,-83.442133,12,NA
2025-12-30,2025,12,"Castle Hayne","New Hanover",34.364167,-77.838611,30,NA
2025-12-30,2025,12,"Clemmons Middle","Forsyth",36.026612,-80.341962,20,NA
2025-12-30,2025,12,"Durham Armory","Durham",36.0329550008979,-78.904037,15.5,NA
2025-12-30,2025,12,"Garinger High School","Mecklenburg",35.2401000008895,-80.785683,17.5,27
2025-12-30,2025,12,"Hattie Avenue","Forsyth",36.11094,-80.224501,18.5,NA
2025-12-30,2025,12,"Leggett","Edgecombe",35.988278,-77.5843,16,NA
2025-12-30,2025,12,"Mendenhall School","Guilford",36.1090060008986,-79.802314,18,NA
2025-12-30,2025,12,"Millbrook School","Wake",35.856111,-78.574167,17.5,27
2025-12-30,2025,12,"Pitt Agri. Center","Pitt",35.6412760008938,-77.360126,11,NA
2025-12-30,2025,12,"West Johnston Co.","Johnston",35.59095,-78.4622,21,NA
2025-12-31,2025,12,"Bryson City","Swain",35.434767,-83.442133,22,NA
2025-12-31,2025,12,"Castle Hayne","New Hanover",34.364167,-77.838611,35,NA
2025-12-31,2025,12,"Clemmons Middle","Forsyth",36.026612,-80.341962,17,NA
2025-12-31,2025,12,"Durham Armory","Durham",36.0329550008979,-78.904037,30.5,NA
2025-12-31,2025,12,"Garinger High School","Mecklenburg",35.2401000008895,-80.785683,31,34
2025-12-31,2025,12,"Hattie Avenue","Forsyth",36.11094,-80.224501,18,NA
2025-12-31,2025,12,"Leggett","Edgecombe",35.988278,-77.5843,22,NA
2025-12-31,2025,12,"Mendenhall School","Guilford",36.1090060008986,-79.802314,18,NA
2025-12-31,2025,12,"Millbrook School","Wake",35.856111,-78.574167,24,32
2025-12-31,2025,12,"Pitt Agri. Center","Pitt",35.6412760008938,-77.360126,23,NA
2025-12-31,2025,12,"West Johnston Co.","Johnston",35.59095,-78.4622,25,NA
